Multiple size <= 100
TEST 1 ARG:14 90 65 76 1 11 38 30 3 71 85 99 58 73 49 80 78 28 33 45 43 69 37 72 10 13 18 7 59 4 47 42 27 36 87 5 56 68 70 93 31 62 53 50 92 77 41 21 98 84 79 57 96 52 26 95 66 12 44 83 15 32 88 8 19 86 2 9 91 24 63 39 46 81 54 35 51 23 94 48 17 34 64 61 75 20 6 29 40 22 16 25 60 55 67 89 97 0 74 82 
TEST 2 ARG:83 41 82 3 35 11 22 51 69 9 26 40 13 58 85 71 24 2 57 90 67 0 49 38 88 15 27 34 75 19 28 94 98 47 21 16 39 93 84 61 33 95 43 87 73 36 12 42 66 30 29 37 4 10 97 32 76 6 96 1 62 55 52 45 60 5 56 64 50 79 70 44 18 46 86 92 48 17 7 63 68 77 99 53 91 81 31 78 54 80 14 59 89 25 72 23 20 65 8 74 
TEST 3 ARG:92 56 83 4 76 41 90 96 38 89 51 63 77 2 52 79 65 19 33 81 50 34 94 72 23 70 9 18 30 75 47 80 27 7 95 71 43 44 67 13 53 15 60 97 61 25 35 59 69 55 84 64 86 58 37 24 46 99 98 3 6 14 62 57 11 26 73 36 68 42 8 82 0 5 17 21 93 16 45 91 66 1 12 85 87 78 48 32 39 88 49 29 31 40 20 74 28 54 10 22 
TEST 4 ARG:32 29 91 86 57 81 70 62 74 42 2 56 17 50 88 54 64 14 40 94 7 52 6 67 24 45 39 71 80 28 3 95 51 12 61 72 37 44 85 90 49 35 23 43 9 30 73 84 59 58 66 38 16 46 96 8 48 0 4 68 79 53 34 21 55 18 13 97 93 82 22 76 20 92 63 41 10 26 98 19 31 83 5 99 25 60 47 15 69 33 89 27 87 1 78 65 77 75 11 36 
TEST 5 ARG:70 33 86 17 20 15 66 44 14 95 56 60 29 32 21 62 91 50 31 3 88 59 84 0 98 79 25 78 71 57 64 37 7 73 92 42 4 67 36 16 65 58 82 68 97 38 1 28 47 80 74 26 94 34 2 55 27 72 39 63 53 61 76 96 83 52 24 48 93 22 41 40 23 10 69 11 13 35 99 49 87 5 51 46 45 18 77 89 85 9 19 30 54 8 6 90 43 75 12 81 
TEST 6 ARG:16 13 23 61 91 69 96 42 64 19 5 65 14 38 66 28 18 94 68 76 79 78 1 47 33 25 50 53 35 43 8 49 56 44 82 20 9 89 87 70 0 58 55 85 7 21 2 54 4 93 41 83 90 22 39 84 67 88 6 60 57 86 81 29 40 11 97 32 59 15 62 45 73 52 95 10 63 46 17 37 51 48 99 26 92 71 30 75 36 34 98 74 12 77 24 3 27 72 31 80 
TEST 7 ARG:98 46 71 8 83 88 18 16 23 30 65 1 92 42 38 24 6 74 58 61 33 11 93 32 44 67 48 72 22 20 53 94 87 99 59 80 70 34 21 7 40 27 86 77 29 4 76 43 85 60 28 96 9 89 15 97 51 37 64 81 2 26 25 13 35 56 3 63 55 39 90 45 14 68 10 57 66 84 36 31 54 12 95 49 41 5 50 79 47 91 73 82 75 17 69 52 62 19 0 78 
TEST 8 ARG:62 10 20 1 59 27 82 72 25 69 91 45 90 40 17 64 73 36 94 12 9 13 2 54 24 84 46 26 16 28 77 65 67 56 81 14 99 29 58 51 41 61 19 32 93 78 86 15 95 23 97 80 7 79 31 88 8 42 63 89 49 68 50 83 92 3 34 53 39 44 55 60 37 22 76 71 4 38 85 96 74 70 75 30 11 57 0 21 43 5 48 35 87 33 66 52 6 47 98 18 
TEST 9 ARG:57 32 42 7 4 30 69 28 81 47 82 89 53 52 2 79 62 87 97 99 68 18 90 70 67 34 66 38 73 6 80 92 84 65 91 27 72 48 49 95 22 9 14 39 75 35 31 20 17 64 71 36 15 12 5 19 26 96 56 54 1 59 11 23 55 8 85 83 63 78 46 77 33 88 43 16 10 58 41 3 61 45 76 74 29 37 93 51 24 94 0 40 25 86 13 98 60 44 21 50 
TEST 10 ARG:52 7 88 98 56 55 22 57 30 87 41 54 82 15 35 89 68 33 23 48 92 38 93 20 6 85 72 18 43 94 2 50 49 77 45 27 1 34 61 90 67 16 36 53 14 97 46 66 26 42 37 5 47 81 74 63 95 99 32 58 62 91 11 73 19 40 84 51 78 59 79 60 71 65 8 24 76 4 64 29 12 44 0 21 75 80 17 69 9 25 10 39 13 86 31 83 28 70 96 3 
TEST 11 ARG:76 21 15 84 51 67 18 43 34 82 99 47 23 26 65 2 35 72 27 25 53 9 93 6 3 16 20 83 56 94 66 8 44 97 33 28 88 1 64 5 54 63 4 30 17 41 57 45 73 74 61 79 81 31 36 86 95 19 62 32 22 96 0 46 91 78 58 24 7 89 48 60 12 85 55 40 38 90 80 75 13 92 68 50 98 29 37 71 70 69 77 39 49 14 52 87 10 42 11 59 
TEST 12 ARG:49 60 11 45 23 96 24 78 75 48 97 57 80 35 28 13 15 12 26 62 50 9 18 76 1 58 92 16 85 36 14 68 8 81 27 91 94 2 33 21 0 98 32 66 37 63 22 86 89 30 59 82 90 4 10 5 7 42 31 73 64 46 51 44 38 79 54 20 65 99 34 95 39 74 29 6 47 61 93 83 3 55 67 53 84 72 77 70 17 88 87 19 69 40 71 43 25 56 52 41 
TEST 13 ARG:14 41 46 31 61 12 49 6 13 64 17 79 25 91 42 88 40 38 28 85 98 16 89 71 21 65 10 56 20 84 15 37 83 48 5 96 8 58 32 43 77 1 2 26 97 9 7 24 69 94 19 11 57 99 95 55 54 87 92 78 76 67 34 75 90 50 59 63 51 72 33 74 3 30 81 47 36 4 70 45 82 80 23 18 53 29 39 0 22 44 52 86 60 73 66 68 27 35 62 93 
TEST 14 ARG:30 40 4 98 23 49 28 27 12 54 34 70 94 21 66 24 29 18 11 15 86 13 5 67 60 50 8 91 85 6 99 83 43 75 44 3 31 79 17 92 52 10 97 76 45 1 19 14 80 61 53 68 37 63 7 77 56 41 89 0 78 33 90 69 42 9 72 38 55 74 25 48 16 26 59 95 39 57 46 81 36 84 64 87 22 88 20 93 32 82 73 51 96 35 62 2 58 65 71 47 
TEST 15 ARG:52 18 56 14 17 32 96 10 93 65 54 74 84 42 31 82 35 72 23 8 36 81 68 90 94 50 0 60 73 87 80 41 2 91 4 26 34 12 39 83 3 13 57 71 6 97 99 75 63 25 1 9 48 28 55 47 69 16 40 24 43 20 33 15 95 70 64 98 76 11 38 85 79 37 46 44 59 22 66 29 30 62 49 77 21 89 58 88 61 78 19 7 45 86 92 53 67 5 27 51 
TEST 16 ARG:2 63 19 20 65 50 34 23 90 64 77 79 13 72 0 54 44 85 49 96 62 25 94 99 37 5 36 6 53 16 70 18 86 93 59 92 58 1 87 24 22 28 41 61 4 56 52 67 71 33 29 98 32 51 45 95 68 35 57 7 10 74 17 9 89 40 42 76 15 11 39 14 26 55 80 47 38 43 75 81 48 21 82 83 12 66 46 8 3 30 60 88 27 84 78 31 73 69 97 91 
TEST 17 ARG:58 78 9 94 25 8 73 6 11 3 2 34 57 49 76 56 19 54 32 1 67 17 27 4 38 55 75 46 30 10 36 99 77 64 82 83 14 97 63 50 93 45 90 33 20 62 80 98 37 60 15 41 12 95 18 79 24 53 40 89 92 59 69 28 65 96 23 68 31 91 44 13 81 7 29 35 39 26 47 0 74 5 48 72 21 86 66 85 51 88 70 84 42 22 43 52 71 61 87 16 
TEST 18 ARG:87 29 15 97 5 66 94 77 41 96 6 25 47 90 23 35 27 28 89 34 56 13 91 60 16 58 30 46 2 48 57 68 39 0 72 55 79 44 95 71 61 92 51 37 85 52 31 63 78 98 22 17 83 76 50 8 9 53 38 84 43 19 54 42 11 3 93 65 1 45 73 49 36 4 18 99 62 26 70 81 20 82 10 74 24 32 86 7 40 64 75 88 21 80 59 14 67 69 33 12 
TEST 19 ARG:11 16 98 30 96 46 78 73 92 52 12 89 80 42 2 65 70 60 23 38 68 64 3 50 81 97 91 8 40 61 74 87 21 27 79 53 82 41 31 4 43 72 56 18 14 94 32 6 62 0 48 57 51 77 99 55 71 26 54 93 45 63 44 86 24 85 22 17 59 20 29 90 13 58 84 19 1 66 36 49 9 34 33 5 69 7 37 76 47 35 95 10 25 88 67 15 39 75 28 83 
TEST 20 ARG:48 3 10 45 67 34 44 85 4 46 15 60 94 98 31 33 14 86 32 24 62 92 51 5 89 11 2 53 56 35 41 16 93 90 52 13 49 80 54 28 84 75 37 19 9 29 71 64 72 96 6 66 55 40 69 30 0 57 78 61 26 73 68 97 36 7 74 18 87 1 79 47 8 42 83 76 50 88 58 23 12 81 39 70 20 63 65 27 99 95 21 25 77 22 38 91 43 17 59 82 
TEST 21 ARG:74 88 19 61 55 22 37 36 18 91 50 73 65 20 6 9 90 34 1 95 84 64 17 11 60 4 15 23 71 62 25 99 46 30 14 57 69 49 87 59 96 8 78 3 70 97 89 68 63 29 21 42 28 27 56 58 12 48 47 35 40 94 33 86 0 92 85 79 10 53 45 16 2 13 83 72 38 67 7 31 26 39 5 51 32 80 75 44 54 52 66 24 98 41 43 77 81 93 82 76 
TEST 22 ARG:29 9 0 87 81 53 42 61 88 99 22 5 85 59 90 38 83 60 47 33 24 57 12 78 58 30 54 8 80 37 27 70 41 77 92 14 48 45 97 96 35 63 69 51 66 67 3 34 71 50 82 19 73 25 98 65 6 1 91 4 15 32 55 64 26 52 89 7 56 93 74 20 39 21 62 49 86 40 79 2 46 68 36 75 18 84 11 44 16 17 23 72 10 28 94 31 76 13 43 95 
TEST 23 ARG:49 16 86 1 11 3 21 95 32 77 5 37 56 64 59 8 2 43 4 6 53 40 94 71 20 65 47 25 54 76 27 57 41 33 19 52 48 79 36 26 42 14 89 60 98 85 13 46 9 38 12 67 84 61 7 82 30 10 66 15 99 50 72 51 29 93 70 55 91 90 68 45 58 44 81 23 28 63 73 35 22 18 24 87 74 75 39 34 96 31 88 17 92 80 62 97 0 78 69 83 
TEST 24 ARG:41 42 46 74 26 18 52 14 19 35 77 78 90 79 75 27 76 20 59 33 83 3 32 96 5 17 99 93 40 1 57 63 23 89 31 95 0 60 62 47 43 24 55 88 50 30 68 29 66 51 84 98 6 85 86 10 67 39 44 4 37 53 7 12 72 2 64 73 34 21 80 8 87 56 61 58 91 45 97 22 71 70 82 13 81 25 15 65 16 69 28 38 94 11 36 49 92 9 54 48 
TEST 25 ARG:92 20 19 39 24 81 0 3 78 26 77 82 46 89 88 99 50 1 75 95 83 21 85 86 12 35 13 15 18 52 23 94 61 8 14 68 29 6 66 5 38 9 27 59 32 60 2 56 62 57 31 4 91 72 11 25 73 33 97 76 22 80 67 7 48 55 84 43 51 10 34 63 17 98 36 58 96 79 37 53 30 42 93 70 44 65 54 69 74 49 47 90 28 16 41 71 87 45 40 64 
TEST 26 ARG:64 83 31 50 13 47 81 16 78 86 84 96 41 82 88 30 34 63 39 4 71 52 65 93 43 90 62 67 6 91 3 61 92 11 99 46 10 40 80 70 73 95 8 55 87 35 20 25 98 45 24 49 37 79 85 9 19 77 17 38 58 76 53 5 27 32 36 12 74 54 75 89 48 69 18 57 97 22 60 7 21 94 56 42 23 59 33 0 2 68 15 44 14 26 1 29 72 51 66 28 
TEST 27 ARG:96 83 82 53 49 67 86 41 91 87 73 5 8 13 48 68 63 7 74 20 56 61 34 43 18 46 59 40 54 57 6 3 14 71 36 72 31 58 25 77 81 95 26 24 19 21 9 97 93 90 45 12 88 66 2 79 15 99 76 75 27 80 89 16 65 92 50 38 51 0 39 78 69 33 85 55 23 29 30 44 62 52 94 70 42 60 84 22 47 11 1 37 17 28 35 64 4 10 32 98 
TEST 28 ARG:10 96 97 79 69 47 5 50 1 26 33 77 3 8 39 30 4 25 70 92 65 20 28 74 37 31 46 49 83 27 19 60 24 99 87 51 85 61 52 76 17 2 94 48 11 18 34 71 16 14 41 9 54 59 82 43 66 63 80 0 84 86 12 29 23 58 98 81 6 89 67 64 13 91 73 72 78 15 57 36 35 32 68 53 7 88 21 44 90 45 62 38 95 40 22 55 75 42 56 93 
TEST 29 ARG:42 47 36 33 61 71 0 23 94 41 22 69 84 39 57 7 64 96 2 68 77 74 97 93 9 18 43 92 17 99 60 50 98 32 49 8 26 87 14 86 45 90 20 52 83 19 85 5 6 24 53 11 76 37 95 48 55 79 15 44 66 16 65 75 80 40 67 1 12 3 54 82 35 30 21 63 73 72 59 81 10 91 62 28 31 13 29 89 34 70 46 25 88 4 58 78 51 56 38 27 
TEST 30 ARG:16 83 71 70 53 96 12 15 22 79 94 41 21 38 32 98 80 24 62 90 34 52 30 54 13 47 61 64 81 2 46 48 68 77 17 85 27 50 86 51 95 78 35 23 31 49 5 69 84 57 99 60 0 92 45 36 87 93 66 58 74 97 19 55 59 91 18 67 63 11 4 25 44 89 40 6 75 88 28 8 9 7 33 56 20 14 29 73 39 26 43 72 65 3 10 1 37 42 76 82 
TEST 31 ARG:89 6 83 10 94 47 12 72 14 66 53 92 35 67 84 62 55 13 74 21 49 75 34 93 71 63 78 36 3 65 59 61 17 58 4 43 19 64 46 5 90 42 56 29 99 60 82 69 98 70 16 85 7 88 48 20 95 8 68 97 27 33 0 91 51 26 37 50 76 39 32 15 25 11 23 28 18 41 52 81 54 30 1 45 40 77 87 24 31 44 79 86 22 80 2 57 9 96 38 73 
TEST 32 ARG:99 98 39 92 16 31 49 84 56 11 58 64 89 36 30 54 40 28 22 32 42 47 19 96 33 71 12 90 37 7 26 79 57 53 50 63 34 9 3 91 1 41 66 61 95 77 59 17 20 0 55 62 69 83 18 78 48 68 97 25 35 4 8 67 29 87 75 86 14 82 72 85 21 38 94 52 43 15 65 70 80 81 44 10 2 51 24 23 6 76 73 27 13 74 88 5 60 46 45 93 
TEST 33 ARG:85 80 44 2 20 58 43 67 95 63 71 70 37 35 33 40 36 23 7 48 77 16 39 51 26 61 79 1 14 91 66 93 34 87 65 59 82 13 57 22 12 64 3 90 31 56 75 54 45 50 89 60 52 78 30 38 18 62 28 32 4 55 99 86 74 9 84 97 11 47 6 10 76 53 5 72 69 46 15 0 98 21 73 17 24 25 96 83 49 92 94 41 42 68 27 29 81 19 88 8 
TEST 34 ARG:27 8 76 5 26 68 53 61 42 21 49 63 82 96 64 65 22 99 83 52 70 71 95 75 86 39 92 90 4 46 38 3 25 89 28 20 56 69 30 91 97 54 98 16 9 43 80 62 29 60 88 10 77 47 6 35 37 85 15 41 33 55 57 78 31 58 2 12 66 32 24 67 48 19 36 13 74 44 81 18 72 73 23 7 17 0 14 79 50 94 1 93 11 45 87 51 40 84 59 34 
TEST 35 ARG:64 3 7 1 73 30 66 0 90 8 81 42 65 12 76 83 77 39 40 16 92 72 37 91 32 25 14 47 56 13 44 68 48 23 2 19 98 58 5 29 38 28 26 62 75 95 31 51 67 80 53 50 88 79 93 54 59 78 97 89 82 94 46 43 61 27 99 20 69 57 15 36 6 60 34 35 4 52 9 55 49 70 22 17 96 87 41 10 18 21 86 74 11 24 33 45 71 85 84 63 
TEST 36 ARG:87 24 54 4 62 64 88 92 96 71 46 84 27 10 56 40 80 47 6 33 1 45 76 15 79 19 23 30 12 90 73 3 8 93 53 32 77 55 37 82 41 91 7 20 57 5 35 66 70 75 43 44 74 39 78 49 59 14 67 51 34 26 18 89 48 58 29 11 28 38 98 42 86 2 97 85 72 61 99 31 69 52 25 50 65 16 22 0 13 21 36 95 94 60 83 17 9 81 63 68 
TEST 37 ARG:11 74 35 85 29 93 90 98 79 10 40 37 84 20 77 27 51 81 92 48 19 44 73 62 5 9 72 38 36 39 58 1 7 25 96 52 54 49 59 3 53 63 46 0 56 61 18 99 17 34 71 41 6 26 22 91 76 42 28 60 78 82 8 94 21 65 47 13 67 87 15 55 33 64 4 45 89 69 86 43 68 2 31 14 23 50 12 75 88 57 70 80 32 83 66 97 30 16 95 24 
TEST 38 ARG:67 54 22 53 19 3 29 55 16 51 42 90 41 94 26 33 21 69 0 44 91 31 60 24 34 84 27 61 2 37 47 9 58 95 97 59 30 23 10 14 46 74 79 13 82 11 1 77 56 93 18 78 71 6 49 64 38 4 85 8 5 92 83 48 12 32 52 7 35 98 80 99 88 86 72 89 68 28 87 63 43 73 81 76 75 57 17 40 36 15 39 25 66 65 45 62 96 20 50 70 
TEST 39 ARG:36 13 22 3 17 27 72 16 21 59 18 44 48 45 93 6 99 75 88 37 14 15 33 7 79 38 55 74 86 58 19 26 46 71 57 63 5 84 67 0 65 42 9 53 47 28 35 51 64 68 81 97 98 40 80 60 66 73 30 96 70 50 12 43 62 39 1 56 82 54 32 29 89 61 49 92 83 78 34 52 95 91 31 20 41 10 90 85 76 24 94 87 8 23 4 2 11 69 77 25 
TEST 40 ARG:67 27 98 65 90 61 93 19 8 2 18 43 71 99 33 97 53 7 44 62 36 31 94 0 45 10 55 22 59 13 16 77 40 3 70 64 75 41 80 52 73 95 34 72 32 28 49 5 20 68 79 76 38 92 9 17 89 54 39 74 66 37 78 25 83 46 14 29 35 56 30 48 82 84 26 88 50 51 12 81 60 42 87 58 86 24 23 91 15 4 47 57 6 63 1 11 85 96 21 69 
TEST 41 ARG:36 75 74 32 0 53 20 61 84 37 99 40 56 28 15 13 95 77 35 80 85 34 42 65 1 94 23 83 41 6 96 27 16 69 82 63 14 29 81 4 66 17 3 62 57 25 97 47 38 24 8 49 9 44 10 18 78 11 92 67 26 70 59 7 30 5 33 50 39 91 68 73 88 43 86 72 2 54 87 55 12 71 51 79 93 46 52 48 90 31 21 98 45 22 19 64 60 58 89 76 
TEST 42 ARG:61 42 31 14 4 55 64 29 79 96 93 11 22 39 82 44 13 65 67 84 60 89 58 76 91 69 98 41 3 36 86 56 83 99 30 34 50 62 97 17 49 24 87 33 0 46 18 92 16 1 27 95 25 10 72 74 85 12 45 9 35 28 47 53 66 40 8 81 63 78 20 73 5 57 70 94 51 75 32 6 77 88 52 38 7 19 37 21 23 71 15 43 54 90 68 26 48 2 80 59 
TEST 43 ARG:79 86 0 30 42 7 53 78 56 4 90 44 23 93 13 65 48 25 3 32 99 81 88 62 96 19 75 95 37 47 41 24 39 6 17 83 1 61 21 70 11 51 57 35 58 26 18 8 33 84 67 89 68 9 49 27 59 69 74 98 54 85 55 16 50 71 64 97 82 60 36 45 91 46 20 92 29 34 73 43 77 94 22 40 12 52 5 87 31 63 2 76 10 15 28 38 80 66 72 14 
TEST 44 ARG:13 0 39 10 85 49 42 79 3 40 26 86 91 87 2 62 82 68 97 16 6 37 12 73 20 99 59 74 22 64 66 14 75 90 60 83 1 17 7 53 25 51 58 81 52 28 72 89 71 94 43 35 45 57 8 63 27 19 76 96 34 46 61 32 48 5 92 38 23 80 44 84 24 69 98 33 54 65 31 41 4 88 21 78 55 15 18 29 93 56 77 30 9 70 95 36 47 11 50 67 
TEST 45 ARG:57 75 35 90 71 24 32 98 65 68 58 73 31 12 63 56 39 8 26 93 34 83 6 77 67 81 51 74 64 20 69 9 88 84 96 53 85 72 70 47 82 7 80 78 95 18 41 22 11 48 30 33 66 86 2 91 27 89 62 50 99 76 59 1 23 4 52 54 46 55 43 44 0 97 37 40 15 87 17 19 49 38 61 21 13 79 10 45 5 14 16 25 29 42 92 28 36 60 94 3 
TEST 46 ARG:88 74 11 40 43 73 80 9 77 93 52 31 65 33 91 15 45 66 41 75 25 57 67 13 30 20 36 34 84 5 46 8 59 79 42 38 37 19 26 64 4 82 83 86 2 81 72 95 51 89 85 18 7 63 27 55 99 71 98 60 76 17 49 10 47 56 90 6 94 58 29 39 96 92 0 23 97 14 21 61 12 32 54 24 69 1 53 70 50 87 48 28 68 3 16 22 35 62 44 78 
TEST 47 ARG:54 76 2 79 49 85 73 6 80 27 31 26 50 29 32 13 35 74 87 22 53 93 47 42 81 16 3 17 90 64 43 83 58 21 34 1 55 4 62 92 33 88 98 69 40 75 52 71 11 15 0 39 95 9 51 18 10 61 56 86 77 8 14 66 28 41 94 78 70 82 72 97 65 59 91 57 30 46 37 67 7 63 84 45 38 24 44 5 20 48 99 25 96 60 36 23 68 12 89 19 
TEST 48 ARG:27 55 36 33 9 95 57 56 67 40 58 44 94 79 97 12 2 18 47 7 28 11 37 65 66 41 54 46 98 62 39 75 76 10 24 19 31 14 71 59 13 21 90 74 93 70 50 80 32 85 83 5 53 6 35 29 86 17 4 43 0 23 34 96 15 99 84 48 91 88 60 52 92 22 87 73 81 72 3 51 64 89 38 16 42 30 25 82 63 8 68 61 77 1 45 69 49 78 20 26 
TEST 49 ARG:25 24 20 19 99 9 34 75 83 73 94 33 41 46 59 8 64 96 55 28 10 70 93 2 13 52 40 16 88 44 61 89 14 32 47 50 51 38 5 63 12 1 37 7 68 27 60 4 58 78 3 74 69 54 17 21 31 15 0 66 62 86 98 90 79 92 29 45 49 67 22 84 56 95 42 36 11 65 87 39 26 71 18 85 43 23 57 77 6 80 48 30 72 53 76 35 82 91 81 97 
TEST 50 ARG:57 20 94 11 22 98 27 55 59 87 89 29 71 91 79 50 25 46 73 14 90 19 10 86 78 81 67 61 64 49 41 3 8 15 43 44 85 21 1 53 6 0 48 51 70 80 39 76 31 24 75 38 88 23 33 95 26 9 54 45 34 40 66 5 84 72 47 12 16 92 42 74 37 68 96 82 56 28 13 35 32 69 4 62 7 2 93 30 36 65 52 77 63 58 60 83 17 18 97 99 
TEST 51 ARG:55 20 36 47 10 46 13 58 21 34 81 23 78 30 68 18 79 2 44 31 40 80 49 39 74 53 85 60 90 14 15 25 87 93 99 59 12 24 0 63 57 95 1 6 29 65 5 88 77 48 94 86 17 45 92 26 73 83 75 89 8 84 51 4 9 37 42 62 69 50 76 35 96 72 98 22 11 32 71 66 3 91 28 82 7 67 97 43 19 27 38 16 52 33 61 64 56 70 54 41 
TEST 52 ARG:36 63 77 49 32 13 34 0 17 71 39 74 83 35 45 29 42 11 79 70 68 82 75 78 3 62 99 86 84 60 5 43 33 56 95 76 41 53 31 14 12 54 7 24 19 40 22 90 25 91 47 9 65 80 2 93 73 52 81 96 37 4 27 58 69 15 66 21 55 87 1 59 26 38 94 89 44 51 67 46 85 28 61 6 98 16 64 30 18 72 23 48 20 92 57 97 88 10 8 50 
TEST 53 ARG:99 32 64 0 23 35 65 8 90 59 60 28 92 51 73 21 69 91 16 1 63 94 96 43 10 9 30 26 22 81 83 87 50 19 67 13 52 2 82 14 53 78 48 42 68 75 12 93 38 70 37 24 76 97 36 85 71 11 55 54 88 79 40 20 44 47 80 5 4 39 95 57 45 17 58 33 27 86 3 66 77 56 25 34 15 6 61 72 18 62 46 84 7 41 31 74 29 98 89 49 
TEST 54 ARG:53 44 72 77 73 12 91 90 42 16 31 58 85 17 11 15 75 29 60 40 79 38 19 49 86 2 39 84 71 25 54 18 22 4 24 88 36 48 35 96 37 3 66 65 94 10 8 55 14 28 68 97 21 67 80 78 61 32 99 45 59 52 51 74 70 26 6 69 47 92 5 30 0 34 41 95 62 27 23 1 64 43 33 7 46 93 50 13 98 81 82 63 57 20 83 9 87 56 89 76 
TEST 55 ARG:60 6 1 77 30 26 89 70 96 27 63 25 31 76 0 14 85 12 67 69 93 56 66 28 71 35 13 17 49 22 62 16 58 4 51 80 57 81 74 42 33 24 5 86 40 23 48 29 78 53 10 83 82 87 7 11 45 90 41 38 2 46 64 73 88 32 43 20 79 94 59 72 50 3 92 21 68 19 55 15 34 61 36 84 18 52 9 98 47 39 44 99 37 95 91 8 54 75 97 65 
TEST 56 ARG:41 43 42 84 63 49 82 32 93 30 86 6 5 47 18 56 91 25 95 92 85 16 97 88 89 65 8 44 28 37 22 39 99 17 75 50 0 61 35 67 70 77 74 90 51 13 60 29 1 20 11 48 87 14 62 31 21 76 71 45 66 78 83 4 2 52 40 80 46 3 53 72 79 68 27 34 64 55 81 96 59 7 9 38 33 12 19 98 69 26 94 36 73 15 57 58 24 23 10 54 
TEST 57 ARG:57 61 98 18 11 6 87 56 17 19 89 92 60 9 27 40 53 15 48 47 14 7 79 20 5 59 90 10 39 50 38 70 88 66 85 43 75 78 72 22 65 83 81 34 21 95 8 54 82 12 96 68 76 64 77 97 32 58 49 67 93 94 2 13 44 25 0 99 69 86 29 33 28 42 73 62 1 36 45 24 52 41 30 16 63 31 46 71 91 84 23 26 3 80 55 4 74 51 35 37 
TEST 58 ARG:34 67 62 37 68 60 32 16 7 70 42 91 38 43 99 8 50 9 83 45 64 61 39 11 98 65 10 12 96 89 72 79 53 35 87 33 78 36 48 14 25 26 54 19 49 75 80 71 24 76 44 97 40 90 81 28 21 15 52 17 88 51 59 0 95 46 84 4 22 73 2 66 23 30 57 82 27 31 92 94 85 41 5 69 20 86 56 58 93 3 18 1 63 74 77 6 29 47 13 55 
TEST 59 ARG:70 85 12 36 37 90 11 79 95 67 17 26 42 48 64 39 15 32 96 23 53 29 80 68 99 16 62 6 57 91 71 33 77 43 66 72 31 3 24 82 78 22 58 84 52 60 19 34 47 30 14 35 92 74 18 86 50 9 81 7 54 46 61 63 97 4 1 38 40 41 94 8 69 45 73 93 56 59 49 2 5 20 65 83 28 21 87 44 13 0 27 51 55 89 10 75 25 98 88 76 
TEST 60 ARG:94 96 49 61 70 54 88 29 62 85 59 26 6 57 82 11 47 12 34 13 66 40 63 48 0 69 38 87 23 14 1 92 75 73 79 4 76 25 86 78 5 91 90 83 67 17 64 95 71 98 22 9 89 93 19 65 32 77 43 15 30 81 74 84 28 58 21 31 55 97 68 41 60 51 42 52 72 45 18 27 16 33 99 8 35 50 24 37 7 80 46 36 56 2 3 10 53 39 44 20 
TEST 61 ARG:68 38 98 63 3 97 10 19 74 49 90 46 26 42 37 85 29 95 6 56 0 25 48 55 16 20 4 79 76 50 47 45 65 8 32 71 82 30 91 61 39 92 83 7 17 94 51 66 62 81 43 31 99 87 34 72 2 12 78 41 58 84 14 11 27 96 54 13 9 1 40 24 5 53 88 35 44 21 23 59 70 93 22 28 75 67 52 69 18 60 80 89 86 73 36 64 77 15 57 33 
TEST 62 ARG:36 78 62 18 80 75 73 90 70 3 85 55 15 29 83 4 60 79 72 10 35 63 77 81 87 52 45 0 74 33 86 27 28 50 97 16 68 40 88 22 69 49 11 93 58 19 43 48 89 84 32 44 95 67 6 94 9 39 31 7 99 14 38 61 56 51 1 66 47 13 57 98 12 41 76 42 34 91 17 5 53 46 71 23 24 26 25 2 59 92 64 54 20 37 8 82 65 21 30 96 
TEST 63 ARG:27 26 13 91 40 95 60 15 64 81 85 99 78 73 63 18 0 16 83 59 5 50 92 17 55 39 77 42 54 8 25 97 19 79 7 33 30 93 56 44 9 52 14 90 20 31 53 67 80 89 94 43 1 62 84 11 74 47 51 35 57 69 65 12 72 38 34 2 88 86 46 75 66 68 96 29 23 49 48 41 4 36 21 22 82 61 28 70 3 37 32 98 71 24 58 45 10 6 76 87 
TEST 64 ARG:43 68 56 9 75 46 18 78 62 7 63 72 15 53 47 87 5 12 29 52 25 69 83 67 1 39 99 2 76 51 58 22 4 92 38 45 26 93 17 33 70 50 27 34 64 10 88 44 49 98 79 42 3 96 6 86 20 16 14 91 31 90 84 48 95 97 40 77 8 94 37 60 21 85 65 82 61 13 0 28 30 23 36 32 89 24 57 73 41 55 54 81 80 66 71 74 11 59 35 19 
TEST 65 ARG:86 41 50 84 79 44 20 99 8 90 88 37 65 80 94 87 51 21 81 6 7 57 66 77 58 52 98 0 35 96 40 43 17 53 30 29 75 12 78 18 73 97 4 32 14 25 36 69 59 23 55 93 3 92 64 46 49 62 26 28 10 56 95 1 74 16 76 91 39 89 31 45 68 61 83 24 11 2 70 19 54 27 63 38 60 34 42 67 71 48 33 85 13 47 5 22 9 82 15 72 
TEST 66 ARG:47 42 94 16 66 0 65 55 91 12 59 80 21 60 76 63 30 32 75 34 48 81 2 90 10 1 39 84 20 38 7 88 67 86 71 29 93 33 92 6 78 11 69 51 40 97 45 23 43 68 37 74 58 98 52 72 13 53 18 83 46 54 3 49 19 5 26 36 8 77 25 89 22 9 82 87 14 62 4 85 24 64 57 56 44 79 31 96 15 28 99 50 41 17 61 70 27 35 95 73 
TEST 67 ARG:37 80 74 38 63 47 43 69 42 30 86 82 26 62 75 55 39 50 1 41 67 34 36 44 16 93 68 71 97 70 92 60 83 35 8 58 56 12 14 52 46 84 0 6 87 4 72 33 64 11 61 22 32 99 2 24 31 94 3 23 89 54 90 79 98 91 57 96 45 59 85 27 28 17 53 9 65 15 13 5 66 73 77 25 29 76 78 40 19 10 95 48 88 20 18 49 81 51 7 21 
TEST 68 ARG:10 46 13 7 90 40 14 27 52 85 24 25 58 48 94 84 99 35 68 64 31 49 8 32 75 76 21 18 67 29 11 42 12 98 60 41 17 88 20 23 74 43 91 44 82 6 9 97 30 39 62 96 50 95 33 89 19 65 77 34 54 78 28 2 36 0 79 73 3 37 57 5 22 45 69 66 87 83 81 15 59 56 93 61 80 51 72 63 4 26 16 70 86 38 92 1 53 71 55 47 
TEST 69 ARG:10 46 88 23 14 41 54 83 59 40 53 1 82 73 39 58 42 24 6 91 13 63 2 71 60 7 62 20 27 80 96 48 64 85 51 87 11 78 72 17 95 32 86 79 65 34 70 84 35 77 55 98 57 38 45 92 52 81 49 90 31 56 29 67 75 44 37 18 9 69 68 97 15 19 36 25 3 99 50 43 5 61 0 22 33 8 94 12 66 93 76 28 30 4 89 47 26 16 21 74 
TEST 70 ARG:66 5 2 45 51 37 4 36 43 97 11 81 76 19 78 12 44 99 65 27 7 80 59 17 92 69 30 50 90 71 84 38 86 34 10 14 67 94 82 39 93 28 62 42 55 22 18 88 75 83 46 63 31 48 21 77 41 64 6 25 57 61 29 1 89 52 0 32 26 98 95 3 15 33 58 60 79 96 23 13 49 20 68 72 47 87 74 73 53 24 16 9 85 35 54 40 56 70 8 91 
TEST 71 ARG:77 57 61 11 29 92 36 53 55 12 37 84 59 0 4 9 35 89 79 56 73 58 25 82 83 30 48 78 45 39 71 52 32 14 74 41 67 87 63 33 72 34 93 86 60 49 64 88 95 21 90 10 97 70 18 81 38 98 68 20 19 51 7 17 44 6 75 94 54 76 62 47 26 99 23 24 66 96 16 27 80 69 46 65 42 2 15 22 28 31 91 1 13 5 8 3 43 40 85 50 
TEST 72 ARG:93 46 24 40 38 72 58 49 26 77 94 44 12 14 89 73 19 78 67 20 32 66 28 79 83 90 97 10 99 23 60 45 5 39 53 85 65 76 11 7 88 52 63 6 2 59 37 42 69 13 82 15 64 55 34 25 27 9 33 16 1 18 50 47 8 35 21 74 96 91 70 22 71 48 29 31 95 43 62 17 98 80 3 84 92 68 75 61 0 51 41 87 81 54 86 36 4 57 30 56 
TEST 73 ARG:52 22 67 58 85 69 37 78 14 64 32 34 12 63 21 4 41 76 99 89 49 42 0 38 40 84 19 92 26 97 7 77 80 16 46 56 53 23 54 55 88 90 72 3 79 70 36 81 65 59 10 73 94 66 47 2 98 5 74 20 27 9 68 86 18 62 30 57 75 45 15 91 71 24 1 28 96 95 43 48 33 51 8 25 6 82 31 17 13 35 93 60 44 61 29 39 11 83 50 87 
TEST 74 ARG:63 65 98 51 82 77 30 25 11 52 9 69 3 6 56 37 45 60 64 88 18 0 84 36 28 16 1 5 85 47 79 38 67 89 27 97 22 91 8 86 13 49 70 7 14 42 24 94 53 92 96 2 35 83 61 68 62 40 93 72 17 78 23 15 10 12 55 57 80 32 29 59 39 74 20 99 73 66 19 33 4 44 46 21 58 50 81 34 48 43 41 71 26 95 54 75 90 76 31 87 
TEST 75 ARG:7 21 51 87 28 8 49 40 26 42 53 96 97 20 94 61 44 52 71 74 57 83 24 75 88 50 93 46 81 43 22 16 84 32 82 37 35 47 45 86 2 36 68 39 14 63 11 80 98 30 31 72 4 66 62 18 1 5 9 15 64 69 19 60 58 27 73 12 29 48 33 55 0 10 38 79 85 3 6 25 78 65 54 67 91 59 77 76 99 41 90 92 13 95 70 56 23 17 34 89 
TEST 76 ARG:3 60 86 82 57 10 34 83 74 15 7 55 95 63 9 51 14 65 38 92 61 52 18 28 98 35 78 39 33 93 66 20 73 23 6 94 68 22 25 97 26 85 64 49 41 2 87 75 58 62 48 24 5 76 81 47 71 8 46 84 4 96 99 30 79 21 17 0 36 19 31 91 12 13 89 43 77 88 44 16 72 69 56 32 11 67 50 80 1 90 37 45 42 54 40 29 59 53 27 70 
TEST 77 ARG:34 54 77 47 0 69 11 15 16 38 63 50 4 83 82 92 52 43 8 46 48 18 74 13 39 5 62 3 78 23 99 53 57 21 27 56 80 1 9 51 81 10 89 73 40 55 97 66 71 72 98 49 85 91 19 67 58 95 68 26 59 28 7 42 65 33 36 41 87 32 2 17 25 84 20 61 76 37 90 14 44 70 93 96 75 12 24 31 64 45 60 79 35 22 6 88 29 86 30 94 
TEST 78 ARG:49 20 65 18 60 94 3 52 82 48 30 44 76 24 35 42 45 1 53 13 27 14 59 43 16 40 2 21 88 11 93 55 32 17 47 50 58 33 73 71 15 70 91 75 96 12 62 26 9 54 25 7 66 64 74 80 87 89 79 8 67 63 22 69 95 36 10 5 31 38 92 77 4 34 39 97 56 68 37 41 6 51 90 57 78 29 84 23 28 99 81 86 0 46 98 85 72 19 83 61 
TEST 79 ARG:23 98 15 17 44 58 95 72 89 60 69 61 78 39 0 27 24 68 48 14 59 33 80 30 87 74 7 70 22 97 92 56 73 10 42 57 13 49 20 47 71 35 1 63 32 9 41 53 99 34 38 2 88 64 4 52 96 81 29 16 83 8 84 66 19 50 40 90 45 12 46 43 76 82 55 67 77 85 86 11 93 26 36 28 51 37 91 94 79 25 3 75 21 6 54 65 31 5 62 18 
TEST 80 ARG:71 23 6 65 19 74 95 25 40 14 17 73 26 43 37 84 1 49 13 81 4 5 22 96 51 99 54 68 16 7 58 27 36 83 24 63 91 2 39 38 44 87 53 57 12 72 56 61 88 42 20 47 89 35 69 29 66 90 86 79 94 10 8 15 33 18 34 97 98 55 82 0 50 78 21 31 60 59 92 32 28 67 41 80 93 75 76 9 45 85 52 3 77 46 64 30 62 48 11 70 
TEST 81 ARG:94 70 26 76 17 42 48 95 41 59 90 29 97 2 21 77 34 96 20 32 14 83 37 89 30 88 23 54 36 86 62 57 13 71 98 49 78 28 33 61 11 58 66 73 91 60 15 67 85 93 40 47 56 51 43 19 75 45 65 10 5 9 92 81 79 87 68 50 63 38 35 52 82 0 64 84 27 44 4 74 3 25 1 39 55 7 16 12 6 46 31 53 22 99 72 24 80 18 8 69 
TEST 82 ARG:90 0 3 57 52 49 15 74 48 46 11 17 79 35 88 94 67 80 12 81 43 14 6 29 85 92 47 99 87 38 59 2 5 25 71 65 7 34 8 58 70 69 76 53 96 33 13 41 16 42 93 89 91 39 73 51 9 4 61 98 72 64 84 66 21 56 32 55 37 78 23 45 50 40 18 19 95 20 27 63 26 60 10 30 97 68 83 22 1 31 82 54 24 75 36 77 28 62 86 44 
TEST 83 ARG:67 42 49 48 56 21 65 38 92 63 58 37 35 36 26 33 61 90 24 82 76 83 12 93 29 85 88 59 31 97 5 75 64 44 11 52 72 96 77 60 41 54 18 30 62 98 80 53 45 34 89 84 1 14 4 66 81 2 95 74 19 46 39 57 73 99 15 50 87 25 40 16 6 51 79 17 69 9 10 27 28 43 7 70 22 23 47 68 71 13 0 3 55 91 86 78 32 20 8 94 
TEST 84 ARG:6 95 44 23 97 58 22 43 48 26 76 47 7 50 17 71 63 42 41 62 79 15 85 1 30 64 31 83 51 32 20 69 29 36 61 0 5 27 68 74 73 25 40 75 87 52 33 19 14 12 21 65 57 45 18 4 28 90 82 13 59 70 92 34 93 67 98 89 94 16 9 3 24 99 81 56 46 86 55 11 72 77 53 88 84 35 38 8 60 10 91 37 96 39 80 78 49 66 2 54 
TEST 85 ARG:10 81 72 23 89 25 49 5 27 66 57 45 18 22 86 3 41 53 42 9 79 99 21 88 67 13 30 16 90 68 56 63 84 65 69 43 40 46 64 33 26 52 8 91 98 78 94 48 70 77 71 61 31 47 58 19 38 92 87 36 17 54 35 15 93 6 4 39 74 59 24 50 95 7 85 82 29 11 20 55 37 96 0 80 2 76 73 32 75 28 1 83 60 14 44 62 34 97 12 51 
TEST 86 ARG:95 5 96 89 94 87 69 25 26 86 47 58 77 70 39 24 64 97 2 3 99 55 84 21 76 82 15 22 10 91 42 31 65 17 56 30 75 45 80 73 40 62 34 27 90 14 23 44 11 79 98 72 92 13 93 54 48 66 38 60 43 85 36 78 19 12 1 63 8 88 71 53 32 61 50 51 83 46 59 81 74 52 29 7 35 41 57 68 67 9 20 33 18 49 28 4 0 6 16 37 
TEST 87 ARG:14 38 56 83 34 8 52 65 49 11 40 4 41 32 15 82 9 85 36 17 98 90 2 96 95 97 73 93 76 21 25 69 46 13 48 75 66 61 64 5 71 50 22 78 20 1 72 42 29 68 77 63 74 67 35 94 39 60 44 81 18 26 70 53 19 80 92 3 54 16 62 91 10 24 87 23 37 7 84 43 0 58 86 57 47 99 27 33 45 28 30 55 79 51 88 12 6 59 89 31 
TEST 88 ARG:37 3 9 23 4 66 8 36 5 34 82 76 68 46 43 86 35 24 45 16 29 93 14 71 60 80 2 7 96 47 65 95 39 64 57 53 22 50 56 63 85 40 27 58 41 51 62 6 1 69 77 52 30 48 0 84 33 32 18 21 59 44 79 55 92 74 15 72 88 91 99 73 11 28 94 17 75 89 10 25 31 67 19 26 38 54 13 98 90 70 83 12 81 20 78 87 97 49 61 42 
TEST 89 ARG:15 36 23 45 37 88 78 40 21 5 99 75 96 14 6 69 47 41 29 54 85 31 44 49 7 94 24 2 76 32 64 43 17 66 83 48 19 35 84 11 98 93 81 20 65 18 3 79 26 25 51 86 62 13 95 27 38 61 30 59 16 28 1 74 72 92 8 46 77 89 82 90 91 55 68 57 97 12 52 34 53 63 56 73 87 0 67 33 4 58 39 9 22 70 42 71 80 10 50 60 
TEST 90 ARG:44 47 36 62 11 72 74 55 87 46 42 50 38 96 45 12 57 32 31 29 66 70 98 78 27 58 39 34 51 18 80 6 71 64 88 99 90 8 26 40 48 94 37 63 17 28 65 30 95 91 25 56 19 13 89 77 16 67 33 59 86 97 7 83 24 41 52 15 92 75 43 22 73 81 69 61 4 23 76 85 35 84 14 9 79 1 68 2 5 49 3 10 20 60 21 82 54 53 0 93 
TEST 91 ARG:99 61 87 42 82 44 88 20 65 83 38 98 2 85 18 68 0 86 64 11 73 78 95 30 41 79 1 66 71 28 47 59 6 80 12 93 45 27 10 52 54 67 26 74 13 69 40 70 75 49 36 51 50 53 3 43 8 9 29 46 24 37 35 22 97 17 5 32 91 19 89 63 15 60 33 57 39 90 94 96 4 25 92 58 62 72 56 48 55 84 77 16 81 34 76 21 23 14 7 31 
TEST 92 ARG:45 88 79 24 68 15 53 99 34 42 10 95 61 2 57 29 76 25 91 23 31 4 3 18 49 72 51 40 41 39 83 89 86 56 47 54 74 20 0 6 90 92 77 96 22 13 63 70 1 28 32 46 97 27 75 52 36 80 82 59 7 84 73 33 78 50 60 21 44 81 14 69 93 58 5 66 62 55 71 26 85 19 12 37 30 65 17 11 35 48 64 94 8 87 43 67 16 9 38 98 
TEST 93 ARG:93 77 9 33 32 71 17 19 6 2 58 36 84 50 56 4 29 16 64 21 63 18 8 28 31 14 57 67 97 12 89 35 81 13 1 20 39 69 25 42 83 49 72 40 22 96 98 30 0 46 87 26 47 73 51 5 3 78 94 59 68 43 60 95 76 79 48 80 52 70 88 74 10 45 66 24 86 23 85 44 7 90 54 91 11 41 62 27 75 55 82 37 65 34 92 53 99 15 61 38 
TEST 94 ARG:59 78 9 81 31 51 34 68 56 82 93 15 8 23 97 87 84 70 69 32 41 14 22 55 92 85 72 20 67 25 24 98 40 29 2 5 4 64 62 36 42 54 89 39 96 94 17 11 18 30 90 83 76 27 7 3 35 46 1 49 44 43 13 99 12 74 33 19 66 95 60 21 75 10 47 28 52 65 0 53 58 63 86 57 71 77 88 80 48 91 73 50 38 79 37 45 6 61 16 26 
TEST 95 ARG:22 45 75 64 15 16 1 3 70 24 66 88 43 60 37 5 13 34 94 80 42 31 44 82 99 20 8 85 86 23 47 62 71 2 35 77 6 51 93 98 56 27 72 69 0 21 81 55 92 79 50 26 67 83 17 68 48 30 65 46 38 4 36 12 7 53 19 41 61 59 54 63 49 95 78 96 29 14 18 74 84 9 33 25 73 76 40 97 87 39 28 52 91 32 90 89 57 11 58 10 
TEST 96 ARG:38 46 39 98 79 40 74 58 95 21 2 57 9 33 66 1 4 69 6 96 23 19 11 75 68 8 31 7 3 63 61 97 62 91 83 14 17 0 12 48 45 60 35 29 70 20 25 89 73 80 37 59 27 56 50 43 90 52 92 87 64 30 54 15 41 85 44 72 76 22 94 82 32 67 49 28 55 42 65 78 99 93 88 18 24 84 51 77 26 16 47 36 71 5 81 53 10 13 34 86 
TEST 97 ARG:84 16 39 94 63 73 48 37 50 13 36 38 24 72 82 8 43 26 88 7 27 40 2 64 70 71 78 6 56 58 80 76 87 20 85 83 89 61 11 46 67 30 3 34 18 47 91 69 65 9 52 0 74 23 57 99 45 77 4 35 44 79 1 22 21 60 98 62 86 66 90 95 33 14 51 17 10 31 92 54 49 68 15 29 42 25 96 53 5 19 41 12 28 59 97 75 55 32 93 81 
TEST 98 ARG:45 78 89 30 69 72 88 61 97 14 83 49 47 8 15 39 84 20 0 29 27 95 57 41 76 3 68 28 62 99 37 93 26 63 80 51 52 2 74 65 17 25 6 10 16 86 33 53 46 70 7 85 22 81 42 9 35 77 75 36 24 50 32 34 54 58 56 71 13 1 40 67 19 55 21 60 73 44 90 4 87 64 5 31 92 43 94 96 11 66 38 98 82 91 23 12 59 48 18 79 
TEST 99 ARG:62 48 23 54 92 51 26 81 19 2 16 40 68 9 56 18 39 33 63 66 91 46 7 94 60 27 0 64 30 73 13 49 28 17 61 98 82 72 88 70 59 69 34 22 6 42 36 76 93 11 89 74 87 41 67 75 25 45 37 14 78 8 20 21 24 96 50 5 71 90 29 31 97 53 43 79 80 32 99 86 65 4 84 38 1 85 3 95 58 57 83 52 12 47 35 15 77 44 10 55 
TEST 100 ARG:13 89 38 11 24 88 53 30 74 64 35 31 22 45 36 10 94 78 52 15 48 16 85 73 1 83 40 21 44 81 14 75 23 72 51 27 55 0 3 39 37 70 96 33 62 4 29 32 61 28 82 8 98 80 41 25 26 17 46 50 18 47 87 69 65 56 42 84 63 19 20 34 54 86 58 66 71 90 7 99 92 68 9 43 2 49 76 77 95 60 6 5 12 57 93 67 79 59 91 97 
TEST 101 ARG:85 20 68 55 30 37 3 52 18 42 39 12 93 92 61 49 23 98 56 83 11 19 62 75 26 54 7 94 77 24 60 9 58 88 86 50 27 71 44 82 34 90 43 46 10 28 57 13 89 48 31 47 29 16 38 64 21 41 99 84 63 22 97 72 79 32 66 81 45 25 5 33 76 35 0 80 87 78 95 6 15 67 65 70 53 74 96 14 1 4 69 59 40 91 2 36 17 51 8 73 
TEST 102 ARG:43 62 90 54 86 59 48 37 31 5 49 60 41 12 64 0 73 65 16 93 18 24 84 22 82 38 79 45 33 25 63 78 76 94 92 20 19 40 72 77 42 27 56 57 10 87 97 39 96 46 80 89 11 34 23 99 17 75 7 8 26 70 81 55 15 51 4 1 28 69 29 52 13 21 53 6 30 66 95 58 14 67 98 83 32 36 50 2 85 61 71 35 88 47 68 91 74 44 3 9 
TEST 103 ARG:71 30 99 66 21 75 67 25 31 89 45 40 65 72 98 2 39 29 19 38 69 0 36 94 4 42 43 16 97 37 47 49 68 48 5 32 7 79 14 11 27 50 3 87 59 23 22 80 76 90 96 58 93 70 26 62 81 56 77 15 63 20 13 24 84 85 8 34 86 78 91 52 95 51 61 18 28 73 55 17 53 10 64 46 83 9 1 44 41 12 74 33 35 88 92 82 6 54 57 60 
TEST 104 ARG:40 11 12 94 27 32 88 99 9 90 38 63 80 4 74 10 79 84 13 47 42 45 76 87 8 28 89 83 64 33 77 18 66 14 49 91 72 24 0 69 65 52 17 70 34 78 57 7 21 81 30 82 36 75 39 93 15 44 37 46 23 71 54 20 5 29 55 43 59 3 25 92 16 61 35 6 22 98 86 19 85 95 97 2 73 41 48 62 51 60 26 50 96 1 67 31 68 58 53 56 
TEST 105 ARG:48 12 80 71 69 51 0 86 46 26 83 11 62 41 10 45 96 30 65 84 74 14 25 64 23 43 52 49 37 4 70 89 77 7 39 28 66 20 76 27 22 73 61 57 54 40 82 75 35 32 53 18 98 15 79 67 68 13 93 47 9 78 94 5 63 1 72 59 58 56 6 24 60 44 8 2 50 29 97 38 95 42 87 19 21 55 33 85 88 31 34 91 3 16 92 99 90 17 36 81 
TEST 106 ARG:61 56 27 11 70 57 78 95 40 79 67 22 45 75 85 35 26 63 25 2 98 97 9 12 89 77 87 84 6 23 74 5 52 66 10 41 19 42 90 76 64 51 59 8 73 99 48 13 38 30 33 16 3 24 53 29 1 72 14 82 92 43 55 50 58 0 94 93 32 31 36 7 44 81 15 46 96 49 4 65 18 54 39 21 47 71 69 86 34 60 20 62 17 88 68 91 28 83 37 80 
TEST 107 ARG:13 87 74 61 79 52 63 35 53 94 25 16 15 66 97 57 86 29 77 84 71 24 81 85 62 8 10 11 28 69 18 14 99 0 6 43 32 92 31 88 51 2 38 36 9 37 83 21 60 67 70 47 59 30 91 20 42 68 90 27 58 96 39 34 75 82 19 72 17 80 65 41 76 49 89 56 3 22 7 64 98 26 55 78 50 48 44 45 4 5 73 33 93 1 12 40 95 46 54 23 
TEST 108 ARG:0 75 89 94 41 4 29 54 71 90 95 74 19 36 20 87 13 3 47 11 45 82 78 97 65 1 27 38 49 15 85 64 18 99 26 58 37 77 84 44 76 53 56 46 14 63 24 33 61 81 17 30 68 67 2 42 51 83 22 7 32 10 72 34 50 66 12 6 92 80 8 48 39 21 96 79 9 55 16 25 62 31 28 69 43 57 23 5 60 91 59 35 70 93 98 86 73 88 52 40 
TEST 109 ARG:31 15 56 36 71 75 47 3 49 48 78 37 84 64 46 80 66 27 88 81 92 87 51 95 13 32 93 44 39 72 57 73 35 14 99 23 18 22 58 40 30 55 1 50 54 76 43 34 68 65 6 5 10 86 63 25 0 62 9 11 96 74 89 19 33 70 67 2 91 94 69 24 38 59 41 79 53 98 8 26 83 82 85 4 90 12 61 52 17 7 16 77 45 29 97 21 42 20 28 60 
TEST 110 ARG:23 68 79 69 16 62 51 73 47 1 48 50 4 32 75 10 17 8 55 26 40 28 99 46 97 54 19 71 31 65 25 95 27 60 20 90 36 63 35 11 14 42 56 39 74 2 78 45 41 9 72 96 81 82 13 37 0 89 43 83 80 33 12 64 7 66 76 58 44 87 18 77 84 49 24 93 57 22 94 38 34 70 6 85 5 92 3 53 52 86 98 67 21 29 91 15 30 59 61 88 
TEST 111 ARG:29 34 47 79 86 90 83 74 73 77 84 21 96 81 49 57 91 95 75 18 93 66 61 72 20 67 46 80 55 31 43 70 1 88 59 63 26 99 60 25 2 5 89 0 10 44 78 53 48 98 52 35 36 4 32 64 38 14 85 42 19 97 94 13 87 50 30 9 12 6 24 68 27 51 11 28 15 54 45 82 3 56 8 65 40 23 69 62 71 92 41 37 17 58 22 76 7 39 33 16 
TEST 112 ARG:10 27 23 32 6 43 50 52 72 70 63 24 39 78 47 80 58 77 91 88 96 15 79 4 31 1 44 98 8 89 26 99 75 41 7 28 21 11 92 20 61 29 49 60 87 33 94 69 18 86 73 90 74 45 57 76 34 71 55 62 16 17 22 95 40 14 19 30 85 9 25 97 0 36 35 93 46 37 54 48 51 84 65 3 53 42 2 59 5 64 38 81 83 12 68 82 13 56 67 66 
TEST 113 ARG:31 66 78 77 8 22 88 4 14 47 34 82 81 21 99 42 63 12 62 39 33 43 2 71 58 73 3 91 69 65 19 79 92 18 90 72 83 5 10 23 87 53 94 74 85 57 49 16 38 26 70 40 96 98 41 24 50 25 51 37 29 64 61 89 15 36 17 20 75 86 80 1 0 6 27 48 30 93 46 55 56 52 11 54 59 7 44 76 32 28 97 9 84 60 68 13 95 67 45 35 
TEST 114 ARG:71 7 82 81 54 11 14 44 50 18 5 13 46 10 29 95 67 51 65 90 16 69 31 76 30 63 48 86 70 36 98 68 57 0 80 35 75 37 23 97 92 32 62 55 8 34 27 93 1 73 39 4 83 99 21 74 85 45 33 41 79 22 42 84 47 59 58 38 26 20 40 91 60 17 6 64 96 19 94 72 12 53 88 3 52 24 28 9 61 66 78 2 87 49 77 56 89 15 43 25 
TEST 115 ARG:34 86 85 69 83 47 30 23 24 94 72 79 16 87 26 36 1 60 15 93 97 28 9 32 62 19 44 75 65 96 29 56 74 39 27 5 84 98 77 90 71 82 76 59 80 70 61 42 68 58 8 25 95 41 99 31 45 33 73 48 52 20 63 21 2 55 22 11 78 14 89 81 92 12 43 46 91 35 54 57 18 13 37 17 49 40 6 38 7 51 0 53 4 3 88 10 66 67 64 50 
TEST 116 ARG:0 77 9 3 56 44 37 21 99 91 72 54 71 96 57 69 23 52 34 85 63 40 97 12 81 94 83 36 89 58 84 87 4 48 17 88 27 42 11 15 51 46 24 95 33 74 28 78 90 59 25 50 31 22 65 73 75 41 45 8 76 32 62 18 43 64 98 93 61 30 68 6 66 7 47 49 29 67 5 80 13 14 1 2 19 55 79 70 86 20 38 35 82 92 60 16 26 39 53 10 
TEST 117 ARG:55 83 51 32 72 64 6 96 44 82 81 30 43 92 52 66 93 50 65 97 11 46 19 8 23 67 15 87 18 5 37 61 69 70 33 77 88 84 63 89 25 10 21 60 68 20 62 28 4 14 35 22 58 76 47 1 16 40 34 2 42 75 49 74 56 29 90 91 95 78 3 24 36 85 59 26 17 0 39 94 80 7 73 48 41 71 57 98 31 99 9 53 13 38 54 27 86 79 12 45 
TEST 118 ARG:6 51 93 42 77 70 84 35 98 75 5 3 14 7 45 76 41 67 60 96 8 72 9 17 53 92 32 52 47 79 80 95 78 89 24 43 16 28 64 29 85 18 54 4 37 74 57 40 49 73 39 90 86 27 62 48 46 55 34 23 13 88 36 30 26 61 99 91 71 25 59 20 82 69 44 12 21 68 38 10 22 97 33 66 87 65 63 94 11 2 19 1 83 0 81 58 56 15 31 50 
TEST 119 ARG:84 92 96 33 11 1 80 5 6 72 22 59 93 90 19 18 44 69 30 85 52 34 99 35 94 55 12 53 3 17 21 14 48 0 23 67 97 26 46 15 71 13 78 31 16 73 63 25 37 57 36 38 29 2 62 47 9 70 42 98 24 58 45 8 87 51 49 95 88 61 65 86 60 66 82 28 43 79 56 76 39 81 20 32 75 77 40 83 50 7 10 4 74 41 54 27 64 89 91 68 
TEST 120 ARG:64 25 23 19 91 18 78 70 48 14 47 90 21 59 31 10 42 74 95 17 53 79 4 68 5 27 32 54 28 88 81 76 61 15 94 67 26 75 44 22 86 93 36 84 99 41 80 39 56 37 16 38 98 3 83 24 20 0 13 92 9 40 46 12 62 33 45 57 35 1 55 58 11 60 2 51 30 6 96 34 87 69 77 49 7 8 89 43 82 73 52 29 71 85 65 50 72 63 97 66 
TEST 121 ARG:11 8 16 10 51 36 96 34 97 49 3 82 25 83 43 80 32 68 2 62 33 26 98 78 95 52 91 31 28 64 21 4 56 5 39 75 9 59 44 69 79 88 53 92 41 14 67 7 30 85 19 0 99 84 38 12 40 22 73 55 13 86 63 87 54 72 17 48 42 81 47 6 93 27 46 77 70 89 65 66 94 23 71 1 37 35 29 18 15 61 76 60 20 74 90 45 58 50 24 57 
TEST 122 ARG:95 45 1 18 32 76 58 3 91 33 43 12 61 35 28 42 51 70 55 96 2 82 9 83 21 24 29 40 85 49 16 50 79 26 65 81 89 46 86 80 71 57 14 68 4 97 11 92 15 73 98 72 10 37 0 44 8 75 54 90 34 77 78 23 62 13 7 93 69 6 66 30 17 74 38 48 31 41 36 94 22 5 84 39 59 88 47 19 27 25 53 64 52 60 99 20 56 67 63 87 
TEST 123 ARG:10 43 95 2 94 69 71 45 17 86 56 96 88 0 28 20 74 31 53 98 15 37 38 79 80 65 13 92 47 6 16 63 23 30 57 58 55 21 40 73 5 7 19 14 9 72 4 35 64 33 66 62 46 83 75 26 89 27 52 68 93 76 49 44 91 84 8 50 32 54 22 24 18 70 97 3 82 25 60 85 67 48 34 99 29 61 36 41 81 12 78 42 90 39 51 87 11 1 59 77 
TEST 124 ARG:57 19 65 89 68 64 28 78 32 25 91 21 20 31 52 86 76 79 90 82 45 93 97 62 92 53 4 3 7 43 5 39 69 98 84 59 13 71 0 27 36 16 94 30 48 58 66 6 29 95 34 70 72 8 75 81 22 41 35 88 50 54 61 38 96 15 77 17 40 14 85 37 2 10 12 42 60 23 80 63 9 55 67 49 87 26 51 74 56 83 44 24 99 33 73 1 47 46 11 18 
TEST 125 ARG:69 8 6 78 35 41 21 62 71 30 47 24 42 85 28 54 2 82 7 5 38 74 23 34 33 99 27 29 51 32 98 88 40 15 39 37 90 61 91 55 14 89 20 17 45 50 96 4 77 26 59 22 36 92 68 11 13 46 86 58 70 94 60 67 72 49 3 52 48 25 44 79 76 57 43 10 63 97 53 18 19 81 16 83 84 95 31 93 80 66 73 65 9 12 0 56 87 75 1 64 
TEST 126 ARG:36 31 97 75 57 17 18 81 63 93 37 61 92 21 25 20 79 72 7 95 28 47 40 6 14 62 45 50 94 22 74 24 99 19 64 78 59 41 32 39 54 69 89 11 80 67 4 51 86 83 8 66 91 3 9 70 2 38 27 77 16 85 82 98 73 1 0 33 5 44 87 26 84 52 53 49 43 88 15 46 60 42 13 68 76 90 12 48 29 65 55 96 30 34 56 35 71 58 10 23 
TEST 127 ARG:2 14 31 48 9 0 92 3 10 84 75 11 40 71 19 54 72 90 1 24 38 8 83 23 49 86 34 13 39 46 18 77 57 5 56 91 20 80 68 41 16 21 30 65 78 97 96 99 28 66 17 15 52 73 4 59 33 82 95 44 29 58 70 32 89 12 74 36 6 50 37 45 60 26 64 43 93 7 79 67 42 63 98 47 25 81 27 85 55 94 76 88 69 22 35 61 51 62 53 87 
TEST 128 ARG:16 14 12 97 31 73 4 57 87 6 79 2 15 45 64 7 43 94 59 91 55 47 37 62 21 96 99 22 54 58 41 36 10 50 75 3 30 42 32 17 68 0 19 25 89 29 81 40 28 72 34 77 85 1 49 56 82 66 86 70 24 65 95 53 23 76 51 88 67 9 98 93 92 78 39 26 5 84 18 60 48 83 80 90 20 74 27 71 69 46 63 13 38 52 8 33 11 61 35 44 
TEST 129 ARG:88 87 16 84 96 70 9 19 27 61 21 33 80 97 82 74 49 34 10 17 42 99 24 14 48 35 83 43 63 81 98 23 20 58 5 94 37 13 92 93 78 2 76 77 53 66 6 26 45 65 3 75 62 7 56 50 91 85 44 31 57 18 41 0 90 22 60 15 79 54 89 67 38 51 30 86 46 29 52 25 47 28 11 36 40 68 73 64 71 95 39 32 55 1 4 69 12 8 72 59 
TEST 130 ARG:51 16 49 92 98 4 54 31 70 94 33 40 65 82 36 43 3 63 35 77 68 2 42 11 44 58 99 20 52 74 21 59 85 19 83 47 10 37 53 90 23 7 14 93 30 61 27 28 66 12 45 76 46 25 84 9 29 6 18 78 86 67 32 80 5 48 69 50 62 17 71 24 95 38 41 55 13 88 0 89 97 64 39 60 91 26 81 96 15 75 34 22 87 79 72 56 57 1 8 73 
TEST 131 ARG:26 38 45 19 83 52 82 90 74 49 2 14 37 39 76 25 40 29 48 31 78 7 58 27 93 94 72 88 80 30 17 55 98 59 87 77 67 16 11 65 51 57 28 73 56 79 34 60 75 41 66 95 97 71 61 62 0 70 21 18 91 13 33 20 15 54 1 42 4 32 85 68 23 84 63 81 64 24 22 36 46 92 5 86 43 12 6 89 8 35 10 3 69 9 96 99 44 53 47 50 
TEST 132 ARG:1 5 79 19 17 53 96 3 25 93 69 10 36 71 45 8 65 50 98 2 23 33 55 99 27 94 4 90 82 6 20 76 40 21 77 7 0 56 46 11 58 83 91 72 86 43 85 60 63 15 47 35 51 66 54 37 74 26 39 75 42 73 67 68 57 92 28 16 87 70 81 13 52 84 14 38 34 44 49 80 59 64 88 48 78 32 62 24 61 31 97 29 18 95 12 22 9 41 30 89 
TEST 133 ARG:16 8 6 68 66 15 23 44 19 45 37 2 92 7 21 75 77 98 64 95 47 27 55 14 73 59 63 11 48 17 90 78 12 49 60 51 28 93 13 35 58 80 72 85 54 10 70 91 29 38 86 69 52 25 84 26 40 3 1 41 31 5 53 61 39 76 97 0 24 65 62 46 81 4 94 33 88 20 83 22 32 18 99 56 96 74 71 57 82 36 9 87 89 50 42 34 67 30 79 43 
TEST 134 ARG:19 0 24 17 49 20 34 50 54 16 82 9 6 67 72 57 38 15 87 25 55 83 85 91 74 62 10 36 58 98 60 77 1 7 12 69 61 26 22 33 8 92 47 35 90 89 30 3 53 78 93 29 75 46 95 59 99 80 97 31 21 45 41 81 11 40 2 79 86 88 39 28 94 71 37 23 73 64 13 66 18 32 96 84 42 44 70 48 52 76 43 68 27 65 14 4 51 63 56 5 
TEST 135 ARG:33 56 77 91 27 17 94 83 38 28 73 11 15 67 18 75 71 88 9 30 95 64 86 68 29 0 26 23 89 49 42 32 74 20 72 5 81 34 84 37 69 19 61 43 99 14 2 79 97 82 62 70 31 63 54 52 1 98 36 48 46 60 93 7 66 51 24 10 21 96 39 25 13 87 6 8 65 90 47 58 40 12 44 92 55 3 78 50 4 41 16 85 22 76 35 57 53 80 59 45 
TEST 136 ARG:18 87 12 14 40 67 41 73 54 65 84 55 61 90 74 0 91 94 1 20 68 31 64 2 99 49 22 28 85 45 72 66 16 50 56 34 71 52 75 88 10 24 32 69 48 51 63 8 13 3 70 53 93 89 29 86 21 47 42 80 59 82 30 44 96 5 39 38 95 19 7 23 77 35 97 17 6 60 26 98 15 33 58 83 62 92 76 36 46 37 43 78 11 27 9 25 4 57 79 81 
TEST 137 ARG:59 30 8 69 64 24 65 13 25 26 5 90 12 48 67 85 23 96 14 60 97 86 46 56 45 72 40 3 10 79 50 94 99 83 89 17 77 52 15 21 55 76 44 93 92 82 6 57 84 7 95 74 29 31 37 98 2 18 70 22 20 71 4 41 32 63 87 88 9 34 35 66 53 62 78 61 51 42 0 47 39 28 91 49 54 16 68 80 81 73 19 1 36 11 38 33 27 43 58 75 
TEST 138 ARG:95 18 86 78 79 56 35 11 16 3 15 82 5 12 69 62 57 10 53 89 61 38 4 31 37 46 94 71 29 76 28 51 92 14 64 87 77 52 63 72 48 99 32 66 70 6 59 17 30 7 98 23 97 75 68 80 73 26 27 84 45 22 96 88 65 74 54 36 49 13 91 47 20 41 93 55 40 24 60 25 44 8 39 58 85 81 21 50 2 43 19 83 9 34 0 33 42 90 67 1 
TEST 139 ARG:66 5 46 20 9 95 73 4 89 63 35 94 7 13 92 37 60 44 27 24 16 91 71 77 59 50 43 99 17 1 72 30 90 85 55 83 15 75 49 98 34 21 42 39 2 61 69 18 48 84 23 25 14 80 86 33 65 6 29 96 22 88 36 70 51 52 28 47 38 57 12 19 8 3 40 87 41 76 56 26 74 10 79 53 0 78 97 67 93 32 54 31 64 58 82 68 11 62 45 81 
TEST 140 ARG:81 66 38 64 91 17 44 23 50 27 4 85 36 31 57 61 90 59 78 49 14 88 9 30 53 93 8 94 5 11 43 41 63 56 6 82 89 40 21 84 74 29 80 67 32 73 3 22 95 20 72 28 60 55 35 97 51 7 18 54 71 98 13 2 34 70 26 68 12 75 39 47 10 15 25 45 58 52 33 65 48 62 24 92 0 86 37 87 79 96 99 77 42 1 76 16 46 19 83 69 
TEST 141 ARG:5 46 37 97 59 32 63 72 85 48 9 74 53 65 41 84 8 51 18 89 88 82 64 54 25 34 3 38 13 11 45 22 33 47 0 44 55 80 62 68 73 42 27 16 60 57 12 69 40 6 30 52 4 70 99 71 75 35 67 76 49 17 98 90 93 61 23 78 81 36 86 96 26 29 31 24 10 87 83 50 19 21 56 95 43 94 15 91 1 39 79 7 2 77 28 14 58 20 66 92 
TEST 142 ARG:30 88 56 96 11 0 99 7 79 84 51 58 43 49 52 46 87 50 20 22 95 17 24 32 92 1 68 36 73 25 89 83 54 13 93 15 34 86 67 78 60 6 9 29 77 8 74 97 71 27 21 40 62 57 55 3 70 64 80 66 5 53 85 48 82 69 75 18 61 76 31 72 59 65 47 98 44 94 42 2 14 19 39 16 26 41 90 45 28 38 10 33 12 23 63 4 35 91 37 81 
TEST 143 ARG:97 67 14 77 31 62 4 43 98 42 49 58 37 47 24 84 81 45 28 46 64 38 15 73 11 95 50 88 60 2 79 35 83 71 59 5 72 94 99 89 27 66 22 96 74 36 0 85 91 53 61 51 63 17 39 20 52 55 68 76 80 56 48 32 78 65 86 57 29 87 16 90 34 69 8 3 25 23 19 1 13 70 7 75 10 82 41 93 9 92 18 44 12 54 6 33 26 30 40 21 
TEST 144 ARG:49 59 68 84 0 55 86 85 95 90 75 53 64 41 34 73 70 80 78 15 26 63 7 46 60 97 79 19 39 21 17 81 91 18 32 89 98 22 35 24 28 56 52 9 1 77 61 8 16 6 3 45 43 38 36 40 4 23 54 48 20 99 87 69 11 37 62 83 47 93 30 92 42 72 14 10 12 31 2 5 88 44 57 76 94 65 96 25 67 33 58 71 13 27 29 51 66 74 82 50 
TEST 145 ARG:17 78 51 44 77 10 64 92 14 76 48 79 62 88 37 55 8 21 20 4 94 7 11 46 99 66 12 2 41 65 45 15 34 90 53 91 73 70 50 39 60 0 16 13 56 30 81 3 33 98 82 74 87 18 75 97 68 61 93 85 27 83 58 6 9 49 1 38 72 47 63 67 28 32 25 59 86 52 42 89 96 95 23 69 57 43 40 19 36 24 84 29 80 5 71 54 31 26 22 35 
TEST 146 ARG:25 57 9 47 27 50 46 28 1 20 33 78 21 16 12 84 6 81 24 2 44 10 58 89 71 22 43 41 48 38 36 62 13 76 86 75 72 97 91 3 93 39 7 55 0 14 45 69 66 4 98 74 65 30 96 70 59 82 37 87 63 67 18 68 31 94 40 79 83 35 56 26 5 23 77 95 90 29 51 17 92 64 73 32 88 53 80 8 19 15 54 60 42 99 34 52 85 49 61 11 
TEST 147 ARG:80 41 63 34 26 25 29 93 2 9 71 0 75 12 22 32 85 59 66 35 13 92 68 90 76 37 78 74 48 55 62 46 94 52 43 89 30 40 65 53 67 39 3 33 60 95 10 5 96 64 50 21 31 28 45 57 38 86 49 15 23 7 24 73 8 16 81 27 47 72 99 91 84 4 42 82 97 44 51 54 61 20 36 18 77 83 58 19 79 87 1 98 11 70 69 88 56 14 17 6 
TEST 148 ARG:88 32 39 82 33 19 74 8 80 62 6 81 54 93 25 5 91 90 99 49 29 27 18 35 13 57 71 7 86 75 24 43 58 0 30 45 98 56 95 34 31 85 65 92 73 15 51 28 21 41 3 76 68 96 89 16 69 42 52 23 70 44 94 61 11 50 20 84 77 14 53 37 78 4 83 79 60 17 26 38 46 87 2 67 40 55 9 47 12 10 59 48 63 66 22 64 72 1 97 36 
TEST 149 ARG:42 22 72 97 4 46 80 2 29 58 30 60 18 15 53 23 47 99 92 84 85 21 57 50 89 17 28 67 62 65 63 61 1 36 66 59 70 7 25 95 0 3 44 87 45 76 74 71 35 24 90 41 32 6 96 20 8 94 83 86 40 31 26 49 98 5 38 77 51 91 69 56 52 79 13 78 43 54 33 19 81 27 39 12 88 73 68 9 93 75 55 64 37 10 11 82 16 14 34 48 
TEST 150 ARG:21 91 32 25 49 38 44 42 35 97 13 72 41 62 1 95 84 88 19 90 0 9 12 80 6 59 24 51 3 79 26 45 29 68 47 83 60 87 20 73 61 77 99 64 17 37 96 92 56 16 81 76 22 48 65 78 93 7 14 94 74 2 46 10 69 75 11 54 89 34 63 30 66 53 85 82 43 36 8 58 4 28 86 23 15 5 70 31 55 39 71 18 98 40 67 50 52 57 27 33 
TEST 151 ARG:8 2 11 31 21 5 47 25 98 9 70 91 90 34 48 67 18 23 95 32 33 22 6 58 61 92 30 79 85 43 87 42 71 86 78 74 59 49 83 84 66 55 82 14 76 4 94 10 28 56 69 40 68 3 39 75 53 54 62 80 13 97 57 99 44 37 72 81 19 64 29 24 73 7 17 16 88 35 20 60 89 15 93 96 63 52 26 12 50 45 1 77 0 51 38 36 65 27 41 46 
TEST 152 ARG:7 33 92 40 50 35 13 56 93 47 97 55 79 15 52 63 30 39 49 88 99 25 11 42 84 82 96 43 22 45 6 28 23 54 44 8 80 60 46 34 83 81 59 24 31 36 62 1 37 78 26 0 2 98 41 18 70 29 61 95 58 91 75 90 69 57 3 67 14 10 85 4 94 17 87 64 38 21 77 16 51 71 12 20 65 66 27 19 89 9 68 76 73 53 48 5 74 72 86 32 
TEST 153 ARG:70 51 49 17 75 95 36 19 37 74 12 85 23 81 41 1 43 52 69 44 47 55 88 82 5 50 42 83 7 56 93 84 62 35 8 86 3 78 11 94 25 58 71 33 64 0 91 77 72 27 2 65 16 6 98 31 30 14 89 28 18 32 61 60 9 80 53 29 57 40 26 21 67 13 48 24 4 90 38 97 96 34 73 79 10 46 59 15 76 87 68 54 20 99 63 45 22 66 39 92 
TEST 154 ARG:48 89 92 51 21 39 87 22 18 84 90 59 13 49 7 33 65 20 32 77 38 2 14 52 28 60 9 23 17 47 44 46 19 27 91 79 1 54 12 0 26 85 37 56 29 53 36 94 25 75 10 64 82 24 71 95 34 67 81 3 80 35 98 62 83 73 58 40 93 41 69 99 74 70 66 61 78 63 8 5 45 86 31 42 11 68 76 88 72 57 43 4 50 6 15 16 97 30 55 96 
TEST 155 ARG:27 29 46 40 61 14 24 79 7 54 88 80 65 82 22 10 50 58 34 92 19 75 90 13 28 38 73 35 99 36 16 52 87 77 37 44 56 45 17 86 6 18 76 64 81 97 57 72 20 4 59 85 33 42 67 55 69 9 43 5 91 12 25 96 98 49 11 48 78 41 15 70 93 63 32 74 8 66 21 71 51 3 94 23 53 1 39 26 31 89 68 0 84 30 95 2 60 47 62 83 
TEST 156 ARG:23 73 92 63 61 2 42 8 75 72 65 93 4 59 55 88 67 7 96 41 98 86 74 95 46 70 58 35 28 91 68 20 54 34 30 47 40 51 57 31 36 3 56 50 49 21 17 69 26 6 43 12 13 32 78 81 66 76 52 64 79 89 27 77 84 60 53 97 29 0 22 71 38 16 39 83 62 45 10 33 82 44 9 24 19 87 14 80 90 85 15 1 99 5 25 18 11 37 94 48 
TEST 157 ARG:86 21 57 33 26 96 11 62 24 64 85 98 41 34 91 51 19 66 18 8 35 90 82 67 97 29 81 79 72 1 93 27 53 89 46 3 43 77 44 95 94 88 55 32 60 73 83 39 80 22 36 54 10 59 74 40 65 49 5 15 45 61 0 25 20 23 50 4 78 13 99 2 58 76 38 69 48 9 52 17 75 7 28 63 30 31 14 6 87 12 56 92 71 16 37 42 47 68 84 70 
TEST 158 ARG:54 71 30 80 62 51 69 50 87 2 21 77 22 85 16 20 12 82 56 18 68 57 45 75 29 23 40 88 53 81 94 19 32 59 66 6 98 74 58 79 46 47 14 93 28 61 73 70 36 37 90 34 38 60 4 8 42 0 11 5 10 35 17 97 55 86 89 78 84 95 3 49 26 7 41 27 64 24 43 83 13 72 48 25 39 44 15 33 96 52 76 67 99 31 1 91 92 9 65 63 
TEST 159 ARG:57 62 39 61 1 67 5 92 55 33 77 96 18 46 95 87 97 44 38 47 81 48 22 71 94 49 27 2 91 34 93 99 31 25 58 75 50 9 21 60 56 85 0 23 11 19 13 70 98 36 86 66 8 53 32 14 65 16 80 74 82 29 35 89 30 69 3 26 28 42 73 78 54 68 90 41 6 43 79 51 64 15 20 40 84 10 24 59 12 7 72 52 37 88 17 76 45 4 63 83 
TEST 160 ARG:69 10 20 92 71 33 35 15 74 57 55 38 83 12 43 78 64 14 81 61 60 40 85 65 47 91 63 26 27 23 16 80 70 89 62 6 59 95 9 75 31 90 39 49 45 28 79 11 25 29 77 72 36 48 24 84 88 34 37 66 30 46 3 98 96 4 97 56 67 68 87 76 86 17 54 99 73 82 21 22 32 18 41 13 2 44 19 42 51 5 52 7 94 50 53 93 58 8 1 0 
TEST 161 ARG:57 38 99 58 67 55 31 96 74 10 47 52 23 29 44 91 54 4 3 94 2 69 89 75 24 5 0 80 30 33 35 34 98 27 48 28 12 40 42 21 32 62 14 46 43 49 1 77 68 53 37 97 88 76 56 60 59 51 16 84 85 17 79 50 71 18 13 78 82 6 26 22 93 86 92 8 41 7 87 90 39 36 61 70 83 73 25 72 20 95 64 66 63 81 19 45 9 65 11 15 
TEST 162 ARG:28 63 43 6 17 4 84 51 18 16 58 62 72 81 93 8 90 71 38 87 92 59 5 40 0 39 31 79 47 19 99 27 20 96 78 68 24 86 41 46 35 42 55 11 50 64 60 94 26 10 73 44 53 12 74 22 14 32 66 65 57 48 76 54 83 45 7 25 85 37 1 13 67 77 91 29 80 89 33 82 88 34 49 98 95 52 70 75 9 3 36 56 15 2 30 61 23 97 21 69 
TEST 163 ARG:79 78 14 43 4 82 94 5 18 67 52 75 17 62 64 55 56 88 23 85 49 71 26 54 73 30 0 15 74 20 11 42 28 86 96 8 21 98 1 80 61 12 25 69 31 51 53 89 46 77 27 66 9 84 13 47 63 93 58 91 44 48 37 92 70 41 19 34 6 60 83 40 65 95 35 3 87 39 45 7 2 68 99 10 72 29 50 59 16 57 36 22 76 81 33 90 32 38 97 24 
TEST 164 ARG:10 87 73 78 13 74 3 36 84 68 54 32 40 0 26 15 29 19 1 28 86 92 39 41 61 17 51 20 85 27 37 7 12 59 18 22 76 82 72 50 77 42 81 11 98 75 9 99 71 80 66 5 58 43 45 8 33 44 95 88 64 46 96 63 31 91 55 2 56 60 21 34 57 49 93 6 62 16 53 69 23 30 24 48 65 79 47 90 94 70 35 14 97 52 89 38 4 25 83 67 
TEST 165 ARG:7 72 12 10 74 70 65 44 4 3 96 42 51 46 32 58 92 38 15 73 35 77 20 62 61 64 85 31 23 66 48 94 8 88 75 68 53 17 33 59 5 30 97 57 89 39 45 19 36 90 81 55 50 93 54 87 29 26 21 1 49 41 37 79 95 56 86 91 16 25 22 2 0 13 6 14 24 78 9 11 84 52 80 60 43 69 67 82 99 63 18 34 71 27 98 28 76 40 83 47 
TEST 166 ARG:82 35 78 32 51 55 43 19 67 73 47 99 77 85 10 56 38 97 60 89 39 45 23 36 44 70 74 72 12 79 5 24 61 63 59 42 57 95 21 33 64 93 54 76 18 20 52 75 83 17 4 88 29 28 30 2 53 49 7 37 69 94 84 25 58 46 31 15 81 87 91 3 48 26 90 16 62 13 68 11 1 65 27 41 50 9 34 80 6 22 71 92 14 8 40 66 96 86 0 98 
TEST 167 ARG:13 35 53 18 29 94 5 78 2 14 11 3 62 81 79 54 1 90 45 38 69 86 48 57 71 25 93 27 30 56 68 20 87 43 44 31 32 28 55 16 63 64 40 60 33 10 74 9 12 39 58 75 19 83 66 15 80 26 36 72 41 88 46 98 47 24 73 91 89 21 61 4 7 70 49 37 50 77 67 8 22 82 42 0 51 99 84 65 76 92 59 6 34 96 23 95 52 17 97 85 
TEST 168 ARG:86 67 75 14 40 15 96 35 93 77 42 80 60 98 24 3 69 94 32 1 71 57 0 48 39 22 9 17 84 99 16 73 30 34 61 72 92 83 70 54 55 81 50 33 65 41 58 31 11 4 82 62 63 20 89 64 21 37 5 74 78 29 10 36 59 85 13 52 46 43 97 66 90 45 91 27 38 87 2 19 28 7 44 88 53 12 25 79 95 51 49 26 47 68 18 8 56 6 76 23 
TEST 169 ARG:52 36 15 72 35 56 34 28 94 78 67 86 40 19 46 3 44 6 12 49 18 96 99 37 17 22 9 24 88 7 65 50 39 27 81 51 97 95 58 55 82 38 2 31 1 5 62 87 66 53 41 57 90 54 14 73 32 48 91 64 59 70 61 93 74 26 89 76 8 20 80 16 42 77 29 30 68 85 60 21 47 83 63 23 92 71 4 0 43 79 75 33 84 25 10 45 98 11 13 69 
TEST 170 ARG:83 93 91 30 96 21 38 35 97 98 0 33 15 60 58 92 65 36 9 34 22 63 19 73 78 7 26 62 4 39 67 74 20 23 2 88 79 69 47 16 57 85 80 14 10 51 29 61 87 37 64 17 46 84 45 81 56 72 86 8 3 24 82 31 71 42 11 89 12 77 13 59 76 43 18 52 6 25 49 68 50 1 55 54 99 53 48 94 27 75 95 28 5 70 44 66 90 40 32 41 
TEST 171 ARG:47 81 64 29 19 72 8 83 14 24 79 42 86 2 66 34 27 10 16 88 89 22 12 31 41 32 57 25 4 13 76 68 11 94 0 70 84 30 90 36 20 92 43 49 39 40 15 28 53 55 63 73 97 56 71 5 60 91 37 35 75 7 80 67 77 38 33 93 46 3 17 95 21 1 99 58 18 85 61 45 23 78 87 6 51 96 62 74 52 48 98 9 65 69 44 50 82 59 54 26 
TEST 172 ARG:33 89 14 57 80 99 69 67 29 26 75 10 28 31 24 8 82 45 5 0 22 41 95 81 78 43 18 70 34 25 98 59 58 7 1 4 48 37 91 3 64 62 50 88 76 56 87 39 86 96 27 74 16 65 44 49 42 68 40 15 6 46 12 97 66 83 77 21 13 35 20 92 30 63 54 53 85 23 19 36 71 93 51 17 90 47 60 79 11 52 38 94 61 73 84 72 9 32 55 2 
TEST 173 ARG:17 8 10 59 64 80 20 24 85 11 1 45 70 73 57 72 41 42 60 46 56 95 23 69 35 55 31 71 99 39 6 50 77 93 96 98 37 0 87 40 48 79 26 54 62 91 34 51 74 58 19 66 33 12 38 29 25 2 7 65 21 32 68 83 30 89 15 63 78 90 94 92 43 81 67 76 9 14 52 13 18 61 3 97 28 27 82 4 53 84 86 16 47 44 36 5 49 22 88 75 
TEST 174 ARG:8 24 34 98 86 37 35 26 93 70 0 67 14 23 5 84 9 88 13 75 25 6 29 85 18 56 82 41 78 11 38 3 96 48 15 71 1 68 99 65 53 21 16 95 2 89 46 94 10 40 58 61 54 80 17 45 60 19 47 42 55 52 59 31 39 91 12 62 83 32 90 7 44 76 43 63 50 69 36 30 27 4 49 87 22 92 81 51 74 57 72 97 28 73 66 77 33 79 64 20 
TEST 175 ARG:23 86 49 30 46 40 44 34 10 96 29 60 85 32 87 14 71 12 63 82 55 26 17 3 65 43 27 69 31 9 15 7 62 75 73 93 50 28 61 56 0 81 70 18 1 64 99 36 84 38 88 77 79 89 2 52 94 8 90 33 92 45 11 4 67 35 41 53 74 5 21 95 20 57 37 59 80 42 91 24 83 19 47 22 16 51 78 72 76 39 13 58 54 97 25 48 66 6 68 98 
TEST 176 ARG:35 93 70 33 58 43 10 92 69 21 67 29 37 30 2 38 82 87 16 26 91 66 40 50 56 48 47 96 14 36 79 12 39 27 46 98 31 6 77 15 89 72 0 61 59 5 86 62 11 71 34 9 52 1 97 22 53 32 75 60 57 20 95 85 18 64 41 76 45 81 99 7 68 19 88 17 23 78 94 24 80 25 42 44 84 54 74 3 83 51 8 65 49 90 63 73 55 13 28 4 
TEST 177 ARG:22 1 26 28 8 99 27 67 18 21 34 47 88 48 87 20 14 11 56 5 57 23 43 58 62 90 46 97 60 95 73 30 33 4 25 55 75 7 9 78 68 85 82 13 63 38 66 76 98 84 40 61 32 37 52 83 91 54 74 93 31 12 16 70 41 64 19 44 36 6 86 10 71 81 35 89 15 42 72 79 69 53 59 2 50 77 80 3 51 96 45 65 24 94 0 92 17 49 29 39 
TEST 178 ARG:20 97 13 92 44 90 29 51 7 39 91 76 59 46 45 28 25 11 6 31 77 14 72 65 81 83 71 47 17 79 21 5 0 61 23 93 30 22 3 84 52 1 87 66 38 41 40 58 95 42 36 60 8 64 85 19 48 33 16 55 54 88 2 78 10 9 62 70 37 94 63 82 86 32 43 96 15 53 12 69 49 89 50 35 73 74 98 4 99 24 18 56 34 68 67 27 26 80 75 57 
TEST 179 ARG:33 17 79 36 7 75 98 88 8 76 89 59 2 46 67 70 63 11 73 34 29 66 68 71 58 42 82 35 51 26 18 86 22 3 80 99 32 62 27 72 28 45 41 90 25 37 57 48 84 4 91 1 24 40 83 92 60 47 77 61 65 69 10 94 53 9 93 19 97 12 31 55 39 21 78 6 13 15 56 44 81 38 52 5 49 96 95 85 50 14 87 43 64 20 30 74 23 16 54 0 
TEST 180 ARG:43 76 91 56 71 18 33 15 19 31 87 36 45 85 74 4 20 28 6 55 12 90 10 86 47 57 54 3 96 42 7 5 72 99 24 9 25 21 81 66 59 41 23 63 32 75 48 27 22 80 97 82 64 83 13 88 60 17 0 1 77 93 26 40 35 39 49 44 79 46 34 52 11 78 95 16 38 53 29 84 8 30 58 94 69 2 51 98 73 62 61 65 37 68 67 70 50 92 14 89 
TEST 181 ARG:42 35 93 44 29 0 9 70 76 58 27 2 94 61 69 85 37 90 98 26 23 4 21 16 12 32 20 89 62 72 73 30 53 97 31 81 5 56 84 10 38 74 54 57 88 64 33 77 67 50 82 79 52 92 18 66 39 55 60 68 99 71 14 40 1 34 24 13 28 63 75 15 87 95 83 17 80 48 3 59 45 96 47 65 91 41 7 43 11 36 6 8 46 49 78 25 86 22 51 19 
TEST 182 ARG:65 36 14 44 45 1 90 11 59 84 75 72 54 62 94 49 10 63 89 25 4 57 21 46 42 80 79 78 76 52 58 34 18 19 88 91 20 64 38 23 6 47 70 71 39 7 15 86 74 32 53 50 67 16 61 37 43 77 55 33 29 83 13 2 73 95 0 41 56 27 5 28 85 24 68 60 35 81 51 92 12 82 69 98 40 26 66 22 17 96 8 31 97 30 9 99 93 87 3 48 
TEST 183 ARG:29 14 32 42 59 35 74 21 23 78 67 11 33 24 16 65 4 22 6 95 63 91 28 83 71 77 86 39 62 55 5 54 90 25 73 3 87 52 48 56 93 94 10 66 68 20 69 61 75 99 26 76 82 38 37 72 40 7 9 53 57 47 8 27 58 81 49 79 13 12 34 43 44 36 64 1 85 46 45 30 18 15 92 89 0 70 98 17 60 84 96 51 88 19 50 2 80 41 31 97 
TEST 184 ARG:16 27 56 66 60 9 96 87 3 51 10 67 20 13 19 37 81 80 38 12 73 97 33 2 28 77 55 5 90 29 70 85 0 48 34 88 69 79 47 18 39 76 14 50 68 78 72 31 40 44 36 30 26 89 54 6 23 99 57 93 46 1 8 25 52 7 22 71 15 95 62 94 61 64 49 17 84 53 42 91 41 98 32 82 59 58 24 11 4 35 75 92 63 65 74 21 86 43 45 83 
TEST 185 ARG:21 84 24 44 40 29 16 1 28 43 46 2 6 31 4 7 14 37 69 25 32 79 9 86 15 98 68 26 57 17 5 38 82 92 12 96 30 94 41 47 50 42 18 95 3 51 8 88 53 72 10 13 61 11 34 89 62 54 39 71 45 64 58 36 66 70 81 87 75 0 22 99 52 56 80 67 76 91 73 77 55 20 23 33 74 90 63 85 65 19 93 83 35 59 48 78 97 27 49 60 
TEST 186 ARG:0 50 98 16 24 66 79 43 4 69 97 39 86 73 40 10 34 63 28 41 33 36 15 72 27 67 78 26 35 55 48 90 60 25 93 3 70 82 74 29 38 80 76 19 83 62 14 6 13 88 81 45 49 51 54 2 37 30 61 22 11 32 47 21 94 18 75 77 7 89 96 5 71 17 9 64 92 68 8 56 58 52 84 87 95 12 20 99 65 91 23 42 31 44 1 85 53 46 57 59 
TEST 187 ARG:42 89 8 53 49 75 35 58 38 30 45 59 98 78 1 24 86 68 0 37 60 69 77 10 74 3 25 22 33 79 34 63 20 81 55 64 39 87 29 48 12 23 19 32 56 28 15 11 27 17 46 61 36 50 16 9 67 65 85 83 31 95 70 97 51 96 40 57 72 52 66 90 5 99 80 4 76 88 92 41 47 73 54 6 14 26 82 84 62 7 43 94 91 93 21 18 44 2 71 13 
TEST 188 ARG:82 28 64 4 76 15 59 46 34 61 44 85 66 84 30 78 51 95 45 29 40 27 98 68 14 37 12 90 53 24 73 1 94 49 60 42 8 96 80 65 6 35 69 33 97 67 99 16 31 32 79 41 62 13 7 83 93 18 91 19 52 74 87 92 43 55 0 88 10 89 70 23 56 58 39 54 2 36 5 25 21 72 81 86 3 50 11 57 38 9 48 77 26 47 20 63 17 22 75 71 
TEST 189 ARG:84 21 6 67 10 29 98 55 88 77 42 95 22 1 52 43 24 74 60 11 40 18 72 96 31 53 5 30 65 58 56 49 99 80 48 26 3 33 46 66 69 7 71 73 57 94 54 85 78 75 16 25 13 23 68 36 37 59 92 86 0 76 39 97 41 70 61 63 28 93 50 44 79 19 32 62 14 20 64 34 4 47 45 51 38 35 2 89 91 15 9 83 90 81 87 27 12 82 17 8 
TEST 190 ARG:3 43 35 66 62 30 88 12 44 79 97 40 94 87 50 72 19 25 13 96 23 33 14 82 26 71 59 34 65 54 81 17 70 90 51 18 99 55 8 10 2 68 20 76 80 47 42 58 52 53 86 95 93 45 32 15 4 1 6 5 56 75 74 27 22 39 98 28 49 29 73 37 84 11 67 89 69 77 63 61 36 9 0 24 57 16 38 41 64 48 83 21 78 92 46 7 31 85 60 91 
TEST 191 ARG:58 68 87 61 43 1 23 53 44 56 3 80 6 12 41 89 29 78 14 33 71 2 10 79 46 90 73 25 21 69 11 16 15 7 66 40 24 31 64 94 5 65 51 67 19 50 81 54 35 63 49 9 4 26 34 45 18 38 13 28 72 97 52 42 75 0 76 36 22 47 85 82 92 60 99 77 48 39 30 95 70 59 88 96 57 27 98 20 17 8 37 83 93 91 32 55 62 74 86 84 
TEST 192 ARG:66 68 73 18 35 31 14 94 6 36 41 89 56 45 5 17 87 9 23 72 59 84 67 95 22 0 46 58 85 93 76 24 40 42 15 64 13 91 37 62 79 38 39 99 48 47 43 33 80 1 7 12 30 34 2 28 97 29 50 52 98 25 63 82 27 8 19 55 20 71 69 32 78 49 70 16 51 54 61 75 77 92 86 90 26 21 3 4 83 60 81 10 96 53 44 57 65 11 74 88 
TEST 193 ARG:60 97 41 54 81 36 51 61 88 67 26 29 9 47 37 66 96 75 62 28 12 35 1 56 91 27 73 79 15 34 99 6 17 80 42 4 3 59 89 70 98 2 76 43 23 90 13 30 10 86 48 24 85 11 78 21 52 68 22 55 0 77 64 93 45 92 31 5 25 74 33 53 16 8 83 32 18 20 38 50 65 94 58 44 82 14 7 19 72 39 95 69 71 57 46 63 84 87 40 49 
TEST 194 ARG:25 0 29 52 69 75 63 47 60 72 40 93 87 82 44 5 62 85 74 80 45 61 90 99 3 97 86 71 22 2 68 94 15 18 58 14 96 7 26 54 39 81 10 73 27 56 91 9 17 41 77 1 84 43 88 66 78 6 83 30 76 70 49 20 50 37 13 42 33 28 57 55 32 31 34 98 8 35 59 38 19 65 4 67 21 46 48 12 89 23 92 64 95 11 53 51 24 79 16 36 
TEST 195 ARG:59 23 30 36 91 32 12 67 97 25 92 64 98 82 61 8 80 46 41 19 7 44 43 84 22 34 35 5 3 4 37 73 76 69 60 50 63 71 70 6 49 42 77 96 95 75 89 79 56 94 68 87 88 21 18 72 1 0 62 93 78 55 15 52 99 48 83 81 16 40 65 57 26 54 51 17 11 13 90 85 33 86 24 2 39 14 29 58 38 10 20 31 53 74 47 45 27 28 66 9 
TEST 196 ARG:7 66 21 79 39 82 27 86 73 57 1 59 90 41 38 42 3 2 87 37 56 65 81 58 13 5 61 48 43 36 49 78 91 70 85 8 99 54 45 60 11 74 63 19 10 72 15 14 93 71 68 46 75 18 51 89 64 34 29 92 84 25 6 98 20 69 31 23 50 33 94 28 44 16 17 80 67 26 4 83 40 53 9 55 47 30 52 96 32 95 76 62 77 88 0 24 35 97 12 22 
TEST 197 ARG:98 74 46 93 49 4 20 31 83 45 18 85 23 78 67 54 80 99 9 16 57 19 32 33 56 58 60 73 38 65 84 90 72 41 66 12 6 3 30 24 0 86 36 53 69 79 70 88 89 75 97 17 87 26 35 27 50 47 13 34 92 7 96 95 82 68 14 81 44 21 28 77 43 76 11 42 40 55 29 5 15 2 59 71 22 91 51 94 62 63 64 25 61 37 1 8 39 52 48 10 
TEST 198 ARG:31 79 94 52 19 76 77 26 97 70 98 67 99 68 60 43 14 49 7 58 5 21 59 84 48 30 15 9 34 53 37 12 56 50 11 74 0 8 24 72 83 95 75 96 18 32 73 69 61 3 71 62 86 57 16 42 6 29 54 80 1 88 46 64 17 63 92 89 82 45 41 81 33 66 35 28 47 78 20 27 38 51 85 87 22 36 55 40 44 10 23 91 13 2 25 39 93 4 90 65 
TEST 199 ARG:84 7 75 14 57 93 17 46 64 92 21 58 41 22 72 71 87 44 10 55 82 80 18 52 62 9 28 68 35 2 95 73 65 49 19 42 78 67 27 45 6 63 30 37 54 3 15 26 50 8 56 94 59 43 98 74 11 12 0 53 86 96 77 4 66 40 32 85 70 16 51 31 83 47 13 76 1 5 60 24 29 39 23 33 36 81 79 90 61 88 99 97 34 25 69 89 91 38 20 48 
TEST 200 ARG:13 58 44 68 62 5 65 37 23 38 9 1 90 80 82 96 97 25 60 85 12 94 71 43 42 66 47 52 77 27 57 81 70 79 19 28 98 55 86 99 67 76 84 8 91 48 31 0 92 50 32 33 63 56 61 29 17 39 45 6 14 4 69 75 59 20 46 54 74 41 30 26 89 21 22 34 88 15 93 73 72 83 40 78 2 64 24 53 10 51 36 18 35 49 87 95 11 7 16 3 
TEST 201 ARG:14 17 21 96 38 18 27 56 85 43 53 98 91 31 94 54 23 15 88 89 84 97 66 29 32 46 50 37 42 26 3 24 0 87 6 20 9 30 25 78 93 57 47 68 92 36 75 11 49 77 12 13 90 40 58 86 7 69 59 5 1 74 33 34 10 70 39 51 72 61 82 22 2 48 4 35 64 79 95 44 52 45 67 80 62 83 99 41 73 55 76 81 60 19 63 16 71 65 8 28 
Multiple size <= 500
TEST 1 ARG:139 244 -46 60 119 -248 87 185 190 -19 177 94 -55 -73 -11 81 -95 -159 -139 27 140 -193 -93 -30 168 64 -165 -3 -150 128 -84 -8 -9 -207 -120 -45 -44 -90 183 209 104 -62 54 57 66 32 -52 247 50 137 227 -21 155 -26 -202 14 30 48 165 -63 17 -7 169 -153 238 72 -96 3 146 122 24 248 245 79 51 -103 163 151 78 29 228 -83 246 210 -198 -94 239 -196 -146 145 240 194 111 -112 65 -16 -1 -238 -80 243 -50 142 -224 130 -241 205 219 197 75 133 -137 49 -229 -113 -164 -236 -34 -188 222 115 1 233 -89 -127 -233 -99 206 102 176 144 -163 -148 -72 -136 -144 -160 -40 -181 -48 153 -132 158 -199 -66 4 193 -178 -82 -20 -88 9 -234 159 -182 -42 2 -203 -74 0 74 85 123 -161 220 -126 -223 52 21 -64 105 106 18 -33 212 208 141 -149 -76 -29 -123 -154 -218 -105 -35 -158 182 152 -107 -70 -239 -189 -194 8 -2 -219 -175 -247 63 22 -56 131 -71 134 143 -17 -38 164 229 -104 204 -92 93 -240 -143 -227 149 -106 -12 -243 162 -101 172 -147 -191 -169 235 -53 241 -41 -215 121 192 147 -176 187 231 11 -216 202 170 86 99 -184 -100 -119 -135 45 196 -151 -37 62 -81 -68 136 31 -228 109 -138 124 184 -235 -129 148 100 -186 25 173 -59 -206 -65 -168 -43 110 -177 -108 -170 -39 112 186 -133 -222 -79 -192 -125 132 -6 -174 -15 242 -179 138 -18 113 34 201 -36 154 198 207 -25 -85 -173 -49 61 -109 19 -156 83 160 203 46 55 178 -141 -210 84 -197 -171 -5 -180 7 -246 -166 -32 58 -58 -245 97 37 166 53 47 -78 -128 -157 -209 89 98 28 -134 116 -220 117 -130 -152 -98 -214 36 -77 73 -201 -145 189 -110 -124 -13 35 -172 217 41 -10 126 188 -67 -231 23 120 68 108 171 -4 71 6 -230 -121 107 67 237 20 91 -237 76 216 211 -208 -27 199 -200 234 230 15 56 -57 -51 174 70 -167 40 5 -142 -114 114 10 -117 191 129 88 181 95 -226 -97 -249 42 -61 26 -86 224 101 200 77 59 -190 39 213 -204 -244 43 214 -217 223 -211 13 215 118 -187 226 38 -102 -87 69 44 -28 156 80 16 -60 125 161 -47 -23 -24 -212 218 -91 -205 -22 232 90 33 157 -221 221 -155 -213 -195 103 -250 175 -14 -118 -162 12 -122 -242 127 -131 -31 236 -140 179 180 135 225 150 249 96 -116 195 -54 92 -185 -183 167 -225 -75 -232 82 -69 -111 -115 
TEST 2 ARG:-169 -199 50 28 -206 -87 -141 -166 -154 178 -173 207 -61 237 90 62 91 -232 -40 187 120 -163 181 214 -107 -197 201 6 19 82 68 243 75 126 -181 -135 153 139 -160 -51 -102 76 -145 49 -83 125 176 -121 180 33 -21 61 220 81 -17 240 -70 1 -19 231 190 -20 -89 -222 -152 -15 -86 -225 27 238 225 -142 10 -108 3 107 -137 -227 96 21 -71 -195 -53 -14 29 200 217 -216 167 102 -156 -49 113 226 -82 37 -75 65 99 -175 -208 132 -221 117 115 -183 106 -148 196 41 -99 -26 128 8 -57 -36 -213 -112 14 7 11 79 17 183 199 -136 -144 -249 58 162 205 -194 -12 36 -29 12 142 -27 101 86 -238 -236 -179 124 -120 45 -122 -110 -247 -34 40 -39 -214 229 149 -7 195 -207 146 235 -128 206 60 161 135 -192 188 179 168 -250 141 157 150 -8 209 -130 111 -204 242 127 98 140 163 118 227 -198 -50 -215 2 -78 88 -138 -241 202 55 -66 73 -38 -164 219 67 -168 -234 198 224 244 -22 93 -187 -85 151 133 -56 -196 204 59 -124 30 129 -100 119 -229 -60 -111 5 -140 22 -202 -59 -116 78 0 191 222 -126 108 232 218 166 26 20 48 -63 -170 -205 152 -220 -105 -115 185 92 -77 -119 13 -248 131 -185 -18 89 77 -43 -242 18 164 -184 -76 80 -231 112 -93 63 143 -161 -153 246 -98 169 -46 85 -55 -218 -203 -92 -212 70 -31 -171 122 -182 56 -131 -25 103 160 189 -178 -41 228 -159 186 -228 234 192 -95 -45 -174 -201 -58 -155 182 -224 -114 -73 241 -33 184 66 215 158 -235 154 172 -91 -133 69 -52 31 177 -24 44 -54 -68 -149 171 95 -172 -223 123 -96 -129 213 -123 52 -80 -117 197 53 130 -4 51 208 25 -11 -125 121 -103 -193 -233 145 87 239 -239 -106 -134 9 -90 165 -245 109 -48 38 134 97 -143 170 -219 -13 110 -16 46 23 155 -94 94 -226 -162 74 -177 -3 47 -72 -240 -139 -67 -74 71 -127 -6 -146 -2 116 211 -109 156 -243 43 4 193 54 249 216 15 72 105 210 84 -84 -64 -35 -246 83 -176 32 248 137 -47 39 -88 -147 -210 114 136 -165 -23 -10 -244 159 57 -5 42 35 -237 -157 -97 -190 -230 -79 -101 -81 -62 24 -113 -180 16 -42 -189 -158 245 233 144 221 -104 100 230 64 -150 -167 -151 -37 -9 -132 -200 148 173 -211 -32 223 -28 -69 -118 138 147 -191 247 -65 -217 -186 -209 -30 104 34 194 236 203 212 174 -1 175 -188 -44 
TEST 3 ARG:-206 -82 141 132 -195 -37 -241 -221 92 -130 71 -115 178 11 -182 -203 83 80 160 -210 177 18 -99 -141 201 117 -159 -209 -44 217 125 -153 -157 90 -64 -163 -84 -240 -234 -154 -188 -123 -15 -194 -151 24 -68 154 231 200 81 -197 -212 69 59 40 -158 -173 27 195 -138 -216 -119 -114 -218 242 171 63 93 -93 -183 237 120 -57 -85 -174 -39 28 -144 -100 70 167 -101 -190 -59 233 -176 208 -72 -40 -127 -49 226 -13 127 8 66 188 -129 50 35 34 -248 203 102 169 -116 -81 158 -67 -149 163 140 -88 -192 -61 38 183 -171 88 196 7 -29 -35 82 103 143 -202 99 146 175 -9 -233 -187 -51 124 21 101 -105 22 -71 -229 -147 4 -3 244 45 213 -201 199 -131 -66 31 223 227 238 -17 -140 180 -25 -65 -78 243 -207 -242 -198 -117 -196 -133 157 -162 95 -230 -200 -136 -79 -75 76 91 -76 58 184 121 1 -2 -63 174 247 -160 216 -50 -246 -179 -213 -211 -139 -205 145 110 222 153 156 166 -132 53 -32 249 96 -122 -56 -45 32 16 202 -235 -23 -238 179 207 -96 9 221 -104 -27 -53 -97 36 52 -73 61 -237 159 89 106 -215 41 -250 29 55 25 -155 -22 -170 -247 181 189 115 -120 -112 44 -145 -77 123 -107 39 -48 10 -152 -43 114 -20 75 -137 -60 -4 64 -18 -208 162 206 136 12 54 218 77 173 186 185 6 133 -1 42 -239 -94 235 -168 147 -74 100 118 -184 85 176 182 26 -186 -228 -172 197 98 -62 62 -83 15 192 -181 107 -134 78 43 68 -236 164 225 -169 234 86 -103 -193 128 -245 73 219 72 -108 -80 -223 130 165 33 105 224 -31 57 -102 137 -95 -121 -86 20 -165 48 -243 67 -214 46 -24 135 -175 -38 -12 144 -244 -46 -227 104 -110 -6 -14 -249 -109 84 193 152 220 134 -26 -69 215 -150 51 -161 149 240 -98 -11 -16 138 -166 -90 -89 -220 -135 -224 232 -92 19 191 148 239 -21 47 -47 -143 -124 0 -180 131 161 -54 -199 3 -36 -191 -185 187 112 126 -5 -222 -177 56 23 -146 214 -42 60 246 150 172 -7 -10 194 248 -232 119 170 113 49 14 -226 -142 -178 151 -217 -55 65 -34 230 111 -128 30 190 228 168 97 -231 79 -28 -164 -106 236 37 129 -156 -30 116 -70 13 210 109 122 17 -111 139 -118 -219 198 229 -167 155 241 211 -125 -126 142 205 204 -189 -41 -204 108 2 94 74 -19 -52 -87 87 245 212 5 -91 -148 -8 -225 -33 -113 -58 209 
TEST 4 ARG:-244 -228 -146 -125 129 55 -205 95 105 218 -184 214 -193 -134 212 -123 231 -207 30 -180 127 1 173 -130 43 163 -177 245 -1 117 38 -128 -194 116 -45 -13 166 121 -218 217 -5 -96 -80 -104 -120 37 134 223 -114 -202 -200 -178 -59 45 -190 89 176 -191 -139 -214 -234 246 187 235 76 -197 -215 -152 -131 179 171 222 157 84 -188 -35 -42 -115 -121 228 203 189 -225 34 -237 107 -192 198 146 -163 247 -198 -142 88 58 -23 204 -105 112 50 -213 63 -7 165 -151 -138 -212 213 -219 199 144 -230 66 -141 108 125 -84 155 -44 207 33 -241 26 -174 182 -12 70 -172 -133 22 -75 -85 -61 36 109 184 53 -95 239 94 138 -223 -70 206 11 -50 -167 -169 149 -208 27 174 170 -199 -179 -54 19 -25 52 -168 28 139 186 -43 -187 221 -158 -101 -227 -97 -32 17 -29 -4 229 -83 101 -28 39 -92 74 72 -204 -232 162 -129 -73 77 160 -67 49 46 131 -154 225 238 151 -89 -155 23 111 -56 -233 -195 210 -165 195 -236 -176 -2 -66 143 122 -170 175 164 -91 202 -148 242 -242 -47 215 124 71 -222 -71 81 -63 96 -48 -106 16 90 -171 243 156 -135 -216 150 -196 -221 82 -20 -164 118 -31 -41 211 -69 208 -14 194 119 103 113 79 87 0 4 -124 153 216 -111 83 29 67 233 99 -38 126 -74 188 8 -55 69 -245 232 192 -6 68 136 -60 -64 -247 -112 93 7 -109 -186 115 -116 -119 59 -33 123 178 106 -3 85 -36 -62 48 104 -98 -79 64 167 61 100 -159 -126 -206 193 148 -24 236 -51 -99 12 18 -34 -150 185 147 -78 62 -82 -68 32 -37 196 -224 209 80 -19 -88 159 132 180 -243 -211 -65 6 -240 128 -209 -100 14 -17 -113 -27 56 -156 -210 130 65 -203 54 -201 97 152 133 227 241 -8 -58 224 -149 161 -147 40 -107 201 -76 -161 60 -238 -185 31 181 -46 -144 -52 154 15 -136 44 -162 3 -182 92 183 219 248 -166 -81 -153 9 86 -87 -229 -53 -49 -250 73 169 -10 -102 137 220 200 141 172 -39 -217 249 226 75 191 120 114 -9 78 237 -246 -181 -110 35 135 98 -26 -175 -145 -157 240 -160 -231 -15 158 -40 -18 -132 -239 -220 25 -118 168 197 234 190 -103 -16 -11 -183 57 24 -122 21 145 -22 91 -189 42 -140 -108 -127 -93 244 5 41 -30 51 -90 230 -235 -57 -137 102 -143 205 10 -72 13 -173 -86 47 -248 -77 -21 177 110 -226 2 142 -94 -249 -117 20 140 
TEST 5 ARG:5 159 19 -118 -236 -226 87 177 47 98 -241 -120 -109 -86 -242 101 8 -157 30 -48 65 243 -68 -12 11 -148 -161 -219 240 203 51 -193 -196 206 181 32 -200 -204 -119 218 -26 -78 -197 128 130 52 -218 219 -129 -89 -27 -186 -215 139 -44 58 105 -31 245 236 12 -76 -176 196 -216 -231 71 -20 -108 37 231 -63 -244 -83 -187 -188 -53 97 -111 -201 41 74 -3 -232 -58 91 -210 112 34 133 -91 -110 -240 -171 -54 63 -208 151 116 -233 244 28 -211 197 -67 -85 -169 215 146 46 200 17 -61 79 7 -100 -234 -229 -144 222 -173 -30 -213 235 10 -123 -33 204 -28 83 -55 -16 100 85 198 -84 60 118 170 223 -239 -199 191 143 144 -21 -113 -17 180 150 188 -41 -170 -98 209 -60 44 -147 -9 102 38 -137 -90 -159 132 221 161 -19 167 -64 249 -209 -181 -214 192 113 -126 -72 -1 117 -189 -225 64 99 -52 67 122 140 -57 -2 229 88 -212 -25 -115 -59 -93 152 -101 73 -103 0 -24 121 72 -130 -172 -70 220 211 104 -75 248 -56 217 212 173 160 24 179 -177 -117 -5 232 110 -149 -82 -206 -8 -250 -162 155 -154 -102 16 -227 234 36 171 -163 -223 -50 -62 78 -195 93 26 68 86 57 -183 -125 182 25 -166 -136 23 172 31 127 -51 -235 -15 -10 48 9 237 -138 119 149 126 205 -42 -131 -43 13 -217 -81 -77 4 18 169 157 176 213 -142 -156 -150 -66 -243 21 -238 -45 62 247 -139 -34 80 -185 242 -222 -228 164 106 -180 141 -105 -38 131 -141 22 175 -194 -249 125 -6 66 77 228 109 -203 -175 -47 -36 227 154 69 45 -7 -92 -14 42 230 207 111 239 -23 147 50 -182 -88 -69 -99 -79 165 208 -80 -221 95 -192 189 186 241 194 210 138 -122 134 148 123 59 6 -40 137 103 -22 -248 -145 -184 -135 -151 -46 35 -74 84 224 -178 187 153 -247 162 -237 -32 174 -49 108 -124 -191 56 -165 81 201 27 -4 107 1 49 -220 -29 -224 185 -116 -107 39 202 -106 -167 -71 55 115 53 136 3 199 166 -190 238 2 89 76 -207 -152 75 -179 156 -168 195 -128 -35 183 -127 -146 214 -11 226 -133 -39 -174 246 184 -164 114 82 -37 -158 -202 29 -73 -97 33 233 -140 -18 43 -205 -104 120 193 -246 -245 -121 -132 94 96 70 -230 -112 216 15 190 14 -95 168 -155 92 -114 158 -94 -198 -13 90 135 124 142 145 20 129 -134 -96 54 225 178 -160 -153 -65 -87 -143 40 163 61 
TEST 6 ARG:222 239 204 172 30 244 40 -95 167 -112 -86 -167 85 -44 -109 -62 65 11 -217 152 -168 54 -127 205 215 -35 -216 -27 120 34 -67 -171 -119 -111 190 10 128 -118 249 136 137 -205 -8 -193 209 -71 -48 -28 16 133 -47 191 60 -208 235 35 142 175 237 -247 -77 -202 -121 -232 -30 -191 129 -238 -239 92 -89 248 -101 199 173 -85 183 184 -156 134 -178 100 -231 217 -163 178 17 107 130 114 -102 84 -136 186 181 108 216 -98 -9 200 -244 -114 -2 22 -199 86 -150 -21 -189 -22 189 168 -154 -58 -74 207 165 -176 -5 -188 187 -196 41 27 -179 236 -79 -204 160 -237 180 -194 -103 26 135 110 -166 150 43 -230 -145 -40 -120 -139 -223 185 -218 -92 125 -52 -123 -37 -207 151 -250 -1 131 218 93 -34 243 -110 -212 -243 -96 56 -38 51 -192 -182 202 -116 -159 195 -157 156 -54 238 -70 -14 -169 -135 -36 -161 67 57 -73 -12 -227 -160 91 -155 176 -220 77 97 -201 177 -65 -4 88 -173 162 -91 -10 38 220 163 116 170 231 21 6 -158 -25 -225 -200 -203 223 118 58 -206 -59 230 194 228 124 -69 83 -57 -228 -6 -144 -55 8 234 87 126 -186 -60 -42 72 95 143 15 226 -81 208 225 112 -246 179 71 182 39 -162 -130 -181 154 -45 242 127 -151 -107 75 246 -99 -19 -187 101 81 70 79 214 -177 -63 153 -13 7 2 -113 -56 -222 45 66 99 -72 -43 -221 -106 24 53 113 227 -241 -147 -80 119 211 69 73 105 232 166 89 -165 123 -23 63 50 -94 201 -248 61 37 149 52 139 122 90 9 -82 245 -235 48 -213 -242 -132 -18 -198 161 212 23 -68 -26 210 -149 115 144 19 146 -215 -75 -108 188 -46 102 -170 98 -226 -137 94 -219 -153 -97 82 140 247 0 44 36 59 -87 -140 174 28 -7 -11 -93 -142 -214 -141 -152 29 -174 42 -49 -51 25 -126 -229 47 14 157 -175 103 12 219 -233 -172 -33 193 -164 -15 221 106 109 159 -32 -29 241 -148 155 3 46 229 164 -53 -249 169 68 -240 -76 -125 -115 -3 -16 -133 -90 -64 206 104 240 -236 132 -41 -100 158 -84 203 49 121 -105 -17 33 -183 1 -88 80 -195 -245 192 -117 145 -31 196 5 -104 -128 224 233 31 -129 13 -138 -197 -20 55 117 148 -209 171 -50 -78 18 -211 -83 76 213 -66 -234 -143 -190 -39 -210 -134 -184 96 64 198 20 141 -180 -224 32 -124 4 -61 111 -185 -24 147 138 -131 74 197 62 -146 78 -122 
TEST 7 ARG:194 234 -6 -176 -94 157 143 -128 39 -174 -23 27 68 -85 -243 28 18 -99 -84 83 86 -86 213 -146 -30 152 -160 -127 177 -72 189 -189 -233 -45 205 173 -131 133 -26 -212 -207 6 182 -13 -216 -126 -117 105 70 -9 198 -143 150 -248 131 188 -52 229 -3 -38 -93 -161 21 -168 -108 95 -46 -119 -173 59 107 19 72 111 183 -225 -96 -167 -151 215 76 -196 -77 -81 25 128 90 -58 -36 74 -69 -222 129 65 91 84 214 -147 103 224 -78 100 -234 -122 -22 46 159 75 -200 30 -101 10 -130 123 -175 -98 -241 -106 112 35 51 155 -133 -238 -223 -228 196 -156 -60 -79 -224 -187 219 -249 218 -57 53 191 -104 117 -74 -71 41 22 243 50 92 -40 -18 17 -116 220 -2 64 -24 85 29 130 176 -121 -48 32 -64 38 -63 94 140 195 222 97 34 101 52 -125 132 104 231 -195 113 -19 -27 -218 -217 154 -215 -188 217 -17 139 178 -198 -199 -113 0 67 -245 -66 -205 226 146 -120 7 -54 -247 145 -56 82 47 -70 88 106 -226 -111 -5 -14 -55 -213 -68 -171 158 -208 54 -181 199 110 144 180 179 -148 98 -227 -41 -203 -132 -165 -16 162 141 -142 9 -214 -7 142 -102 148 -235 216 36 137 211 126 1 -42 -179 109 -177 -115 -232 -163 237 225 -139 71 -135 156 136 16 212 -73 127 -8 -164 -246 -97 -61 201 102 93 193 62 43 -221 -185 -29 45 -211 -31 108 -155 -220 167 210 -194 138 -138 -39 -103 170 244 -129 -118 200 208 -44 -140 165 185 -219 221 -157 -137 -229 77 -50 87 -166 -204 238 147 -20 169 -242 -153 149 -92 -150 24 160 -49 186 -152 207 168 247 153 121 -15 -202 171 -240 -230 -4 8 -1 -12 99 114 42 -190 -28 184 -123 3 -62 -107 209 -144 161 118 233 -192 57 190 15 -11 -65 242 -186 248 -191 -89 -170 135 236 -154 -231 79 73 -172 206 -110 -95 -35 5 -87 -59 61 -76 235 66 -159 78 -124 249 228 125 -47 119 -51 -37 -53 56 164 4 116 20 -43 31 -67 187 -75 55 -169 -210 -162 58 2 122 223 12 80 -136 -100 202 -80 245 115 -34 26 -182 89 181 -206 44 -180 49 -183 -209 240 241 48 -91 175 246 227 -105 166 -250 232 -134 174 14 -109 192 69 -21 -145 -33 -83 -184 13 -237 134 -201 204 -90 -114 23 37 -193 -112 230 124 -197 -244 63 -88 -239 -236 -141 60 120 -25 163 40 -178 11 -158 33 96 239 -10 81 197 -149 203 172 -32 151 -82 
TEST 8 ARG:125 243 39 -12 -24 28 -210 -177 161 97 -87 218 172 168 228 -149 88 -26 -238 -179 198 -203 -19 138 -97 224 -93 -38 -188 -144 127 -171 215 32 245 -27 236 -209 -190 98 -194 -76 144 202 -215 -187 -119 -62 135 67 77 130 30 -185 -32 183 -39 123 207 -110 -247 7 167 159 74 -29 -219 -183 231 210 -195 119 181 9 57 95 122 14 -21 128 -201 108 24 -71 238 -221 117 -160 141 103 68 137 -113 -233 -2 -74 46 206 -164 -241 -129 29 233 -163 -48 116 -33 10 -227 -64 237 -232 -89 -180 170 -1 85 -173 -11 78 -175 13 205 244 152 94 142 -148 -225 186 226 -116 -123 -37 219 -43 185 -166 -126 -213 -56 -120 -81 151 -230 -231 225 -106 241 249 -135 -237 149 -204 184 25 -6 -4 -220 55 16 -191 -50 92 -138 -22 -18 -121 -72 -20 -54 -44 124 -211 -88 54 37 -184 174 190 35 -240 121 3 -34 -193 -63 140 209 63 -45 230 40 -161 104 114 -192 -128 -35 -137 146 -169 -140 -226 96 -80 -218 -156 -8 179 196 -91 -158 143 -124 221 8 -174 -94 17 204 -216 -102 -206 15 66 -7 110 175 -52 81 19 -84 -198 -207 -245 -132 52 -107 242 -104 -178 -40 -51 173 -65 188 -79 106 -142 -235 133 69 160 -165 169 191 -223 -101 -60 61 -96 -78 158 212 79 -244 -153 139 -85 -15 89 -68 87 247 -17 113 -234 -118 132 102 -108 -189 239 -239 111 -170 -186 176 -181 -212 -143 33 -250 203 -229 180 -139 240 136 -130 -31 216 162 53 -154 -208 246 126 50 51 12 -117 182 31 36 134 -41 -46 105 -168 48 112 232 109 -115 156 -133 72 -114 -47 220 49 20 34 70 -242 -69 -99 -23 1 42 192 -66 -127 213 22 -202 -58 -25 100 165 177 71 208 163 2 21 -131 -109 -3 -57 64 -77 58 59 80 229 -90 145 -134 62 -30 60 -217 6 -70 227 -136 -182 -167 -146 93 131 43 -92 -176 73 150 -95 47 -159 153 -162 86 75 91 -122 11 -236 76 155 -67 99 23 -16 -55 223 129 166 -13 -155 -42 -145 -49 -75 147 -59 -28 26 -14 -150 107 193 178 44 234 187 -243 -5 195 65 -152 -157 -98 120 -36 -125 -214 -205 171 235 222 -10 45 -82 101 82 5 -249 189 -197 0 -86 -222 -73 -53 -9 38 -141 -61 -200 90 84 248 148 -112 -172 -199 211 199 -111 157 4 201 18 41 214 118 -228 27 -103 -151 -224 197 -246 83 56 -100 164 -248 200 217 -147 -105 194 -83 154 115 -196 
TEST 9 ARG:228 -25 -103 58 136 117 106 12 49 -93 198 -208 239 -159 -86 -43 -31 90 231 -106 -91 152 220 158 -183 20 -94 185 -90 -199 221 73 -210 169 249 143 -109 150 98 -201 101 -52 -2 -99 7 219 -240 167 1 236 229 -187 -190 -209 -223 72 -238 172 -89 41 -163 -40 -202 -102 -179 -55 200 -64 -7 -196 -73 75 192 -216 -205 51 -188 -176 202 79 57 -154 157 -127 154 -189 138 26 -56 -207 -182 -119 42 78 -10 -118 166 -50 163 -35 -21 -28 190 149 -149 -96 -228 207 28 21 161 142 -237 246 112 -146 -138 -100 -51 -68 -61 -113 182 176 -178 -32 23 -248 84 204 -161 223 6 47 195 151 244 212 -232 -215 135 40 -53 55 -180 -110 34 -108 30 196 234 -44 19 114 61 35 -54 211 205 159 124 -139 222 245 43 225 -192 48 175 -69 -9 -101 -165 -212 -88 89 -171 87 -27 25 27 -126 -13 193 227 238 127 -63 -167 -233 -150 -122 -124 -222 -142 -132 -162 -57 -194 -185 -20 -172 -46 -98 232 85 130 -60 -19 17 -204 181 -129 -197 -47 71 137 3 -58 -250 -5 -71 217 -140 -125 -145 77 188 81 -24 171 -191 -36 -29 146 160 -22 -155 -8 92 -168 -39 62 31 -34 33 118 70 -92 179 119 54 -112 -115 -15 -117 -123 -143 189 199 218 18 -242 132 50 -247 -30 247 -114 -116 -37 140 144 95 -217 -186 2 -77 128 186 153 38 -49 248 129 -23 32 -214 184 -170 -83 -76 197 -213 -87 -244 -75 156 0 174 88 -195 99 -85 -1 209 183 -193 -12 -249 230 241 201 -16 65 5 -65 111 53 206 -26 139 123 -230 109 -203 -246 -158 134 180 63 -136 115 100 4 141 83 -169 -211 104 -144 -62 -229 187 46 -41 96 15 -219 36 14 -121 170 -82 108 -160 -42 -45 45 60 -4 -111 -3 64 113 -224 -226 -152 131 10 122 -241 -148 -243 22 125 121 -128 165 147 243 133 52 -84 -235 8 -173 105 242 -104 -17 -66 -184 155 178 -236 -11 -120 -198 76 116 173 -14 97 9 -80 213 -220 -6 -79 103 -151 -130 -206 214 168 -95 -166 -135 194 -156 69 102 93 67 -200 74 -18 -97 -59 -234 -225 -133 56 107 39 -174 59 208 -175 164 120 -181 216 -81 -137 16 29 91 24 -153 -131 191 -221 80 -67 -74 -78 -48 237 -231 82 -177 240 224 94 -38 -134 126 -227 -245 148 -239 210 203 11 233 235 -105 -107 145 66 -33 215 162 -218 226 177 -70 13 -147 -157 110 68 -141 -164 44 86 37 -72 
TEST 10 ARG:-154 240 149 237 -57 -33 -124 161 -165 -46 3 -67 -99 153 16 154 88 -250 99 229 211 -104 -107 63 -230 198 -44 166 -243 -177 169 239 100 -102 227 -128 207 -188 -70 -84 31 -168 146 242 -140 139 -240 -205 -11 141 205 111 -29 45 106 -148 -226 180 25 101 -130 243 117 46 -204 191 18 95 182 128 -88 -193 35 204 -66 -208 -48 -180 140 89 -237 213 232 -106 -13 134 181 -78 -34 -176 108 119 -224 126 62 228 -21 136 -229 -213 217 11 50 67 118 -105 184 -141 -164 -146 194 90 -26 -212 -218 -249 91 -135 -75 163 -3 219 -183 -157 -245 -85 -199 -8 -246 -113 120 218 -1 28 147 -247 24 -223 -233 82 -19 -89 -95 64 -160 -206 -162 -22 51 231 74 121 216 -170 49 79 246 71 107 42 208 -112 245 -132 -28 174 68 -56 233 13 148 164 32 167 -17 -159 -93 -117 -138 -15 155 -63 17 -101 -125 -150 183 -36 114 81 192 173 -152 -42 171 212 -74 -61 58 -161 43 48 135 5 215 131 -178 -210 -153 214 -32 -214 -16 -30 176 -221 -143 20 226 -173 -7 -217 30 -109 -115 209 -215 -62 110 -100 -90 138 -227 -158 -23 201 14 187 144 -39 -166 60 44 -71 -60 -219 78 244 196 -86 137 160 -43 -12 -194 115 -96 -2 70 -192 -49 -147 80 6 84 -137 93 40 151 -234 -186 221 -184 54 41 172 -94 -87 113 -97 -211 109 124 189 -185 -127 190 -27 162 -228 -76 -155 142 200 66 103 -179 75 -144 -235 -239 -129 92 186 157 -236 -189 -248 145 -110 -238 -73 -156 -69 36 -122 -142 220 202 -197 130 19 83 -82 73 -145 -92 133 -163 55 -65 206 4 -191 199 -10 185 197 98 -198 -171 238 -6 102 177 -118 97 -123 -40 127 21 57 224 86 178 195 34 241 143 61 -79 -190 -172 -167 -175 22 -136 122 26 223 -91 96 -25 -244 -126 -52 9 -220 -149 225 -207 222 247 27 -83 165 53 0 38 47 -45 -232 -80 175 236 -54 -133 234 104 -9 -81 -119 -77 -151 -98 -58 158 37 -139 -68 56 -4 -64 105 -181 -242 -24 -174 -131 -225 -14 235 152 -38 -35 -55 94 -216 8 -120 -5 249 -222 -59 15 193 -203 -182 -108 129 7 33 -134 29 230 -111 159 52 170 -103 -196 23 -116 -31 -201 -209 116 -231 12 156 150 76 203 210 132 -72 39 65 77 -202 -41 168 -51 2 -20 -37 -195 -53 -241 1 -18 -50 72 179 -169 85 112 -47 125 59 123 69 248 10 -121 -200 -187 87 188 -114 
TEST 11 ARG:-6 245 65 43 198 109 -42 105 -48 -125 67 -120 188 60 123 -122 134 -200 -65 -39 110 -77 139 4 28 52 45 115 -117 99 94 -234 64 72 102 -157 247 -10 166 -173 -29 -247 -115 -89 192 157 -223 -185 -177 -70 204 61 -168 171 -99 30 107 -127 186 -227 40 220 -63 167 230 174 215 124 -101 201 -113 68 100 -69 21 -40 197 104 80 -79 225 216 -83 -232 233 -32 -88 75 -59 5 -138 -137 2 238 -246 70 199 -71 -41 148 218 -108 -155 93 149 58 -161 187 -105 -202 24 211 -9 35 -102 15 -58 228 85 -198 -146 152 -148 214 -201 -152 -74 -240 53 -86 -36 -110 154 -207 182 -55 -196 240 20 -16 -126 207 -172 -128 -23 177 -245 229 145 -184 33 -45 -114 95 -213 26 222 -50 -72 175 212 -103 -25 165 -61 -165 18 -96 219 191 -194 -230 -123 208 -180 243 46 97 -221 -233 133 -217 88 -13 8 185 213 -191 50 -174 -209 159 128 116 -175 -162 210 -170 -90 226 -195 -241 -109 179 -231 -129 -5 -53 42 -239 -183 -106 161 113 119 -22 -212 217 71 -135 132 147 -210 -75 -87 -91 38 203 160 136 -130 194 1 -60 -33 -49 137 138 209 125 163 244 -229 11 -80 27 -111 206 77 -224 9 82 -1 -51 22 -147 3 51 -238 129 -159 -76 -197 -187 -4 -178 37 223 74 -131 -35 -17 32 231 158 -31 172 227 248 -84 -228 76 -242 232 -192 -186 -216 -73 -132 -30 -62 111 39 17 -181 7 -140 -107 -164 0 89 -116 12 176 92 190 103 205 106 -237 -171 -100 184 155 -149 140 -47 -44 -81 -145 90 141 -182 -144 -67 -236 181 -189 122 49 -8 83 47 126 -94 -176 -166 -160 -27 41 -188 -248 -7 -142 -244 79 -219 234 36 69 -250 -19 63 -136 120 108 130 -54 195 -218 221 153 -208 -118 242 235 169 156 55 -11 -82 150 44 48 135 -93 -222 73 -43 -66 236 246 239 -220 91 121 10 59 -203 25 -225 -38 -151 162 117 -124 146 -68 144 -121 -28 -37 31 -119 -143 -98 81 -2 -156 -139 -18 -226 6 -12 178 14 114 87 -235 -112 -179 -14 -57 151 131 -214 -167 241 62 -199 196 29 170 96 98 -205 -215 142 143 -141 180 78 -169 -133 66 -211 -20 -15 173 -150 112 101 -193 202 -34 13 -26 249 118 193 -134 -46 200 56 -3 -97 189 84 -190 -24 237 -154 127 23 -52 -206 164 -249 -163 54 86 -153 19 57 -104 -21 183 -85 -158 -204 -243 34 168 -78 -92 16 -64 224 -95 -56 
TEST 12 ARG:-53 -177 -190 -91 -45 154 245 -201 -238 -180 82 104 -90 -225 -242 -206 -198 -77 228 212 -226 150 176 93 -74 -162 193 127 136 49 -134 41 -118 165 -26 -51 122 -114 70 217 137 -9 59 199 -60 -50 -14 169 -203 124 -20 58 -23 -194 229 -208 218 -86 117 134 -61 17 89 -38 -135 112 -115 57 98 54 -223 -246 -2 -3 -117 198 4 208 -233 -17 241 -165 -7 79 -65 -221 135 -214 -57 129 223 -48 120 -182 207 14 -19 -12 144 -109 -192 184 186 -209 -49 -154 29 -75 -16 13 28 175 238 -39 -37 -141 -171 147 195 -40 -240 166 -222 140 6 -35 21 23 -143 -197 9 172 182 -176 87 -71 148 15 128 -138 219 7 138 235 50 -231 -150 -227 221 -220 132 155 -125 -204 -210 -92 243 31 -123 189 230 -42 48 231 -81 -156 181 -249 -187 -76 -10 220 149 -27 -229 197 123 73 -107 244 -166 110 -80 125 192 -93 -78 215 121 -215 201 -193 115 27 -216 -66 162 62 106 -168 -239 196 -224 108 -106 160 -155 119 111 55 -159 -232 24 214 92 131 -67 96 -130 180 -153 239 -89 116 -63 249 68 -212 -186 12 -211 -72 40 95 118 71 -195 -31 234 37 237 -47 151 -111 -158 -184 188 -58 32 225 194 -139 100 20 185 145 -121 -205 -100 -97 -146 -6 101 173 -96 74 -5 -124 -200 26 90 -183 178 -29 -137 -24 -122 163 107 -160 -18 -22 -230 158 -52 164 0 1 133 242 94 -152 -69 -199 -244 -145 114 81 -126 51 -30 84 170 -83 2 202 -87 -15 205 -179 -170 61 -248 -157 216 -1 -148 -181 179 200 47 130 156 30 -120 -99 -102 -136 45 -113 191 -235 236 5 248 211 -175 -36 -21 38 102 -116 174 -33 -140 39 25 -174 105 213 -88 -188 -34 -163 34 224 -129 177 -202 167 157 -133 -82 80 -218 36 246 -73 -62 -28 75 206 183 247 -59 -56 -84 3 35 99 -219 56 19 -43 18 -127 -191 -169 -245 168 113 -85 60 143 -112 -213 88 -98 153 222 -79 22 -247 141 -228 126 -70 -44 161 204 226 -32 -41 139 -104 103 16 210 -46 -95 69 -172 -185 -144 -110 -178 -149 109 66 -237 78 187 -161 52 -207 43 -241 232 77 -250 146 -25 -55 -189 -108 -147 91 -196 -132 -64 240 67 97 233 -11 -131 11 -119 -128 -105 142 209 44 -173 72 159 -8 8 227 85 33 -142 -103 152 -243 83 42 -151 -68 76 -164 -217 10 64 -54 -101 190 -167 171 -4 -236 203 86 -234 63 46 -13 -94 53 65 
TEST 13 ARG:34 231 -43 59 -216 133 -167 186 -72 242 -243 71 123 127 -5 180 -105 50 -6 -140 -22 182 228 216 201 53 -205 -237 179 117 97 -119 67 56 -189 -162 164 65 -207 197 -107 135 -136 -84 24 -196 -127 -24 11 220 -98 -222 170 -1 192 6 92 17 76 -44 -83 42 -57 -158 175 -218 -63 -187 -209 219 -242 -220 249 49 43 -31 -103 -101 -147 22 4 241 208 31 -151 -227 35 -78 -212 147 -37 187 -155 177 62 -34 146 -2 -144 99 -191 -194 -195 -17 80 -164 118 122 115 190 174 207 -56 -10 205 -133 236 221 -172 -134 -165 173 -60 -235 -193 -23 -30 215 -168 68 2 240 213 -213 26 103 15 -184 183 16 -12 -28 19 -239 229 5 -122 162 -199 -71 -41 -201 88 -110 -54 -108 -111 -231 211 -48 33 -38 -150 28 63 184 64 38 72 223 124 45 -50 -15 -179 248 -58 -53 -116 204 -221 -67 -211 -61 91 -232 159 79 -244 -138 -163 -106 226 81 -52 -21 163 230 -35 -224 -93 -202 51 -128 7 -47 -114 39 -19 148 -241 -186 -92 194 -104 237 29 23 -99 -190 -152 78 129 -117 168 98 -79 113 -51 102 58 -88 -40 -62 -82 121 132 193 -121 100 -197 247 -59 125 150 227 -174 -64 144 -161 -81 -118 85 141 -173 -25 93 12 234 -229 176 27 -68 -132 -180 -156 -77 222 -49 -159 172 185 -33 83 -206 -214 -185 60 149 142 -236 -89 55 -178 89 -203 -204 109 169 161 235 -32 155 -39 -131 -9 70 126 145 -80 178 225 -109 -188 -20 69 114 -146 188 101 73 -181 191 214 181 106 199 -170 -177 137 156 -124 -4 37 -182 138 139 -247 -166 152 -228 32 74 54 18 -26 224 131 212 200 112 -123 105 -125 143 -69 13 46 -126 166 -215 -75 110 -250 -94 -135 -154 -139 -14 -130 -225 -160 -87 -86 198 30 -153 44 167 -76 238 -13 25 86 47 244 -100 -3 40 57 -208 233 95 10 -36 61 -73 -65 -113 -66 195 246 -74 119 120 128 -183 -230 116 -46 -200 -175 157 111 -85 -171 -192 239 -219 153 -246 48 -176 -91 -16 90 87 218 -148 -143 -95 75 -217 -248 -240 -18 8 -149 -142 66 96 -238 134 -157 158 217 94 196 130 -45 -112 136 21 20 -223 -29 151 -120 84 108 -226 140 245 -249 -70 154 -42 0 -233 77 -115 -96 232 9 210 -90 52 41 -141 -198 82 -137 -8 243 14 -169 -97 165 3 -27 -102 206 104 160 -145 -129 107 -210 209 171 1 189 -7 202 203 -55 -234 -245 -11 36 
TEST 14 ARG:13 -172 -244 -240 83 95 14 168 72 128 -213 84 -95 -27 -160 158 204 195 227 -168 7 -19 56 248 -88 -33 -111 -69 -192 2 -102 144 -211 -241 10 175 16 -182 238 -120 185 -79 210 249 88 -137 103 -231 -150 23 231 246 63 -62 39 224 -97 35 41 -6 -206 -136 -70 -1 -205 29 -50 -13 -57 -90 -163 92 100 193 -8 -210 -208 4 85 -32 177 -157 -204 18 -209 32 -128 203 176 -46 221 -207 -129 189 -91 -112 -52 151 152 -78 -235 94 -110 -183 80 -98 -26 199 -141 153 -155 8 -37 -124 -186 62 240 34 -225 -44 147 15 -196 184 81 24 -193 -17 68 87 -250 154 -164 -71 67 -219 214 -176 149 234 -200 235 196 156 -20 125 -14 -125 -51 52 59 -24 17 -166 139 -75 244 -249 55 -39 202 179 65 58 -23 -144 194 -36 186 160 -234 -140 138 89 -203 48 -215 97 -31 -146 -11 127 110 -2 -47 167 201 -66 54 -178 -104 -96 -195 190 143 -198 -117 -59 74 109 -108 112 -65 173 -139 -185 211 -218 -147 226 66 -170 198 155 200 -131 213 -86 -220 -81 -49 53 -142 30 207 -167 -107 -217 -222 69 233 -134 -29 218 130 117 -105 -189 212 165 -119 -216 172 -113 107 104 119 -53 -239 64 178 -242 -103 -54 -226 90 1 -25 33 -12 -100 242 -135 20 -22 -233 26 106 -171 -21 -92 98 -236 -154 -223 -109 11 37 239 -138 93 -80 36 205 181 -77 -16 187 223 25 42 161 -248 -9 -122 247 121 -229 -175 -212 -181 -7 -34 -116 122 -99 -143 105 -238 38 -87 -232 -246 243 -89 -199 21 -114 78 -173 180 -221 102 77 -174 -30 101 -18 -127 9 131 75 116 222 40 99 -58 -41 -48 150 -197 159 46 209 215 -243 -28 -156 229 -115 57 -130 -151 19 -55 -40 -179 -118 -201 -94 82 71 129 31 -165 0 -74 -190 47 51 142 245 49 -121 241 -153 -194 -191 134 135 -133 -72 219 169 -152 183 -67 140 236 45 136 114 -3 -15 133 6 -202 166 170 -64 27 -177 -145 -76 230 174 220 -188 -38 -214 217 206 137 132 228 -43 164 -227 -237 -148 -169 76 44 -4 124 182 -85 -106 -63 91 115 3 -126 118 12 -132 -159 237 -184 141 -101 126 145 108 5 -84 -56 -187 -228 171 -82 -42 -10 197 -224 -60 -162 120 70 -247 -230 -5 -61 -73 -158 -180 225 -83 28 146 111 192 60 -45 -123 157 -68 188 191 -161 216 -245 -93 163 86 79 43 73 208 50 -35 96 162 22 -149 232 123 148 61 113 
TEST 15 ARG:-169 -81 84 133 93 -15 -62 -92 176 212 -162 -131 24 218 111 235 188 56 -161 73 124 2 169 -204 40 5 126 55 -76 183 89 -2 -94 230 241 -117 -147 152 245 -44 222 -27 -205 75 23 -17 17 143 -238 -231 12 -32 -28 77 -136 -153 -198 -234 -58 215 236 -151 115 -177 168 -42 -73 -138 214 242 181 119 -158 -74 19 131 203 -175 211 195 41 67 100 -47 -71 -172 -60 51 139 196 -14 90 237 180 -134 -16 87 -4 32 -164 -216 -78 60 92 207 137 -59 220 -29 122 229 184 -160 198 158 118 69 189 -137 96 -188 109 74 -248 -13 16 43 -229 232 46 -103 105 -206 221 130 3 -30 -143 -237 163 -181 -90 104 76 -179 172 -139 -142 4 103 -99 -79 -88 -55 -25 -156 202 -233 140 -240 -51 -119 -54 248 135 -113 142 134 -89 -37 63 146 -228 15 -5 -82 -232 36 -50 -87 33 -26 110 204 197 -128 -67 -230 -203 -244 6 -135 246 -80 72 -75 34 113 -242 53 208 -40 48 -227 -102 -70 -57 -127 -109 249 38 162 88 121 26 -20 199 -3 -167 -49 85 148 -86 159 -121 -132 -93 47 -236 -226 -77 -174 -56 71 -241 -189 175 -154 -111 185 -95 205 -106 -7 30 -224 -185 -235 -247 8 240 234 -41 44 29 219 -202 31 -130 -83 108 91 -163 -68 13 -1 200 -173 216 -22 -98 107 193 -118 49 98 -45 -207 165 -211 -112 -195 120 -213 -125 182 227 -201 151 -85 157 -145 -168 52 239 -199 25 54 28 136 -36 213 42 -157 -124 -126 -180 190 145 141 -23 231 -97 -146 -225 80 81 -178 -159 166 -149 224 -243 11 -217 171 206 21 -115 -105 167 186 -129 14 155 -196 156 -19 -209 247 228 -219 -53 -6 102 -208 -200 178 132 226 -101 -246 217 -141 -46 18 22 174 101 -222 -197 99 123 -100 -239 -133 -65 179 -183 -215 170 9 -122 39 -39 144 -108 -21 177 160 82 7 -214 127 -66 244 191 -110 -12 -194 150 65 -182 164 -35 20 -34 79 -212 -150 125 -52 -8 -11 -218 112 -184 -69 154 187 97 1 -84 -221 35 83 -155 -64 225 128 45 -250 -245 -72 66 117 -193 243 -104 238 -190 -107 57 -96 194 -191 -148 70 68 153 -220 223 -120 149 -91 -176 -18 -63 -140 37 114 -116 210 -61 116 94 192 -24 -166 59 -144 -249 -48 233 -187 10 201 78 0 -33 -186 -192 -38 -10 -9 27 138 -43 -165 147 64 -223 -210 -31 161 95 -170 61 50 209 -123 173 -171 -152 86 106 58 -114 129 62 
TEST 16 ARG:-75 53 -175 -68 -154 27 45 57 142 -93 -171 69 -115 -204 -25 172 -164 7 241 -28 -176 -232 87 171 -13 162 -162 126 169 204 -46 -76 -234 114 247 132 206 245 -214 -170 98 -213 20 71 222 -116 50 -143 184 -168 -200 -126 9 -194 144 -18 -105 -237 208 113 54 -227 -142 -87 -151 154 -78 -49 -118 86 223 -139 -63 -159 -167 218 117 -177 194 -96 37 -98 -226 189 73 90 213 -82 196 63 -215 -212 19 -17 -114 -207 38 22 29 -89 -241 129 80 131 157 -21 -56 43 18 246 -81 60 -182 -74 -160 -50 243 -181 152 -14 85 103 -140 199 14 138 8 149 143 -110 91 12 13 -145 -19 44 -42 3 -5 -29 -54 -149 -186 137 -192 161 23 -222 -195 -233 238 179 181 215 147 0 111 -73 239 230 99 -178 106 -55 -127 -35 -231 65 214 39 62 -209 153 168 240 -27 -79 -221 186 -218 -196 231 -183 -41 16 116 -99 -225 -201 200 -106 -179 -208 -157 -122 188 136 -95 -138 -33 -45 -125 -146 191 190 78 68 -22 47 -69 -2 4 197 61 -246 249 234 40 124 226 165 159 -128 235 -8 49 -64 -57 93 170 178 5 -10 221 -185 -191 166 -38 -124 -58 36 216 -158 -156 -101 -239 -188 163 -16 -107 164 97 -165 -62 135 -155 34 141 -94 95 -235 79 -184 174 -77 -147 -247 17 205 -187 -65 -198 -67 64 -161 -129 15 -166 115 217 -180 46 -52 203 173 -30 150 67 -85 94 -61 195 175 211 33 224 88 -210 -199 84 125 -119 219 225 -7 82 -11 83 -112 -6 -97 30 229 -51 -39 108 -245 -44 193 -190 220 11 -206 233 -72 -249 110 158 -90 180 -1 25 35 -47 156 109 48 -216 -193 -102 -220 -130 75 -53 -88 -26 107 148 182 134 155 227 56 -9 119 -197 10 123 -173 -137 55 -243 228 24 41 -236 122 -66 -48 120 -189 -59 -203 1 198 118 2 -219 207 -244 -37 -91 -86 -3 -242 -117 212 42 -31 185 58 160 248 -141 242 -153 -148 146 176 187 81 -144 -80 -121 21 -223 -32 -172 6 59 -120 -100 -229 -36 -217 -12 177 145 -131 237 77 202 -60 -34 32 72 130 -248 -152 -136 112 -211 52 -169 -205 92 183 -135 28 105 -15 -109 201 128 209 236 -134 -103 -123 133 26 -150 -240 -70 -132 101 -84 -224 89 70 -238 66 96 -133 -104 104 31 102 -228 -23 76 140 192 -202 -174 -250 -20 127 151 139 -111 51 -230 -108 121 -113 -43 -71 167 -92 -4 -40 -83 232 -24 244 -163 100 210 74 
TEST 17 ARG:-236 -42 -178 -153 -143 107 -207 205 184 -57 -176 -96 -107 229 170 96 36 -12 182 34 -249 -66 216 -4 -125 220 246 -117 -159 97 144 -86 118 204 -82 18 192 -157 221 -8 -16 -108 -156 -135 -235 9 -208 -41 -34 236 -233 109 46 157 29 103 148 156 -198 133 23 -14 43 213 -172 -74 -31 -45 -11 60 151 1 137 -228 190 -3 -30 168 30 232 -37 160 155 47 240 134 -205 130 -26 88 -151 -201 -83 -51 -73 199 -244 -85 -80 -61 64 38 100 -94 -92 146 -101 186 95 -212 -202 -238 -237 48 -179 -112 33 -116 -24 -2 135 -67 -218 -95 22 21 -22 -186 -155 -91 242 228 89 -110 -239 -118 41 73 238 -199 79 -216 121 -174 -35 173 171 125 -136 85 -146 -20 226 -70 212 -158 49 214 -77 193 -241 -90 147 -140 191 185 183 -17 -229 231 208 -128 91 -184 -242 -121 -141 74 -122 -243 224 -161 175 113 10 42 210 -213 176 -52 -7 25 -75 92 67 200 -111 -148 -114 128 164 71 3 -47 80 -182 -173 -53 93 -204 -102 -131 27 -188 -38 -10 -196 45 51 -9 -234 -119 -27 -46 -134 -248 69 198 114 235 165 -97 -162 234 99 12 -39 -166 247 138 -217 98 123 -171 -180 -109 -123 227 -227 -190 -203 -194 -99 102 -195 -40 -103 90 110 -209 53 -127 218 -219 11 56 -240 -23 -145 141 76 -220 -150 13 -231 -100 -87 -168 -78 -28 58 127 -71 159 -139 115 -104 -89 -13 -84 32 209 -137 180 215 149 -50 -133 129 106 206 -48 65 -211 -68 230 -187 -6 -245 161 -1 -106 -79 -164 62 -197 -200 -183 -88 -250 181 197 -191 -170 -130 -49 -32 87 -65 -18 -15 -129 203 225 -222 150 -132 -126 243 -124 4 177 -192 179 132 50 70 104 -163 -144 124 31 16 37 -54 -5 -72 -149 14 131 39 -214 63 -44 68 84 -120 -36 77 -221 -59 219 -115 -177 -224 -246 -81 54 112 -152 211 55 -225 -175 145 202 116 81 117 178 152 241 0 222 66 83 163 5 194 44 -147 -181 108 -138 119 82 -230 15 126 52 8 -76 -33 -21 72 136 20 -226 24 -98 26 162 139 28 166 217 -142 233 248 239 19 237 196 -232 -160 120 -215 -169 223 187 143 57 188 153 195 -210 17 244 122 142 -167 -56 -62 245 174 86 -113 154 172 -189 -69 -93 189 201 -185 -60 2 111 40 -63 -25 -247 -105 167 -223 94 -29 -58 7 169 -206 35 101 -154 -19 -55 -165 -43 59 61 -64 105 75 207 6 158 249 140 -193 78 
TEST 18 ARG:-67 -135 -118 -88 -161 49 -164 -116 120 -76 239 -181 207 123 131 206 169 -58 -77 71 -146 236 -224 -108 -152 72 -35 241 195 64 -87 -151 132 105 92 -41 175 234 -144 -177 193 47 52 84 75 -194 -168 63 -155 -211 229 -53 158 4 -167 240 97 216 -204 -206 118 -13 90 159 -29 186 213 -174 -180 -1 -162 99 -90 -100 143 101 196 -31 -214 -185 150 -165 53 224 126 184 247 -61 17 -15 86 -95 167 -228 55 -26 -244 134 -54 28 214 -205 -114 245 190 -236 -32 185 121 -212 35 182 -64 46 -154 26 -38 -208 -213 60 226 -237 34 -160 -70 68 147 -16 -222 -109 -158 215 202 -17 38 164 91 -83 -235 -198 -69 -60 183 14 5 93 -65 -157 166 181 -234 16 43 -188 19 -153 15 -248 187 -40 -229 -98 21 -91 128 -193 -149 44 220 -102 148 82 23 -30 106 61 154 -74 95 -150 -169 -6 22 208 -101 -57 153 -200 39 243 -47 -9 -202 117 -172 -170 12 146 152 -249 -239 98 -124 100 -139 -97 119 -52 235 -137 62 142 155 36 80 200 -240 -232 -28 160 223 141 227 -140 33 199 178 -25 149 74 192 -171 -104 111 -103 209 -105 20 179 77 205 -43 7 -46 94 242 -42 1 232 108 -37 -141 138 -126 233 -120 -217 -27 -159 -80 212 -117 113 -121 51 83 2 219 -84 58 127 180 107 -129 191 228 -79 156 25 88 11 40 176 -225 168 -113 -73 -3 162 -99 -62 203 -96 -11 230 -166 237 42 139 189 248 -179 8 -24 -72 -49 225 161 -131 -134 -145 -223 6 210 -56 56 -132 -242 -241 -136 30 85 9 133 -10 67 -106 -48 54 -197 151 78 -36 188 27 112 -215 222 -184 45 177 -173 -81 163 -187 -226 57 172 29 -2 -127 -119 -92 -231 -128 -115 3 174 -250 145 -176 96 -148 -4 231 130 -23 -86 -203 -196 -122 -112 157 114 -34 -50 217 171 -8 122 -20 -66 -7 165 31 -94 -190 -218 -21 110 -89 65 24 10 -68 79 218 -14 -71 -182 244 -216 -75 -209 59 136 13 -39 249 -18 -93 129 -195 70 32 102 221 104 -227 -230 -207 137 76 115 -142 -123 -192 -210 135 73 -125 -82 238 -183 -44 144 -12 -175 140 -191 -147 211 -63 -55 246 -247 -33 103 204 109 -186 69 -111 -45 -59 -107 -19 -5 -189 -138 -143 -51 173 197 -110 50 0 66 -221 125 -130 -220 89 -245 201 -243 -22 41 18 -238 37 -85 -233 -246 81 116 170 -156 -199 -201 -178 -163 87 -78 -133 198 -219 124 48 194 
TEST 19 ARG:-70 211 206 -140 148 215 -90 -180 -231 -131 -221 -2 -134 153 204 43 14 -208 70 -207 -199 -201 12 81 183 156 72 -237 159 128 -148 74 13 248 90 -85 -93 -19 179 -94 -66 4 -216 -81 24 214 122 89 -190 -202 91 200 0 -18 -82 -101 247 -240 -53 -178 -211 -222 -103 -228 59 -144 192 -172 121 -67 1 18 -179 95 22 68 -75 73 54 -91 222 -96 69 210 194 -114 -129 -31 158 64 23 -45 114 20 -196 157 -99 166 191 161 -13 213 63 -184 -238 -204 -167 160 -17 168 129 111 -220 -233 98 119 -224 150 -92 -162 -139 -121 -23 -117 -159 36 147 -152 82 219 173 -128 -38 -107 77 44 -11 61 -149 -4 109 37 97 83 -105 -155 -33 151 -74 -232 -34 169 -214 244 -122 -16 -57 218 209 102 28 -239 -20 142 -39 -171 -61 88 105 249 15 -195 25 -36 -59 220 141 -191 -68 -109 51 103 38 -242 118 -130 39 96 -106 -187 170 217 3 53 -174 175 -126 -125 -136 -78 -21 -25 52 45 41 -56 -229 94 -86 -8 -77 -166 -169 -84 195 -6 -218 76 -182 187 -1 -41 8 9 -72 -170 -113 67 104 -73 -62 238 236 205 112 196 -5 -63 143 -10 75 190 -83 132 -217 106 80 -177 226 165 57 117 -244 -147 31 33 155 -146 107 19 -110 245 186 -193 -54 -181 -209 212 -22 46 -250 180 137 -245 71 -145 197 -241 124 -14 101 -100 -230 40 -194 -104 -51 -76 243 -108 -64 -197 -213 -119 -248 178 241 29 -26 -243 113 92 -186 -133 62 -158 223 232 126 188 134 -137 125 146 233 201 86 176 -80 203 -115 -154 154 131 225 -7 -176 -32 -60 -30 -135 227 -48 -47 -40 -65 -141 65 -215 115 -219 130 -89 246 -185 -225 -206 228 49 -157 -118 145 -46 -3 -236 34 -226 35 10 181 -95 -132 -200 174 -192 -203 123 -102 -88 237 110 199 42 -24 30 -223 27 164 140 -163 184 149 32 -234 135 -98 -28 189 85 167 -124 108 -160 -120 84 17 -183 -37 -164 193 198 7 216 -153 231 177 -150 2 47 -173 240 -235 239 -212 -246 93 79 -249 -175 -151 66 -111 -142 163 202 -138 -168 182 -27 235 58 -112 -12 -15 171 -165 -143 127 21 229 100 -189 136 -227 120 139 -123 234 6 55 48 56 224 -44 208 -9 -247 144 172 -198 -188 26 -116 221 16 78 -69 -58 99 87 -205 -97 5 60 -156 -161 -87 133 185 -79 116 242 11 -127 -50 152 -55 -71 -43 -35 207 -49 -210 -52 162 50 -42 230 -29 138 
TEST 20 ARG:213 -30 -23 -29 -99 153 149 -77 47 68 245 36 88 9 231 -97 32 -54 -53 150 158 -107 100 -113 -86 95 67 -179 103 202 237 -180 189 177 186 144 -108 112 -70 147 -212 246 140 240 218 -158 -105 -55 -194 61 -141 -117 26 8 -32 222 -82 234 12 -156 -89 -36 211 219 174 84 54 172 178 134 238 108 102 -115 -160 83 249 7 120 207 13 21 182 -170 -150 205 -126 -208 -182 187 29 -224 -58 24 -98 99 101 -69 -171 -91 -5 -4 188 -50 31 89 -56 19 -149 142 152 79 -166 155 -219 48 126 0 229 -79 -112 -62 -104 -100 -227 -122 161 220 -24 -45 11 212 111 -35 -235 82 -3 -42 -244 -101 217 110 204 -199 -232 -247 85 76 -162 28 -157 107 148 156 22 -83 -19 4 -226 -47 -119 -27 -165 109 136 71 192 -37 -129 43 191 -242 -125 227 40 -67 33 75 -84 -164 52 -145 59 -61 224 72 -240 206 -46 135 -103 -241 -135 -81 -34 -250 -127 -181 -139 -15 -217 -136 -133 164 94 -74 169 91 141 -49 133 230 -57 166 -134 -243 -128 247 -111 198 216 -18 -90 117 53 193 -192 127 -238 -13 -213 118 -206 228 181 -88 1 44 196 159 -132 -177 -130 239 183 -184 -25 50 184 60 -40 114 46 86 -22 20 -202 98 209 -229 -228 -60 -28 151 -142 -152 163 -230 -246 -38 -169 -116 6 123 185 -41 -210 160 137 -187 16 38 -148 -195 -223 233 167 244 96 162 113 176 -10 -66 70 203 215 -16 35 200 -211 -205 55 232 17 190 5 -175 92 -94 -21 -93 -236 124 25 -151 18 -31 3 143 223 -214 93 -176 -33 37 132 74 171 -231 -11 -207 -63 243 97 66 -26 -87 -197 -120 -1 -147 -52 -178 77 87 214 -140 15 -215 -245 -203 119 41 62 -146 27 -17 -20 -233 157 -159 -249 -209 -172 -131 -14 -161 -73 42 -144 80 -248 -190 -12 104 199 73 208 226 248 -51 10 -239 -185 30 241 -154 -137 -153 179 -71 -222 -123 -78 -72 56 -95 -118 -163 -189 -201 -204 -168 -220 145 -183 -138 -80 39 -59 -196 -106 -2 -200 -143 -173 154 197 -174 -43 -92 235 -191 78 -218 139 173 -39 125 57 34 -114 -68 -48 63 -124 -225 106 64 -64 -193 51 165 128 -237 122 -167 195 -188 -76 -102 236 168 201 -44 -6 -65 146 -110 116 58 -234 242 -85 105 14 175 194 -121 -75 90 129 121 -7 65 23 -109 170 138 -9 221 -96 -198 180 225 -155 130 -221 -186 115 69 2 210 -8 49 -216 45 81 131 
TEST 21 ARG:-21 106 -156 121 67 -104 -138 8 3 221 75 -218 90 -62 -106 138 -185 56 -187 -175 65 58 -196 -92 70 229 -226 -173 217 15 39 57 88 216 -227 115 -210 49 -76 -122 -215 240 211 -37 -158 -33 -165 -131 -117 50 195 -49 25 68 -161 -41 97 -83 -36 -46 -180 -97 -137 -71 196 -63 18 -194 236 235 170 -27 17 113 -248 -189 165 -75 241 -130 -17 -53 -124 186 -246 185 -8 -177 66 -91 74 23 -128 -77 -193 -198 -65 -111 232 -119 13 129 83 160 -231 -129 -67 -84 26 40 -238 206 -30 199 -101 52 -222 -50 -191 -123 -219 164 -42 98 33 55 166 -197 -152 -151 107 22 -23 126 135 134 204 198 -80 224 197 -174 150 167 175 42 51 -166 -73 212 -169 203 71 -4 -98 -2 73 -162 152 -209 -249 0 -108 205 124 4 182 -10 -69 142 81 -236 -217 246 101 145 -31 -120 -159 -188 242 148 -135 -212 -170 -214 -28 178 220 -19 -20 168 130 154 96 174 172 -90 155 -6 -3 -126 -64 91 249 -13 89 -145 85 177 -16 -234 94 -94 -240 -157 -176 12 -87 -102 54 104 -148 -202 -68 -110 -26 162 118 -250 92 76 190 35 -204 11 103 -39 -150 -141 -34 79 -24 -149 227 24 -247 -207 -229 243 -164 -168 -79 171 141 34 -18 -1 87 230 -35 -136 192 -52 72 5 -190 99 -147 -12 95 -243 -224 116 200 146 120 -109 210 187 -216 119 183 -72 218 -103 117 -206 -118 -232 245 226 112 43 36 123 -239 -112 -125 47 -70 -195 -15 181 -115 207 193 -223 176 -58 191 -89 -153 -142 -146 86 -57 -93 179 -163 180 62 151 -44 -139 46 110 -22 -230 -203 10 -186 -78 -181 100 7 -178 -237 -5 44 -99 32 -220 29 84 -140 -242 -11 60 -105 -96 -38 9 19 37 69 219 41 80 -171 -233 30 27 20 -82 -133 -100 131 158 48 -143 -116 -43 77 -211 2 147 -184 140 -132 188 209 222 -9 237 108 -183 105 157 61 -54 111 -160 139 -60 -7 213 225 -245 -235 -66 136 128 53 -134 125 208 -172 -208 169 -47 1 -113 -213 122 -205 -167 -114 -199 -144 -45 -221 64 6 63 38 -32 215 -85 238 194 247 231 -48 -86 127 -14 -154 -241 -55 31 239 149 156 -25 248 45 228 132 78 -179 102 -107 -40 184 -228 137 109 233 202 -59 234 -29 -56 173 21 16 -201 -192 -200 -61 82 59 -225 214 -127 161 14 189 -74 163 -88 -244 -121 133 28 -51 -81 114 159 223 143 93 -182 -155 244 -95 144 201 153 
TEST 22 ARG:-240 -2 -34 16 -189 -93 34 87 -114 243 -36 -16 -21 229 213 57 -119 231 -229 -8 182 -144 -42 14 39 5 -165 -91 -231 -72 81 -51 -192 173 79 85 -30 61 -23 -204 84 -61 83 -17 51 94 -18 -217 -172 10 217 -62 102 77 -5 185 -109 -250 -37 -196 -53 70 30 -105 -157 219 -3 -180 171 -95 -64 162 -208 -99 -79 114 146 -137 105 -76 3 -228 -96 -227 -182 216 137 237 -194 -249 200 140 196 210 -232 -113 -245 -131 -160 195 21 -215 80 -41 -135 -12 161 50 174 22 -106 54 -185 2 -197 222 153 101 144 -243 -39 220 145 -234 -136 132 47 -226 -220 240 -190 241 -55 -65 247 214 -221 134 123 233 183 62 -211 110 -59 56 -25 52 -241 31 121 148 -74 6 163 69 218 -210 -111 192 4 -178 -184 197 42 175 248 40 238 242 108 43 164 -86 236 119 41 99 -223 38 -183 -10 -78 176 97 66 -94 -174 -152 -75 249 -73 -68 -97 -205 75 -90 141 211 73 -218 -155 244 -58 -156 234 12 154 -139 -195 -201 -83 -14 106 -130 29 71 -108 188 -4 124 -104 -45 1 -70 -27 -158 160 48 191 -40 -225 127 -150 -47 -7 -26 147 157 -57 28 177 -177 -22 44 -69 122 232 11 194 -1 -112 -238 -49 -120 -107 -102 53 -199 86 45 149 93 -43 -31 98 -143 208 179 -237 -125 168 -63 -166 135 -175 35 -140 -87 -80 96 125 -60 212 118 -233 193 -176 166 -167 184 143 -242 74 230 109 103 -171 -48 -219 -202 170 82 68 49 88 92 -101 107 -132 65 -146 172 -214 15 -212 199 89 113 235 180 -159 228 -50 -38 -193 151 227 -151 25 100 -173 24 58 -67 138 120 -248 -191 -77 20 -169 -129 201 -98 -163 -239 -54 -123 -71 225 -141 -162 -246 60 -216 178 -207 165 -52 -161 -209 -6 76 -84 112 -206 27 189 245 46 18 204 -200 9 -15 152 90 -134 167 -147 207 55 -89 186 -213 -100 -188 -122 131 169 -44 117 -19 26 215 209 23 -148 8 13 -236 239 -224 -142 116 206 115 -110 -127 190 -126 139 -128 136 -81 -181 -121 202 -32 -149 159 33 -13 -153 19 156 -164 -118 -222 155 224 64 -88 223 78 226 0 -145 -198 -187 -230 -46 -244 -92 32 246 -29 -24 198 -116 7 -179 150 -203 -56 181 128 142 17 130 104 126 91 95 -35 -235 67 -66 111 221 -9 -133 205 37 -154 158 -138 -124 203 -82 -186 36 59 63 -170 129 -103 -28 72 -117 -168 133 -33 187 -115 -11 -85 -247 -20 
TEST 23 ARG:46 -159 107 165 98 28 -78 128 9 164 248 204 230 -49 36 -122 189 152 -148 166 -195 -244 -25 -4 109 18 31 148 76 -123 -41 -45 -99 -242 -222 -34 -106 106 -188 187 195 239 81 222 -67 153 -190 -40 -43 45 -105 -230 -152 15 123 -66 80 162 -87 -189 -84 88 226 -35 -9 -36 33 -140 134 199 78 -169 150 -137 -135 224 244 -250 34 -88 -47 -218 -31 108 -216 154 171 210 -76 51 -77 192 -54 -221 6 -121 -103 194 95 -33 -2 140 229 -163 -112 -165 -12 -46 19 68 -164 40 167 -57 198 70 220 -186 139 232 21 -51 131 119 86 206 -226 -180 96 -111 149 -71 44 -32 53 79 -30 -127 -72 -134 -201 169 97 -150 -64 163 126 0 182 -182 -80 -38 -92 -90 87 -74 -241 158 228 177 -249 -113 -187 136 237 -176 11 197 181 -166 -175 -94 -245 211 59 -217 102 247 24 84 117 217 196 -117 -204 -147 -61 120 -198 -83 156 52 27 75 5 74 144 151 159 20 35 -58 89 -53 146 -114 -24 121 -210 243 175 221 116 -238 -50 -8 -98 -173 -208 191 -145 -129 94 143 -115 130 138 85 212 69 -107 -170 60 25 -16 -158 225 -139 -10 -142 208 -178 -19 215 -184 -223 173 -124 50 179 183 -29 -21 -62 12 -212 -143 241 161 160 -118 -96 115 -172 -109 -91 155 73 125 -235 223 -193 201 122 38 -108 90 -168 10 -174 -214 -160 -81 231 -131 -48 -70 -233 58 57 -224 -125 101 114 91 65 -194 37 245 -138 41 63 -128 -219 -93 200 14 249 -247 -213 172 104 -239 -6 -104 62 -211 -234 213 -120 -196 -100 145 -52 -101 132 233 61 30 22 -116 -22 -229 168 118 32 -157 -126 235 -181 47 -167 124 -44 -13 129 -27 -133 214 -11 -236 -39 42 174 -18 -110 -15 -136 -162 209 205 -82 176 -206 186 -119 7 -28 -7 66 127 -149 -225 -75 -14 170 112 2 -156 -202 -161 185 -63 -130 13 1 -37 -199 -17 -60 56 157 17 -97 -228 39 -220 64 -205 184 3 -59 246 16 -42 -1 -177 216 218 -73 147 -155 43 -23 141 23 -132 234 -237 -89 -191 137 -179 83 238 180 72 -153 -79 -243 -102 203 -240 -20 -86 71 202 -185 99 236 -203 133 -144 -209 49 -231 188 54 -141 -192 -146 -95 142 178 -68 110 92 242 -215 240 82 -69 -246 -200 29 219 8 111 -232 4 26 -3 77 103 193 93 -55 -85 67 100 -151 227 48 190 -56 113 -183 -154 -207 -227 -248 105 55 -65 135 207 -197 -26 -171 -5 
TEST 24 ARG:-33 106 -207 191 143 195 -153 243 -232 172 -99 212 -96 -165 144 -208 -79 -156 138 33 228 -122 -135 206 -27 64 217 150 -3 209 -174 173 50 -177 244 25 -16 -200 -196 19 102 31 -133 -141 -146 -214 107 36 82 -110 -224 -53 79 115 -111 -134 92 182 -82 -38 -236 -86 131 -124 -11 -158 -219 -176 -68 -93 -39 145 -244 46 -52 -137 105 73 -228 153 38 218 -64 -119 -56 197 -26 93 -148 -14 -164 -116 -246 -154 17 234 -152 231 75 -159 114 155 190 -203 168 81 54 80 159 170 136 62 227 -54 -48 -184 -23 -28 -105 -78 194 -31 49 -43 246 -199 -241 157 -44 -179 188 -12 84 215 113 -162 -139 161 69 178 -245 180 -61 86 44 124 41 -220 -183 83 151 174 111 -202 154 -10 123 225 -5 110 2 148 -21 -84 117 -32 63 -37 213 70 90 196 6 -100 -249 162 91 142 220 -229 -233 -66 -24 -204 229 -20 43 245 -97 202 -186 -13 -4 201 -201 -167 129 61 101 -149 -157 -190 39 118 -187 -218 -114 3 -163 -180 -242 -144 -237 248 133 -59 -25 -63 18 -223 51 -81 -65 -2 1 -243 171 60 164 -74 247 165 119 -230 -145 7 -50 32 98 -115 30 -101 88 -222 23 152 29 -194 -77 -57 147 -227 -197 158 241 -62 55 10 242 223 210 -94 78 -142 37 65 130 -75 24 -181 45 -171 -250 232 146 40 233 169 -143 -55 -103 -121 -248 -60 14 22 -36 -83 77 -117 -76 -104 -188 -45 199 -205 -212 4 237 -131 -195 167 -35 132 238 -150 -231 183 -102 -41 -91 -240 -185 59 -127 -238 53 109 -120 48 35 -125 137 -1 -193 -239 141 -46 226 34 149 85 -123 -226 5 -161 -192 -22 -182 -189 108 -108 -221 184 -72 56 208 222 -109 -140 176 8 181 128 211 186 -155 189 -69 -51 187 -30 -85 9 -95 -73 135 -47 205 26 -9 112 -112 103 235 72 100 104 -80 99 -87 -19 -206 126 -168 71 94 -70 13 -178 219 -17 122 -173 52 96 -234 42 134 16 -90 -132 -151 -235 156 -88 -7 -29 57 68 -209 -8 -130 -34 -213 66 -89 89 120 -126 193 -147 11 0 230 127 216 12 -18 179 192 -118 21 97 160 -217 -210 -15 -128 163 125 -113 -6 -40 67 -138 -170 -216 240 -42 -92 -172 -169 214 224 -107 -160 95 58 -166 -215 -49 -67 207 74 -106 204 -58 175 185 47 -175 -136 20 -198 -129 177 87 -71 140 -247 28 239 139 -211 27 221 203 116 76 121 236 200 166 249 -191 -98 198 -225 15 
TEST 25 ARG:-136 -175 9 -7 -10 245 62 -102 104 -83 -58 225 -173 -42 -189 174 228 64 25 -43 190 -68 -202 84 -191 146 -132 53 -221 -35 5 36 126 43 89 92 -51 163 60 -82 -89 34 153 28 -54 35 67 -121 94 -109 -137 -213 154 212 -1 151 -78 -103 37 133 -104 211 50 232 -46 240 -129 219 152 -134 117 131 -171 173 -151 -47 168 -49 -107 221 54 -48 125 -118 -18 87 112 21 242 32 -117 -209 90 -184 -13 -99 -92 79 142 220 24 -126 -188 -225 70 -174 138 42 175 1 155 -182 -208 78 -11 12 -170 -164 74 -143 -119 176 80 214 76 204 -95 -90 30 59 -215 -123 -33 109 -32 -166 -154 27 -74 -16 -130 -159 -247 -100 -223 96 127 -181 -27 -105 29 170 249 -59 -110 177 -192 147 148 167 58 183 7 218 -245 -4 108 209 203 -196 -155 -190 -34 120 -25 -127 97 -214 -240 -219 -210 158 -200 95 -160 -94 31 106 186 166 223 -180 2 -84 -178 -231 185 -236 10 110 130 56 244 100 -72 47 -8 194 66 -226 11 184 -186 195 -45 -60 -232 -238 -242 -36 -124 196 57 248 157 169 116 156 179 -168 139 41 198 40 -153 160 187 -61 -38 63 111 20 129 -52 -20 61 -183 -125 149 200 -37 -131 -172 -116 -229 6 141 -205 91 23 -14 83 -177 -2 102 132 -67 26 -235 -21 -77 180 216 140 46 -146 -246 192 -218 -50 124 128 88 -217 85 229 -250 123 -53 -157 -241 52 -234 -156 -165 -152 99 39 231 -70 82 -15 48 -98 -22 -114 -79 98 -150 -139 239 -73 -19 -55 17 72 -187 161 -135 -197 -224 -31 -80 86 -220 -203 210 49 189 199 115 -163 -40 -144 -3 213 233 -76 206 75 -6 101 -169 188 3 81 -212 -63 -71 202 -216 -29 -62 51 -12 114 122 22 93 178 -26 136 -237 -88 -195 -28 71 68 -199 -158 -56 -193 -142 145 -227 -5 121 -162 -194 -75 119 -228 -113 -93 -69 171 73 -243 105 13 -248 134 33 159 135 -66 208 -91 -206 -145 201 144 143 -44 -141 150 -64 207 -30 107 -249 182 -101 -81 -230 103 -87 -23 4 230 235 -122 45 -111 -112 18 215 217 -239 -133 69 -233 164 -57 246 162 -85 -176 236 -128 165 224 -41 -179 -24 222 247 15 -140 193 65 205 -244 -222 118 -161 0 -211 -185 -147 241 -167 172 137 -204 44 -106 181 -207 226 -198 16 191 55 -115 -120 -39 243 19 -17 -96 14 77 113 238 8 -201 -138 237 227 -86 -108 -65 -149 197 234 -148 -97 38 -9 
TEST 26 ARG:48 5 145 -32 200 -23 -102 86 168 246 -7 -18 -74 107 240 190 62 242 -21 -228 -148 165 193 -22 184 117 90 153 71 22 -135 -225 -67 -40 -226 -131 58 28 124 -16 249 -139 248 181 140 -19 -173 218 -240 -188 82 215 183 235 -245 68 136 59 -234 149 132 164 27 -30 -159 223 -51 230 -219 -160 -176 -121 -20 176 -147 -222 102 -161 122 155 -246 -54 6 120 -158 -249 116 -13 166 -130 197 -230 150 -232 244 -48 -93 -25 -126 -200 -12 186 171 66 -77 51 45 -204 -128 -223 -238 205 101 -170 -85 -224 195 -205 56 -164 201 -163 137 98 -195 -28 34 37 -49 111 -123 36 -11 173 -24 231 159 146 -76 -9 -171 15 -220 18 12 138 243 -14 -127 105 199 162 -42 -217 -3 -209 -237 245 17 24 10 -59 196 7 -221 110 174 -152 180 -180 84 -84 175 -248 69 147 -89 13 -125 -96 -117 -190 151 -55 -196 -179 125 237 8 -86 -247 29 -60 220 103 -5 198 -172 -162 226 247 212 -6 160 -116 94 121 -80 -90 192 89 170 152 46 232 133 -10 104 -193 234 -103 -52 32 -157 49 -17 -203 38 -92 31 -73 52 214 -197 2 -182 216 50 93 -8 -187 -88 206 -33 -91 -56 -233 77 -34 227 179 -207 -175 -178 9 -206 95 -98 209 203 -15 -106 -184 91 -79 194 115 65 -227 75 20 -108 -132 222 19 221 233 87 112 219 -141 142 225 -65 -100 -241 -156 189 -124 -218 204 241 207 -99 -231 47 -229 -1 167 -169 -138 108 -185 -41 73 127 -62 -155 -129 80 202 106 -115 -105 228 161 211 191 -191 -214 76 -199 148 172 -43 -35 131 -137 -50 217 85 134 -58 -71 78 188 -61 -168 -44 -47 -145 -244 130 -136 -239 -118 79 100 -140 -215 182 39 67 126 35 208 -46 -146 -37 -201 96 -2 -63 118 -134 -183 14 -151 144 -208 169 -111 156 -213 -120 141 -154 239 92 -94 -202 44 -194 -242 113 -144 -192 -133 178 -186 119 -29 177 -243 -69 64 88 185 -83 33 -53 -64 61 -72 -4 23 -26 135 97 158 224 -66 -236 -82 -166 -167 -78 210 11 25 229 -27 21 236 -57 -81 -149 213 128 -101 55 -142 114 -45 -114 154 -109 109 -36 57 -119 26 53 63 -31 -177 -189 123 -250 16 -39 157 99 -235 -143 -122 -165 0 -97 -153 70 -198 -216 83 -104 -95 4 187 -181 30 129 1 -212 54 238 81 -70 163 -38 74 40 72 41 -210 -68 -211 43 60 -150 -112 139 -75 143 -113 42 -87 -107 -174 -110 3 
TEST 27 ARG:-66 130 0 -226 246 -13 8 -195 55 -116 172 -115 -125 69 -95 108 -249 46 -88 -216 107 -113 28 190 162 233 -221 -148 74 -55 138 -186 -42 222 201 -3 -160 -170 114 -139 127 239 -208 3 23 -154 -2 152 109 209 167 -217 203 -117 38 182 170 -236 -96 247 -238 94 -206 90 -200 113 24 87 195 248 116 140 -181 -111 -68 72 -152 142 132 -159 106 217 -190 -178 -204 -85 -137 2 -8 -168 -17 -41 110 -175 26 -145 -81 34 -78 -135 -56 147 58 -48 198 -101 82 -124 151 196 139 75 -244 156 32 71 -25 -219 141 200 -143 61 -246 211 -120 -50 236 65 19 -75 150 221 -223 -82 -142 -129 215 -36 -46 85 -203 -179 1 39 232 -38 -228 54 57 240 14 111 -235 176 -97 100 241 -15 -35 124 70 135 -163 -222 25 -205 -119 -110 -62 -92 -196 104 81 -109 -161 -64 187 33 131 208 -105 48 -247 -73 -24 -164 -102 -34 -177 136 212 -19 -245 -153 13 -211 -45 -126 129 40 174 193 31 188 112 166 21 -131 -49 -58 63 11 -212 -134 168 -53 -90 137 -213 -74 97 126 214 16 210 -32 -40 93 194 -76 164 -184 123 216 -146 125 -86 157 -30 -33 51 -121 -192 42 160 -230 -20 41 -1 78 220 163 86 205 244 -104 -239 -183 192 143 -103 -43 -91 -18 161 62 -243 -248 84 158 -84 -151 103 -237 -127 -60 207 7 -233 -79 -123 83 133 118 10 -185 154 -176 128 -155 6 231 53 -173 -182 199 -197 43 -51 -172 197 189 -225 -4 27 225 -44 -47 77 -83 -227 79 5 49 -12 -136 66 -214 -180 -157 234 145 -14 -27 -52 -6 -100 120 165 -140 173 184 37 159 -191 245 -187 47 -224 18 -122 -229 204 60 -171 101 -166 -108 29 -165 155 -93 73 249 -162 -231 67 177 -5 -89 95 227 -188 206 134 -218 237 105 -199 115 68 -174 -106 -234 -167 119 180 -37 52 20 -240 -61 4 -201 91 -29 183 89 15 -193 -22 224 -67 -21 238 185 -71 -132 -98 230 -69 -77 -210 88 -241 149 -232 -250 175 -10 -202 -215 -156 -87 -112 -65 -59 35 -11 -169 17 218 44 -28 -23 181 235 -133 -198 146 -94 92 144 -138 228 36 -7 202 -128 -99 -107 -26 -72 59 -207 96 -70 179 148 -149 169 -147 242 -144 -9 153 45 -150 -80 178 -31 121 -114 64 117 -194 9 12 76 -63 30 229 22 102 223 -220 -16 171 213 80 -54 226 -57 191 -39 56 -158 -130 99 219 243 98 -141 -189 -209 186 -242 -118 122 50 
TEST 28 ARG:-78 -214 19 -65 -113 -37 178 185 -40 -191 -152 -43 210 206 -80 -96 -79 -32 -182 -1 -48 -104 -138 4 -68 -132 179 76 -139 -200 24 116 9 -189 -117 -24 182 -245 -116 -107 12 148 226 48 -146 170 -184 -35 -165 -236 168 132 -38 -70 125 29 78 144 34 -173 173 -114 83 84 -103 -243 -222 -21 -22 155 239 -16 43 3 107 119 65 13 -249 -201 36 47 245 -145 56 171 -111 10 157 60 45 30 -188 88 235 -81 -14 57 -102 162 220 -59 -46 -166 -167 -39 59 -7 61 133 113 -186 -244 165 219 -226 196 -123 -28 95 -209 -204 -170 -206 53 -198 -76 -56 167 207 -3 -86 -210 216 -187 -61 110 -130 -45 -30 -131 176 5 136 -246 32 1 -142 -221 126 42 -175 -53 -193 -231 -73 -223 99 -176 169 72 21 211 183 97 64 -134 198 -196 247 0 -55 164 -101 73 181 -83 -190 40 141 54 130 51 -137 -242 80 -77 213 234 -157 25 -202 147 -155 227 50 -154 98 218 96 -82 52 204 -178 -119 111 -150 104 20 37 -71 -15 -156 161 -205 -147 208 233 187 70 228 -239 180 149 -126 242 -153 -99 123 -91 90 -229 -225 -136 232 58 2 -185 -18 160 112 -2 230 -74 -19 -97 -158 68 -17 241 89 79 -160 177 -233 -135 -241 145 139 151 67 159 -199 31 108 74 92 -203 122 -106 -42 224 -34 -141 -49 62 -164 -177 -93 117 221 -44 202 244 -23 158 143 -151 86 -25 101 217 237 150 -88 194 118 105 -94 205 -67 -33 -51 142 -26 209 85 -121 -75 71 -218 193 -36 -219 102 -194 -180 184 215 166 -216 -128 -140 -144 246 94 -181 -163 -89 14 189 -192 115 -143 -169 -172 -105 -50 -234 229 154 248 33 -207 -4 87 -85 81 -52 -127 -174 203 -11 -6 -84 -118 91 -228 -179 -95 -31 214 16 -66 120 -58 201 82 -92 -90 186 63 -148 -133 -60 -9 -63 -108 -232 -27 -247 152 -161 -98 137 131 100 -69 129 -29 106 188 69 8 249 -212 134 66 28 -124 93 -250 -168 -220 -240 138 172 156 -100 -227 -13 -162 55 77 -149 -195 75 -57 17 -10 128 -159 191 103 46 243 -237 -41 -248 -208 238 200 26 -238 -64 -62 121 114 15 38 -112 -20 197 146 127 212 -125 -109 -5 -211 225 -215 -230 35 190 -213 -171 -197 -183 -224 27 18 223 -54 199 192 195 240 -235 109 124 -110 7 23 -87 -8 140 22 11 -217 -12 49 -122 39 -115 -129 41 175 174 236 6 153 135 163 -47 222 -120 -72 231 44 
TEST 29 ARG:-183 0 -64 174 97 -60 121 24 -184 181 -77 -57 -111 198 73 199 -37 -54 -45 -1 -206 -190 169 1 -142 -7 -246 237 107 -134 -17 84 111 -232 122 217 -78 87 194 208 45 124 193 -226 -14 78 -26 -120 -88 -29 -69 98 -34 -131 -83 -123 53 -133 248 88 -197 8 167 101 -194 -81 -182 -82 228 -137 127 -22 -84 -93 155 -3 -140 -241 -155 68 -169 232 -189 55 159 216 -13 80 -205 247 -40 60 82 220 -102 -157 239 229 -164 -214 -191 -98 245 170 -210 -149 166 -65 148 -187 -68 171 -94 100 35 -224 -67 -5 -44 -228 149 -221 95 -217 205 32 -203 -127 -2 -141 -148 179 -177 -231 -43 58 -165 -179 246 25 146 141 -201 -136 113 -105 49 -213 -25 -185 -168 182 -207 74 -107 106 222 -23 -198 -38 -154 110 -223 -48 187 -118 102 -4 -109 -130 -166 -122 -145 31 200 185 145 19 11 -176 119 137 -63 -153 -209 -218 -199 211 115 138 243 -90 177 154 16 27 9 184 -55 4 -10 -112 156 -146 -46 -104 46 -85 164 -114 -233 -49 -79 92 -192 224 62 -216 -61 54 6 108 235 41 13 -175 79 15 94 -59 -50 -171 -95 -230 168 -181 152 203 -151 -249 52 147 38 17 195 -159 44 -220 123 -41 -188 -244 -18 -52 236 -16 128 -196 -163 47 10 -106 -19 109 120 241 201 -126 240 61 -119 83 64 -129 37 -204 218 118 103 91 180 206 -160 -76 173 -15 -172 50 -36 -208 -174 -53 163 -42 -51 161 23 -56 2 -110 -35 188 56 213 151 77 244 -239 130 -20 125 -47 131 -202 -72 142 186 81 -222 183 190 -30 67 242 -11 -219 189 -128 -75 30 249 -248 20 71 231 -167 -227 93 172 22 207 -96 -39 215 -212 143 160 136 14 196 -135 -87 150 -200 -139 -89 104 -66 59 -225 76 -156 -152 -9 75 48 86 18 214 -245 -91 221 238 126 -80 -195 63 -100 51 158 34 -6 -173 134 -138 -243 -125 65 -238 133 -193 3 -121 117 112 -71 -8 139 40 -21 227 -236 -158 -117 -237 -144 -124 230 42 -27 29 -113 -103 33 -180 -242 144 175 70 116 132 234 5 -211 223 157 -186 -170 72 90 -247 -28 -161 -73 26 -178 -143 191 -74 -92 96 -235 -24 209 66 178 -12 162 -234 -147 28 -58 -215 43 99 -115 135 225 69 -97 -150 -162 192 -240 -250 36 197 57 212 -31 21 129 7 105 -108 -33 176 226 210 -116 -86 204 -229 -132 114 -32 153 219 202 140 39 -70 -99 -101 -62 233 89 85 12 165 
TEST 30 ARG:-35 -173 249 45 -144 -100 -90 37 68 23 -197 -204 -148 -136 36 152 -210 158 -205 118 -48 -240 -217 16 5 -171 215 -117 14 -92 -61 229 201 -143 -151 63 71 192 -152 191 47 127 4 -20 -250 49 -87 -5 206 175 -166 -221 17 -12 170 -122 171 -223 -84 165 181 3 92 -6 -3 -1 -101 112 198 -106 -52 -129 -65 -76 151 -13 30 -195 -149 -66 189 9 -102 -193 -125 166 48 -26 102 123 194 80 -220 84 167 110 90 -73 222 -229 154 138 106 247 -89 -44 59 -244 143 -43 160 -54 -235 -243 -60 -128 -78 -227 217 -111 -231 -172 -32 -110 163 -29 226 -175 -36 161 94 -59 -246 -167 242 168 33 -162 -121 190 147 111 46 186 -81 28 -98 25 29 11 -114 -156 187 -27 -103 -131 56 -7 27 237 -118 -58 -71 -141 238 22 -80 74 121 -99 10 -181 -189 -236 223 113 -178 -212 231 -127 54 129 79 -233 51 248 211 141 -224 -109 -142 -159 -95 53 -249 196 -213 -67 101 125 228 -160 207 -10 77 -57 220 -174 -150 180 169 95 -232 57 -237 -30 240 -208 -154 140 -239 69 234 -18 -168 105 115 218 -200 137 -88 199 178 -96 -104 -211 41 -41 -9 64 -248 214 -155 114 -16 -158 156 58 -242 8 26 -19 -91 177 -163 124 -56 -201 -241 -123 -216 -77 -108 -179 208 213 227 -22 91 -47 148 -185 -39 -165 246 39 76 -17 233 108 -161 219 -140 87 83 24 -134 42 50 -245 -187 6 120 1 -64 -50 2 139 -24 179 -153 -225 43 172 131 86 -107 38 -202 -203 216 99 60 -238 -113 65 -124 -180 159 -42 -97 -170 153 0 -196 200 183 245 67 78 209 -68 244 -40 40 44 176 136 224 239 100 88 185 203 -177 142 -157 31 13 -133 -8 -132 21 193 7 -69 149 -21 -79 173 61 93 -45 116 -138 126 144 -137 -38 -63 20 85 -186 103 -70 174 -194 -49 241 135 -72 -94 134 -31 -2 204 96 55 146 -215 35 -222 -199 164 97 -147 128 -116 155 132 -74 -226 184 232 -183 -15 -145 66 236 73 15 98 72 109 -46 -14 235 -4 -184 34 70 -33 -234 -37 19 212 145 -75 -247 -85 122 119 -164 117 -219 -112 -218 182 18 130 -209 -23 -120 52 82 -93 -139 104 -176 12 -34 -228 -62 205 243 221 -169 75 -53 -119 162 81 -55 -105 -198 -130 -86 -188 107 -214 197 188 -192 225 133 32 -182 -230 230 -135 -28 195 -82 -11 -25 202 -115 -191 150 -83 -207 210 -190 -206 -51 -146 -126 157 62 89 
TEST 31 ARG:-203 -151 162 -80 -75 105 56 141 -134 -38 -48 35 -138 79 112 182 48 226 230 -109 207 -223 2 88 166 193 132 224 151 -83 -155 -110 28 7 -181 -145 -237 -33 -160 -97 234 78 5 -129 -114 -57 149 11 -22 -177 -121 91 23 -227 127 214 -133 237 55 54 70 53 37 -87 85 122 6 -1 65 -229 -170 188 168 -154 164 -220 -119 102 -205 -59 69 195 -35 -61 49 -201 -130 142 -11 -10 129 -184 133 211 190 219 -146 -29 -44 -218 -217 75 100 -17 -2 -219 120 198 20 158 143 165 119 57 -211 36 215 -90 94 -152 126 177 42 -70 -95 59 45 -142 -178 40 -174 -102 173 -98 -47 -20 121 -161 13 -199 -31 -43 189 -135 130 247 -46 -214 201 -96 58 128 -32 -86 180 43 -68 -242 -212 10 -175 -137 -136 38 148 157 -117 -41 -107 103 -198 -215 249 -40 52 -23 -50 -71 -224 -89 184 145 92 101 161 90 -226 -192 137 243 239 223 -105 242 -162 -180 -104 -37 27 111 236 -45 217 16 -30 -204 95 202 72 155 183 4 -166 -93 -56 -67 108 -16 96 -173 -82 -172 -103 244 -127 -241 213 61 -123 83 26 -113 18 -149 174 125 209 228 -195 206 -188 175 232 205 104 -230 225 -12 -185 115 -222 109 -210 150 -147 -63 1 160 110 -19 -156 199 -158 15 -202 231 -76 -88 -143 -247 -126 -49 241 -190 -74 -55 170 -6 60 -159 -187 -165 -246 21 246 -140 178 -236 -144 -51 240 -228 -54 -209 12 118 124 163 3 147 146 80 -4 152 248 -106 71 -200 -148 116 47 -18 41 17 169 -79 -116 233 123 -52 -238 -25 -118 204 -249 138 185 192 186 8 159 135 51 -58 -108 220 -179 140 -77 -60 218 39 0 -153 172 -111 -235 -225 107 -221 139 64 19 -91 -39 46 -26 -78 9 31 187 -100 171 82 74 229 -112 76 -14 73 -206 -92 -189 -128 -207 167 -186 44 -66 -73 24 -62 -171 -3 66 114 136 221 50 -233 -5 67 34 30 -34 62 -197 84 200 -81 -53 -84 29 191 -8 -157 -250 -194 -191 81 -131 -122 -36 222 25 14 89 194 -99 197 -28 -21 131 -169 179 -244 98 -120 117 -115 99 -9 -213 -132 238 -231 245 106 -42 -150 -27 -183 -208 -164 -15 33 -182 -94 -69 22 77 93 32 181 -72 -176 210 -243 -245 -7 -65 -239 -85 154 196 -124 -141 144 212 235 -163 -139 -101 -167 86 -216 -232 -168 176 87 -125 203 -193 -248 -13 113 -234 153 156 63 227 216 -24 208 134 -64 68 -196 97 -240 
TEST 32 ARG:204 -130 -155 100 -189 -66 -167 -222 189 2 108 214 -170 61 -242 78 103 -186 -79 142 213 -13 192 172 -185 125 128 -158 -180 69 43 -195 -164 17 -200 -213 -100 -151 -37 -229 -135 -240 143 -74 245 187 104 133 79 -108 -205 -83 -41 -223 141 130 220 198 -105 137 82 183 20 -24 -125 -197 -212 -65 -99 -11 160 -154 127 112 50 -71 42 129 -127 -8 -56 -9 211 166 135 244 207 97 -96 -93 -15 9 -30 99 102 86 216 -53 -226 184 -227 84 -149 107 -198 90 95 -248 188 45 34 68 -60 202 46 232 49 -32 -102 -38 -50 -29 -245 -187 117 -7 -31 13 -35 75 -247 110 -57 -82 -76 -152 1 -128 203 27 -80 200 -64 -45 -238 226 148 7 179 -132 181 38 196 0 162 182 -4 -191 -120 -85 111 -68 -39 -163 -78 147 149 -101 -157 -203 -110 109 170 -84 240 12 -190 -1 -26 88 227 -138 -178 246 175 40 -196 -133 91 48 83 80 153 195 119 -148 236 -156 -19 -54 65 217 -177 152 249 -144 -113 168 98 145 -215 -184 -111 -12 230 -134 -95 164 6 173 154 -233 209 73 24 113 -88 -206 16 165 -40 72 -103 -89 136 31 52 -5 178 85 -171 -70 81 132 -73 106 -86 157 234 92 212 -106 116 -169 60 -121 26 -244 -165 210 225 -174 -118 138 89 55 -51 56 134 41 37 -234 140 146 105 21 186 -143 167 -94 219 15 -16 -146 -25 -104 11 -239 -44 -61 -75 -183 18 -175 3 4 -145 185 36 8 -160 -137 74 123 67 -176 19 -3 96 -159 221 -112 -33 -208 -81 -153 -216 -114 -52 -23 -166 -91 201 176 228 -69 237 118 206 114 151 -168 -126 35 155 174 23 -246 -162 -115 159 -182 -202 101 -192 -27 197 70 51 71 124 62 -117 -17 -204 -21 -173 177 28 161 22 -46 -77 169 238 -161 39 -219 -230 10 -181 63 -42 -2 -107 -55 -14 -92 190 -193 87 -49 223 -172 242 -207 -122 218 150 44 -58 248 77 -250 224 -116 -62 94 -218 -140 -18 121 120 -228 -243 -214 -36 -221 -129 -123 241 58 -225 -67 156 -201 -90 -224 235 191 -147 29 54 -98 25 194 233 32 222 139 243 -235 -63 131 14 171 5 -236 -72 93 -47 158 66 -124 -6 -188 -109 -139 193 144 -119 -241 -59 247 -142 -220 163 180 -217 231 53 -48 -209 -210 -10 -194 -232 -179 229 30 239 76 -20 -231 -249 -199 -34 126 -237 64 -22 59 -43 -141 -131 -150 199 208 122 33 115 -136 -28 -211 215 -87 205 57 -97 47 
TEST 33 ARG:231 -149 95 215 158 135 -3 -188 -151 219 238 19 6 124 -193 228 193 175 93 139 246 -13 14 23 -131 -172 -168 50 130 235 -37 32 49 -75 105 -158 34 -229 -204 -140 134 -80 -106 97 76 -240 -212 196 217 -7 -15 35 -58 233 -165 -239 24 177 -206 71 -221 -166 172 -197 -111 224 248 206 -138 -219 -51 86 -237 191 -207 -125 -231 -218 144 -235 46 -139 189 -88 -16 146 -199 232 -89 -113 -107 -181 9 -177 -79 -154 -246 -83 -228 -39 178 -72 -171 -186 169 174 116 52 -128 -192 66 -164 55 176 5 220 -18 223 186 67 -244 -124 -232 -2 -14 -38 -77 -156 47 51 -78 -110 100 104 -86 -26 33 -85 -5 -147 -176 -19 -87 2 96 92 -28 -9 -29 -217 167 -96 41 28 -148 118 -122 218 -8 230 207 -202 70 -59 -121 213 -183 -174 -126 -49 170 -146 82 236 151 -157 212 -48 -42 192 194 234 -245 27 61 -135 -11 184 133 80 -195 90 64 -22 202 150 103 60 240 142 -142 -12 229 21 -64 -56 181 1 -99 -130 7 -62 -226 77 25 -211 204 156 120 125 -167 4 109 40 247 -233 244 -236 143 20 -191 -162 106 91 165 -249 -194 3 57 -210 199 226 -4 -52 -1 -170 -69 12 -40 -47 117 188 31 208 112 -109 62 121 88 48 -136 -213 241 161 89 -105 222 -123 17 171 -55 -53 -73 -200 -134 -30 -190 227 108 -27 129 245 -17 -65 -36 -32 38 -41 15 75 -169 56 -173 126 -153 -63 -238 -198 107 -76 54 -127 200 -54 114 -250 148 -45 147 -66 37 -33 179 36 -180 -141 94 182 190 -108 -201 164 185 -102 72 -20 205 -112 214 166 -61 128 99 -50 154 29 10 -216 -155 -35 -196 30 131 -234 42 59 -178 65 -243 11 211 237 127 -44 -241 162 140 -225 13 -67 152 111 73 -10 159 81 -227 -161 -90 210 -81 -133 115 249 137 163 -104 -91 242 78 239 -101 -247 -116 145 -132 198 -187 -209 79 -222 -230 -70 0 -208 -145 153 -93 -24 45 -160 168 197 141 -152 -220 -60 -182 -94 119 44 -137 -119 16 -184 -205 -82 -143 39 -129 -46 113 83 -242 -103 -179 -74 243 123 -98 -57 173 -68 69 -248 203 -84 201 195 43 187 -92 -21 -175 101 157 155 -215 58 183 85 68 -224 -6 -114 -189 74 209 180 110 26 -71 221 -31 98 136 53 -95 63 -144 22 132 87 -23 122 -185 -100 -203 -163 -223 -159 8 84 -97 216 -34 102 160 -117 -43 -118 -214 -120 149 225 -115 18 -25 -150 138 
TEST 34 ARG:-26 -143 -17 131 -27 185 -42 -209 -111 152 -173 -79 222 77 -97 70 -78 26 234 -242 -92 94 -102 -109 -200 -156 -186 -58 164 29 197 -2 -68 158 48 19 95 226 80 -104 242 -103 147 -225 -31 157 136 -50 146 -136 89 83 180 -249 -84 137 199 244 139 168 -62 9 -47 -219 64 218 17 105 55 -95 -172 -198 -138 -170 209 58 -234 33 -130 28 46 128 -192 154 159 35 -166 -152 -148 -239 -158 27 -221 237 -140 72 67 149 66 -71 92 -46 -168 87 -53 116 -191 -122 -48 -181 -16 215 193 246 -175 42 216 184 -110 -153 54 198 -6 -89 204 144 109 -177 -14 113 -121 -125 -222 167 38 133 -33 -206 -208 14 -183 -169 -93 -217 -127 160 228 65 -145 121 232 -180 107 86 -128 47 -18 -229 103 -124 -212 -119 -19 151 -151 -134 74 108 247 -35 175 -120 -150 51 104 -85 -243 179 -214 -245 -226 141 -38 -90 117 190 195 -9 -15 248 -13 230 60 -162 -164 -132 0 -59 196 -144 -115 -52 99 -215 -203 -194 -72 -86 53 125 221 -230 -237 192 -65 23 -32 -55 84 34 -139 68 120 -20 -178 219 -133 249 -107 -131 173 -238 207 -12 11 98 150 -135 -216 236 -174 171 -98 -83 -155 -149 -141 -3 -117 177 -69 -201 2 229 -171 163 -218 162 40 25 -5 114 138 239 -114 126 203 178 172 165 31 -30 1 123 -23 -241 235 -231 240 -160 243 148 170 102 18 -63 82 241 43 3 183 132 231 7 -165 169 5 130 -205 -51 -57 -28 -185 13 -100 -126 -1 81 100 22 220 127 -88 213 155 210 41 -244 -108 -94 -75 208 214 182 -193 181 110 -73 -64 -74 111 -157 -41 -224 186 -154 -101 -96 97 135 24 -190 -61 93 227 -146 238 -24 -189 200 -240 -228 -227 10 30 -182 201 118 88 129 140 -7 49 15 71 4 -10 -82 -99 -87 57 -77 -112 112 245 78 -67 211 217 -232 -40 189 -163 73 39 -161 212 6 -39 52 161 50 206 -248 -235 -223 -250 188 59 -36 -199 12 -204 174 56 -207 101 176 -25 -37 -195 -187 -106 233 -29 -179 124 -70 96 16 -123 -210 166 -176 85 -129 -159 -43 -60 -197 -11 -167 -49 36 224 143 -80 69 205 194 63 -105 -45 32 187 45 191 142 202 -22 -91 21 75 20 -142 -147 -246 37 -196 -213 91 -233 79 -8 8 -54 -220 -44 153 -137 61 -113 145 119 106 -116 -66 225 -4 -236 -34 -81 -211 -247 -76 -118 223 115 -202 76 -188 62 -56 90 -21 122 134 44 -184 156 
TEST 35 ARG:-245 162 -209 -125 74 -148 232 3 -8 121 45 91 -235 231 225 224 -149 -49 195 -132 -28 -121 -71 190 7 -35 -60 67 -65 -141 75 -142 -200 244 174 123 -40 43 -16 18 207 -249 -14 -47 76 -185 -210 -89 -240 -188 173 -202 161 163 171 -152 -242 78 -166 -55 -172 -171 25 -195 39 229 -3 -187 -230 145 -69 243 -182 172 -10 237 -68 168 -198 119 -161 -231 -145 102 -98 138 48 -100 10 158 -217 110 -151 126 -222 -193 33 152 192 127 37 -82 -134 35 -183 -19 131 -156 82 -180 83 184 -225 12 -4 -30 -58 204 -29 199 -72 -219 86 9 -115 77 117 241 -211 104 -17 201 -96 -130 233 -94 -143 183 149 230 99 -237 -239 209 129 -108 -83 214 62 23 205 235 177 90 -207 193 -174 -37 94 103 -104 111 2 -224 159 -179 169 -176 -212 -244 130 -117 -21 -113 -137 57 -250 72 189 175 106 -51 -43 -25 -120 217 -12 213 -243 16 -91 196 249 -57 -2 96 8 -158 -85 92 19 -167 -90 0 -223 203 236 -76 -109 136 -101 32 -216 -226 -118 -122 211 156 140 21 -246 58 88 153 -50 73 216 -173 -64 -15 69 115 208 -42 -92 -93 -79 -208 -63 -45 -204 -138 -34 -61 -190 206 -227 -13 -203 34 166 66 -162 101 80 -78 -165 -128 -247 133 -160 146 105 178 -1 -74 148 185 181 -26 -31 215 -218 29 -105 -184 132 15 51 13 191 139 -23 226 -199 -46 -154 -102 49 -168 -119 124 240 -136 -194 -59 180 -53 227 -236 165 -86 -24 -186 5 -52 -150 -99 113 11 -97 -201 -163 128 -178 38 154 107 -39 -18 186 60 1 68 141 -146 222 27 63 164 147 218 118 -129 -159 -205 143 -67 65 212 79 26 -139 -73 194 219 -177 142 160 61 -88 28 31 -75 -116 151 -241 -38 -5 -95 234 55 -6 179 53 239 -123 -114 197 47 137 -197 167 22 242 -229 -126 198 97 188 155 202 -70 223 109 100 -77 -107 70 -27 221 -153 84 -66 248 4 -135 42 -232 50 135 -87 6 238 -169 87 182 46 -124 -103 24 120 -22 -191 -228 112 -7 -189 -170 41 54 -196 144 -84 -33 -220 -234 -111 -80 150 200 52 -112 -9 -36 -175 -11 -238 85 17 95 220 -214 -144 -54 -221 -48 36 56 108 71 -110 -157 30 -155 134 -140 187 -164 -215 44 -41 122 125 157 247 -181 89 -213 176 -81 -32 98 20 -147 64 245 40 116 -106 -20 170 -62 81 228 -56 -192 -233 -127 -133 14 114 -206 -131 -44 246 93 59 -248 210 
TEST 36 ARG:162 -233 223 154 134 -236 -176 -170 231 -222 210 148 109 240 126 168 52 127 -33 77 -15 156 -132 27 -136 -246 -201 -37 -186 -73 143 -127 -8 -5 169 209 31 -140 183 -150 -75 -204 -217 -213 133 36 212 137 -185 2 51 211 -234 78 -166 -123 -44 21 -48 -2 97 -171 206 185 -67 -50 -155 128 -119 175 15 192 190 -78 -125 173 176 -105 95 -212 243 -161 153 214 -6 25 238 -240 -181 49 86 131 -84 158 108 14 99 20 -28 -109 45 142 -231 181 -71 -77 -224 -229 179 232 74 65 140 -26 82 80 115 56 -93 -130 -90 -160 -39 57 220 107 242 67 -138 44 6 -94 81 -244 218 171 -52 1 165 -31 216 59 -172 141 19 -63 -128 -102 -24 -35 34 -177 -148 139 33 120 -95 -9 -208 -106 -133 -91 -87 88 17 213 -182 -174 -173 163 5 37 -211 124 -92 203 39 201 106 -101 -187 69 -114 182 -112 -83 147 151 -72 184 68 -230 -163 145 13 -20 225 102 -19 -110 152 -214 -32 -137 -242 10 22 101 96 144 38 160 195 217 117 46 -226 92 159 -168 -193 -215 114 -118 -100 104 112 167 193 -188 -228 -207 155 -18 224 -184 -159 9 -46 198 -69 228 233 244 26 28 -98 -143 239 -80 -30 174 -53 -167 -82 -36 -54 -248 -216 -196 -227 -131 89 -175 -61 -120 43 146 -13 247 -202 200 -154 -68 222 -22 122 -220 -199 -139 172 32 234 -59 -223 111 91 -205 -88 226 -149 227 119 -99 -142 -113 241 -65 -146 100 -206 23 -189 150 170 -42 -134 -62 -241 -12 -49 72 236 40 -247 30 -34 -243 123 3 -74 83 35 135 11 62 -47 215 -179 -23 204 194 -151 -162 118 245 249 207 -183 93 -144 48 -221 -41 235 186 73 70 50 -21 -232 -14 -25 196 84 230 130 -96 47 -51 -56 103 187 -169 199 -194 -16 188 -129 -209 53 29 -164 -89 -40 7 -104 -116 237 -239 63 -57 -58 -153 -17 -29 -111 -64 248 -180 41 -4 -27 -122 -97 -218 129 60 -85 197 -126 -135 221 180 76 189 -38 -1 125 -165 -79 -76 79 149 -7 121 138 -198 -70 -124 110 -3 -158 8 177 -190 -178 75 113 208 202 12 18 -108 -121 -60 58 42 85 98 -11 -103 90 -237 246 -145 -55 -191 -192 219 -66 157 205 -115 4 164 132 178 16 116 -249 -86 -200 54 94 -235 161 -81 -43 61 -45 136 55 -250 -210 105 -10 -147 -156 -107 -197 24 64 -157 -141 -117 87 66 -225 -203 229 -152 71 191 -238 -195 0 -219 -245 166 
TEST 37 ARG:159 -159 149 -1 -101 1 -198 222 -165 5 113 -33 -152 -13 -106 -147 -135 133 192 99 125 84 37 183 -25 204 -200 207 -94 -91 246 -58 -220 -185 -41 -243 -209 -176 -201 55 181 -207 110 -24 165 -65 -6 -162 -5 87 147 -62 160 28 112 -178 -36 0 -116 -27 247 209 56 -50 -199 -10 144 -87 187 169 -145 -143 -188 8 -179 -151 -163 -72 146 123 29 17 69 45 96 -223 31 212 193 119 -120 167 -16 115 11 58 -166 -237 191 -39 54 237 -250 221 199 20 101 -238 100 -180 18 -43 184 -225 -239 -206 211 -45 -197 30 -153 41 -226 174 -108 -86 114 189 194 200 -157 -53 -137 66 13 47 214 213 -204 81 60 40 85 190 27 180 229 -8 -7 -149 245 78 -31 -105 -181 185 -132 216 38 242 -133 -81 86 131 -233 43 -150 -115 -40 -95 171 21 -4 65 231 -69 154 -80 -2 61 129 -102 -51 -54 97 -99 -12 89 -34 148 249 235 25 -118 -134 -63 -138 -234 175 172 44 104 92 -136 88 -71 -213 -244 -212 -47 122 -28 -111 79 234 -15 36 90 102 -224 -90 151 -167 106 16 162 35 243 -44 -64 -3 -139 177 64 198 -79 -191 -242 109 232 -161 49 140 163 -146 -173 75 105 -211 103 228 52 -190 -246 -78 219 220 -210 -18 141 -232 -169 -88 -186 -46 -241 -77 -17 107 -76 83 156 -249 -21 -203 176 -208 120 173 -96 67 -93 -19 15 42 -172 -92 -142 -59 -9 -236 74 50 72 -55 -113 -215 24 -124 166 -98 230 -154 -32 -66 -227 -140 -205 -129 62 -235 -127 -48 138 -160 -128 48 202 -219 217 126 -247 -121 77 -148 132 152 208 -248 150 203 218 -192 248 -123 225 -217 197 117 -171 116 226 -177 -61 -155 -164 215 76 -245 -126 -26 -82 7 157 -228 164 142 -131 10 -70 14 -158 -196 -182 -107 196 -35 -84 236 22 -97 -230 -130 32 -144 127 63 -117 161 210 195 -125 -112 134 244 26 -83 91 34 95 82 -189 53 -202 73 -22 -119 241 137 -141 -194 139 -168 33 19 155 -195 -29 -11 -183 -85 145 -20 39 70 3 -187 -193 -60 -73 -184 -67 201 -56 93 -68 239 135 -170 -42 111 -110 227 223 -23 -103 178 -156 4 59 170 -222 71 121 -89 -104 158 -57 57 153 -216 128 143 136 46 -122 -49 -100 -14 206 -30 240 205 80 -37 -52 -74 68 182 6 -229 94 186 224 -75 130 188 -231 -38 108 -109 -221 -114 2 118 23 -218 124 -240 238 -175 9 98 -214 51 179 233 -174 12 168 
TEST 38 ARG:-9 -189 -52 -191 214 33 -62 41 -143 -194 -46 -202 1 159 216 -94 52 179 247 -33 88 2 158 -212 45 -63 178 -231 111 11 -233 -37 -217 218 105 171 173 -116 106 -146 185 205 22 -77 149 26 203 -245 -21 -139 -250 9 -15 229 25 -173 -114 66 195 71 236 -83 116 47 148 -98 -3 -214 39 -155 182 60 -108 131 151 -53 -152 220 48 -169 -164 -196 -76 27 37 28 14 -242 132 -54 -23 -14 -65 120 -57 160 -129 207 -101 65 -186 -128 -225 -151 -244 83 -19 32 166 114 134 -5 -36 75 201 233 70 21 38 115 -109 -12 -10 137 -117 -172 172 -2 -115 -70 -230 204 -66 -85 -163 100 -229 221 -35 -136 231 121 -195 228 20 167 -201 -138 -187 -71 223 -88 -64 12 -133 146 86 -18 242 -175 -235 199 119 -102 93 -141 3 188 -168 -190 -56 -183 -45 79 -182 -91 91 -211 113 202 61 -207 23 152 -176 -58 16 190 62 145 248 -31 -248 -127 200 186 -213 34 -125 -234 -239 130 -203 -79 -153 -24 153 -205 -92 -198 -192 150 -87 154 -208 -161 -185 -199 -75 -55 10 -131 89 104 90 -26 -22 63 72 112 40 -247 -1 102 143 24 58 -113 -246 69 7 157 -69 81 -179 244 193 -126 -184 138 -154 237 -218 -50 -8 -241 -20 30 85 -44 -105 -135 245 -111 125 184 54 -178 246 -142 -120 -48 225 -40 177 -38 -159 162 -27 -148 -149 124 -51 -49 -140 235 77 44 210 -209 15 8 -103 109 98 80 78 208 -123 -215 155 -240 -118 -200 87 -110 215 -86 209 92 187 163 176 51 123 -95 169 -39 238 -180 189 -89 46 101 -220 -166 -104 213 -84 -34 -216 168 64 241 -150 -147 227 142 122 -99 -67 141 -80 -177 -132 135 206 180 73 -47 -158 211 147 240 230 -157 0 234 -193 -223 94 -60 -206 -249 57 197 -232 -236 -100 -171 -32 -97 212 118 232 -226 -144 -107 -68 13 -106 -221 -96 103 -228 50 161 4 222 -130 -11 18 5 -29 -73 139 217 -224 198 -93 -17 -124 -197 -81 249 -41 -82 192 140 67 -7 -6 196 35 136 144 243 -13 84 -59 191 17 -204 -74 -42 -227 239 -122 -90 -162 59 107 117 49 127 -174 -134 43 -238 -222 133 31 -181 -188 194 -4 -61 174 -28 -30 164 128 74 -167 68 -72 82 224 97 165 129 170 226 183 -137 95 110 219 -145 99 -119 108 -121 -210 56 36 -25 -165 6 53 29 19 55 -219 -160 76 181 -112 -16 96 156 -156 175 -243 42 126 -237 -43 -78 -170 
TEST 39 ARG:205 -36 -90 39 -190 -219 -151 216 -229 -88 150 55 6 -191 181 -73 126 197 206 -37 -167 97 -221 -113 194 -162 -64 156 169 -124 85 189 -1 98 34 118 236 132 -38 147 -50 37 -150 -233 101 -33 -185 107 -128 94 35 -120 -11 -44 -22 -20 -137 -28 16 -122 -202 14 -54 174 -224 136 -181 84 -211 -195 243 -3 74 -91 224 65 103 17 61 93 -226 -51 26 166 19 239 -170 -231 11 230 -31 -144 -161 -86 -13 -218 -8 149 50 -5 29 114 -148 27 91 -199 43 76 -212 157 -173 -227 -55 -214 -197 -216 225 122 212 45 -102 119 186 96 -246 -43 -132 47 -198 -99 -47 184 100 60 8 -25 -109 73 248 4 40 -59 137 95 -101 -35 -58 -225 -117 -26 78 7 241 162 -82 -32 23 77 165 92 -210 102 -207 -194 153 -4 -121 30 -70 -187 175 -156 152 108 -95 -45 160 237 -114 -136 -53 -23 22 218 120 -34 240 199 -131 -56 -217 -204 -30 178 54 57 51 138 70 -175 24 146 1 38 25 -165 245 129 227 143 -242 -116 5 9 193 48 219 115 -89 -146 -222 127 142 133 173 -108 -176 -163 164 192 -94 44 139 79 163 -107 -21 82 -243 -232 -206 -118 -9 20 -182 18 -52 -69 -68 -60 -98 -236 208 117 -93 -127 -80 -244 33 113 211 203 -138 -29 -103 32 -140 63 -147 -145 31 204 -6 180 -87 0 -171 75 83 215 -57 201 -66 67 -46 -166 -196 -42 -67 56 249 59 -112 141 217 -239 -248 -41 -72 235 2 -105 -100 71 -106 148 -97 -27 -160 -126 144 106 -172 -238 -48 -192 124 12 86 168 231 -169 234 -83 -61 232 116 214 -215 -17 135 -10 183 -188 -168 3 -96 -92 200 213 53 49 -16 36 -7 21 202 13 -14 104 -76 90 246 99 228 109 -193 -130 -159 -234 -135 223 -179 -123 -129 -143 -154 111 112 220 125 46 -237 -152 221 158 188 171 64 -125 -79 -153 -65 179 170 -111 -139 161 154 80 -247 81 196 238 -115 209 210 -250 -200 -81 -62 -134 -177 -158 -84 191 -74 -63 58 -230 110 -241 190 -178 -180 123 -155 -189 87 182 -24 159 -201 198 -220 62 177 -174 233 128 -240 207 -209 -85 -183 229 244 185 -223 -133 -208 155 -2 -49 -77 130 140 68 195 105 -39 -15 176 134 -75 52 -235 121 -249 72 -205 145 -110 -213 69 28 131 -104 -184 -149 66 10 89 -119 -164 88 -157 -71 42 -12 242 -40 151 -78 41 167 -18 247 172 -228 -245 -141 226 -142 187 -186 -19 15 222 -203 
TEST 40 ARG:243 -129 -247 15 -58 65 -150 81 180 -174 204 108 -32 -59 -55 -11 27 140 212 -103 -209 -36 -31 -4 -45 -192 -135 -26 165 77 -226 -193 192 -248 53 -241 -97 178 189 146 176 -82 234 -53 -208 -159 233 -141 -185 -221 -76 112 -230 30 -172 47 185 -214 0 -162 -20 73 115 -176 -70 171 -15 -13 -213 23 -232 -111 84 193 -119 -139 -189 -240 174 99 -86 114 71 -80 118 122 49 -133 -85 -238 -49 228 -93 98 75 240 -157 -35 -151 133 -184 182 -56 -228 111 -220 245 6 61 162 216 -47 1 79 -190 -110 -10 246 221 124 -216 -201 237 -66 -234 -120 196 -87 -61 175 -81 205 88 177 147 248 131 -212 7 208 37 -142 238 -177 14 143 -130 34 -136 -153 232 80 -2 -48 190 107 215 -102 -27 -182 -115 -90 222 -68 -3 211 105 163 -79 -41 141 -249 -245 5 85 -5 210 -178 -52 56 -19 8 9 218 -74 -95 -72 78 -229 201 161 74 -154 -28 76 135 16 39 -155 -180 -237 -160 96 -199 188 219 38 -215 109 -202 -83 13 225 213 -206 62 224 206 -134 -194 -64 -46 200 -60 -89 181 158 -114 195 -18 145 -109 242 121 32 57 129 -101 -51 125 172 167 226 100 227 87 64 -137 160 149 235 -233 40 86 159 60 26 41 -183 110 -12 25 19 -7 45 -179 186 59 -37 22 166 -152 -54 67 93 -236 154 -166 63 2 -242 -24 -148 130 -33 -96 -138 -143 -121 -65 66 247 91 -43 231 -105 217 -14 -246 3 -231 -164 128 -122 94 229 -78 -23 -175 -198 -40 24 179 54 -42 132 137 223 -186 120 -57 113 101 155 -225 -25 -227 69 -50 -127 123 -146 -123 117 184 -161 -158 -77 -203 170 191 90 -243 104 106 -205 -125 220 116 -168 102 -250 168 194 43 10 -22 -69 -16 36 -30 236 -218 207 -84 -167 89 -38 -128 -71 -107 244 -63 -6 -88 -113 -99 82 134 46 169 -112 -224 31 42 28 35 -98 150 136 92 -44 -200 4 -132 -173 119 -21 -197 -211 148 68 199 127 17 -91 -73 -239 -9 -181 209 151 -17 20 -222 214 -196 230 -219 11 -235 -149 -140 -92 29 -195 83 95 -169 139 50 -8 52 51 -223 58 156 12 -210 -217 -106 -29 -116 55 -118 198 70 -191 -131 -204 -170 -62 197 241 -207 144 -124 48 -144 -187 21 -108 -171 -75 239 -163 103 249 202 -1 -126 -104 -188 72 157 -145 -147 -165 142 -94 -67 18 164 -39 -244 153 203 44 -156 -117 126 187 -100 33 173 -34 138 183 152 97 
TEST 41 ARG:-220 -52 -84 -81 200 23 110 -140 62 -37 16 36 -77 128 140 -101 -131 143 -163 -73 -189 -42 169 5 124 46 189 135 176 137 -89 -55 186 -46 14 96 117 -57 -235 207 235 227 79 100 -11 101 99 -53 -113 -218 6 -40 150 146 -64 155 91 149 241 74 162 -142 -137 30 -148 147 93 -153 57 92 193 -30 133 113 105 -206 106 -122 -121 -172 95 -104 184 129 82 225 243 -6 123 195 65 120 -247 -164 112 56 104 -234 127 182 157 -130 131 -103 170 -93 108 206 144 2 153 141 125 -132 -184 -56 83 248 148 198 32 8 174 165 201 -35 -16 -21 -95 -194 41 -139 245 -170 121 -188 -76 29 -226 -245 -48 -173 26 45 -141 209 238 20 -28 215 223 -213 -145 224 -25 166 187 -51 -224 -109 239 181 -62 -167 -33 -229 3 -72 -221 -186 -106 35 -165 158 22 152 228 -12 77 119 212 61 -117 -32 -204 -135 -126 -211 67 102 171 183 180 -136 -22 -201 168 43 -192 -195 39 156 -123 -59 -249 -146 -248 28 194 -239 -149 -120 -159 -219 -10 -138 -128 -107 -45 -75 214 -8 -98 -34 9 161 -4 -179 -241 -86 11 107 202 -187 18 -17 226 -246 244 199 48 213 12 -50 -144 -44 90 68 139 13 10 -13 66 27 -202 -1 -71 130 -169 -82 229 -94 -199 59 60 -182 -60 97 25 -63 -31 86 -203 246 -58 -244 -133 -79 78 134 81 -5 -111 -168 85 216 -105 -29 116 163 208 111 -207 -9 240 -124 -177 -228 -90 -150 -91 114 -227 -198 47 69 122 220 40 -100 63 -171 126 -47 160 -108 64 -69 159 -243 115 -74 -15 75 -143 -237 -61 232 -154 73 118 -118 -114 19 -36 138 -151 -112 -190 142 98 -116 210 0 151 -196 188 -80 -225 52 -2 236 -88 7 109 -217 -49 17 218 -160 42 -27 -215 54 -68 -240 -222 72 49 -54 50 -14 -3 242 -92 53 -230 -176 154 -66 167 -102 21 -178 -129 217 234 -212 88 94 -87 -19 -238 -223 179 204 230 -119 145 -155 -214 -18 164 -23 -134 203 37 190 -233 -125 -183 -231 58 173 51 -85 177 4 -210 -156 192 -152 33 -115 87 -38 -127 136 -185 -65 -70 -26 89 172 219 205 -43 175 211 -236 -97 185 132 -193 -191 34 80 1 221 -197 -209 -162 -24 103 38 -96 197 15 -157 178 55 -205 -174 233 -166 -175 -83 -39 -110 222 231 -20 70 247 -41 84 76 -161 -158 -99 -180 237 31 191 -181 249 24 71 -232 -216 -147 -7 44 -208 -67 -250 -200 -242 -78 196 
TEST 42 ARG:67 125 -237 99 -92 -9 97 48 -129 42 160 56 -162 -142 -93 -34 245 187 -120 151 -197 119 -175 -239 -84 33 -182 -226 18 -163 -49 -21 17 -14 -168 84 -112 233 -133 -22 232 -69 20 -158 -24 111 -118 -80 39 -102 -25 229 -248 -125 -246 193 -135 -207 -167 -39 230 144 133 10 231 -52 130 199 215 -164 223 -138 -32 -78 239 87 -199 -97 222 -46 110 26 -15 -114 -16 -31 -51 4 129 76 31 195 166 -202 21 -72 63 -28 108 45 68 96 -240 -87 -229 132 -116 -180 -4 -221 -201 -152 202 -188 81 126 -124 -111 -165 1 218 191 -86 47 -38 122 205 244 172 -156 -236 -6 75 -136 182 123 71 -195 90 15 -223 -131 -117 -61 -206 -13 -50 -247 224 29 168 -143 -65 -3 124 113 -230 158 170 22 -113 37 -73 -41 -103 226 214 86 72 148 242 -171 98 38 24 179 -35 157 -192 204 -58 25 -216 -99 50 6 -82 58 -227 -128 -45 7 79 88 154 -151 219 -185 -42 64 -130 60 236 240 -200 -159 -222 62 -85 207 249 52 -153 -126 105 14 147 -110 -96 -5 156 61 -33 -244 173 -27 -54 -144 -8 -148 -11 -186 78 -147 -108 -196 3 -98 -205 221 -121 -183 -172 -145 -210 140 -18 241 -242 -238 -173 -30 -169 73 -67 220 36 -245 -184 -59 16 -233 -178 -68 141 208 104 -225 -177 190 54 235 -101 94 194 95 211 23 19 -76 51 152 -106 -134 32 117 243 11 -29 91 0 184 -224 -204 -123 109 -231 70 -217 177 -2 -26 77 -190 -40 -218 -170 -107 92 203 -220 146 164 162 212 -146 -10 134 137 -154 -104 178 169 -203 -139 -43 -75 -132 159 183 93 127 -81 247 74 153 175 -95 145 66 138 46 -62 69 -66 167 120 234 106 -37 -215 -209 53 30 -179 192 8 -71 116 189 -155 -250 2 -157 -127 107 100 201 -70 57 237 228 -141 142 -235 161 -94 -140 -194 -249 -20 -79 -193 227 13 55 135 -160 188 89 115 -83 -60 27 225 40 101 171 59 28 -115 12 5 -90 -55 180 -74 103 -36 -23 83 -77 -109 150 80 210 -198 -219 246 -119 -166 -243 206 238 196 200 -105 -241 -122 143 34 -214 -212 -181 102 -53 -57 -191 -213 163 -208 186 -47 248 185 213 149 43 -91 197 209 181 -176 -100 176 165 35 -1 -44 49 -161 -211 -150 85 -19 82 -88 139 198 -232 -12 65 -149 216 121 9 217 -89 -63 -7 118 -228 -234 155 136 112 -189 41 128 131 44 -56 -17 -187 -64 174 -174 114 -48 -137 
TEST 43 ARG:-111 -133 227 45 7 -114 204 -104 -131 -116 15 17 -230 121 13 -96 70 -127 -4 69 1 -61 -129 114 -158 74 -117 -226 -184 -86 -156 -67 65 219 -115 197 60 -141 5 4 -63 238 193 131 115 217 -187 -194 76 245 -30 -180 -98 -78 -68 -128 93 67 -22 -132 246 -165 156 96 -176 -54 -237 -197 -167 -174 -37 164 123 42 -121 -100 -139 188 161 -209 220 116 225 173 -214 -150 174 -153 189 49 -245 -58 -183 149 -177 -138 25 228 -169 -81 171 -10 48 22 54 83 -200 -185 236 196 -191 63 -155 -154 -39 -173 -190 -140 59 -43 -55 -45 -205 -76 -239 -247 -14 33 155 68 129 198 31 -161 162 -107 -159 82 223 -47 138 -202 -89 205 201 -219 224 -95 -113 166 -32 32 106 117 -85 151 52 199 73 133 11 185 -8 2 134 239 139 -5 231 -229 180 122 230 64 -242 127 203 -110 18 158 202 141 235 -218 -198 -57 -162 -208 -106 -44 111 179 43 190 237 38 -56 -70 -87 -49 -216 -182 -203 -142 150 -108 -249 51 105 -73 50 47 -62 55 -24 23 118 103 -15 -101 -79 207 233 53 -195 126 110 46 -23 -224 20 -172 142 125 165 136 167 229 -196 -136 159 -91 160 135 -46 -130 97 -163 44 -126 -170 -168 113 214 -186 -232 61 -152 101 -12 154 -94 -244 -82 -88 -143 -215 177 170 -240 -231 -250 183 40 176 120 -52 163 35 -2 132 -164 243 140 58 247 -41 6 30 213 191 -188 62 -29 -38 178 -222 -179 66 95 -69 -213 -223 -157 87 -92 148 -103 -33 39 34 175 -144 41 -40 91 -204 -19 218 -80 194 81 -109 248 -7 -93 187 144 -31 -175 84 3 242 -66 80 -16 -99 157 -206 -171 128 -145 -48 88 168 78 8 14 102 -50 210 98 153 -17 -207 37 240 29 -27 -234 -166 -160 186 92 215 226 -6 208 -28 147 -97 -64 200 -148 221 -123 152 -35 -238 -122 -120 85 -217 109 -20 27 -71 -241 -134 71 -36 12 -193 -124 -146 -246 75 -137 -178 99 -53 181 -189 -51 36 216 112 89 -84 26 -192 211 -105 -149 -90 -9 146 212 16 72 104 56 244 0 -72 172 -225 -220 79 -118 234 -221 -83 -59 -210 -119 182 124 -3 -60 209 -248 57 -11 -74 -75 241 -1 -211 143 -65 86 249 169 -212 -21 137 -236 -228 94 24 -125 19 -243 195 130 90 -13 -112 -199 -233 108 -26 145 -201 28 100 -227 -18 77 9 222 -181 119 -147 107 -77 10 -135 -25 192 -42 -34 184 -235 -151 232 -102 21 206 
TEST 44 ARG:186 28 -199 -129 -136 227 94 160 -208 46 140 147 -20 -202 120 97 -53 -88 -19 66 -201 -99 -132 178 146 -146 -65 67 65 109 136 11 -183 -95 234 219 -40 -56 -220 -105 192 -80 92 -91 -7 -173 -163 211 21 -118 -79 58 38 143 -227 -120 -171 112 -131 -112 -243 157 159 198 193 -209 1 -13 -39 -137 -32 -30 13 183 104 -70 150 216 245 122 -193 145 -57 9 30 -196 190 -102 -218 -101 -43 -172 -58 131 176 -18 -232 -180 15 -110 -205 -78 210 -117 -158 102 184 -242 -61 -37 142 -175 135 48 39 240 196 -119 206 -219 -150 57 -27 91 18 188 129 -187 -113 -164 4 -238 -161 152 -186 34 -133 -108 -26 77 25 16 99 162 -81 32 -66 -156 -67 -144 22 12 -197 -162 26 169 -55 -230 212 -77 42 90 238 118 -240 59 -204 134 106 -87 88 51 167 -245 -134 24 246 -72 -214 -15 163 -4 230 214 81 241 60 -182 199 -135 207 -92 -114 79 187 -10 -192 -5 -127 237 -123 93 -68 -237 101 -104 -179 128 -174 220 70 247 -47 -60 -247 -94 19 -165 52 200 14 119 -141 -93 -207 191 229 -244 -217 40 -64 36 -152 -85 -225 -126 161 226 -184 8 -121 225 23 -250 -45 168 6 -212 130 -222 -14 172 -128 -42 -177 170 73 -130 -22 45 -50 105 -115 -89 -190 195 37 -154 236 5 -224 126 -25 -97 -233 113 -35 31 -210 164 158 64 96 185 17 95 -248 -76 201 137 -142 -48 179 -246 3 217 86 224 -51 204 116 -31 61 -106 153 -36 80 -159 33 -90 233 -143 -149 249 -6 -188 27 0 -2 -83 205 -211 232 -168 -21 -12 -145 -24 -215 -59 -98 63 -69 154 114 208 -200 -139 -223 228 -239 -160 -84 218 -226 222 248 139 7 243 89 -155 -213 68 -140 -74 -194 189 -138 -62 -191 -52 180 194 108 -189 -38 -49 -29 132 -221 149 -206 -181 -147 144 175 100 107 -107 231 -176 71 -241 2 -109 151 -103 -41 197 123 -216 244 110 69 -170 -178 78 165 20 138 133 76 -3 111 10 -8 -11 -73 -153 235 54 -169 87 75 85 202 -17 -229 -28 56 173 43 221 -228 171 -46 117 -236 -166 155 82 127 -44 -195 -249 -9 62 121 -122 83 239 53 -96 215 141 148 84 -71 203 -235 -198 182 -157 -82 156 -185 223 242 -167 -124 72 -16 -33 -231 181 -23 125 50 -54 -75 -125 49 -234 174 98 -203 103 -1 -111 -86 47 115 35 166 55 -148 -116 124 29 213 209 177 -100 -63 -151 74 -34 41 44 
TEST 45 ARG:35 247 -242 -24 75 165 99 -176 -23 -125 134 -200 -163 18 -208 177 62 148 238 -118 -161 -34 -169 71 26 -206 125 -57 -127 154 21 -248 31 -9 105 69 136 239 63 -160 -179 246 0 195 -186 163 -126 -211 -113 72 -139 -80 -187 111 -55 139 48 45 228 76 220 -65 212 197 -108 1 12 95 -136 19 -53 207 -30 -89 -225 24 -45 -246 -99 193 67 -116 -25 -183 -149 -173 101 204 -216 -244 -29 -7 100 -229 -192 -3 -106 194 -231 -50 -219 137 -90 176 -35 -198 -193 -93 106 -199 -4 -234 -137 77 -238 144 -196 231 -162 112 183 -10 103 -121 -249 225 96 124 241 206 -101 -223 -138 -28 155 -8 -59 -167 40 -5 -36 83 -142 126 169 89 -175 -107 -171 170 -16 -205 -181 -87 -71 -235 -109 60 115 -96 -110 223 -215 -102 -168 13 -70 -182 -43 -82 -213 -68 -111 215 68 211 178 41 -214 -63 152 166 107 -73 142 50 -95 180 -76 -78 -11 -190 185 92 57 128 -69 200 145 -218 80 -210 -123 130 151 -159 -145 3 116 232 -222 34 122 93 -33 -48 -1 -58 -103 -21 -202 156 -92 249 217 73 -44 -152 118 172 39 -157 -134 -247 117 85 242 224 187 -217 -49 56 -189 162 38 -228 82 113 -32 27 43 51 229 30 181 147 -174 233 143 174 213 222 29 150 -133 58 88 -233 234 -81 37 52 20 -232 -79 -74 210 32 -66 -150 186 -105 -100 -18 17 -237 135 -172 -146 230 59 -117 23 158 -201 219 208 49 53 -221 114 97 189 -191 -227 33 -97 84 2 -240 205 109 9 -84 -31 146 127 236 -20 -98 -128 192 -75 -13 -62 131 -165 -15 245 -46 -143 -91 190 79 -226 -104 11 -195 -17 -72 65 5 -27 46 22 221 196 -209 -185 -148 -14 86 61 -177 -147 -230 198 -236 -241 119 81 -54 -184 -119 -42 36 6 -114 -19 8 161 153 182 -51 -203 -166 121 -83 -156 -243 -188 -120 -112 235 203 -250 237 102 -155 44 70 191 -88 15 91 -61 171 -67 -40 47 -132 -124 -154 -77 -158 110 28 -64 -245 -178 16 -41 25 -135 4 133 54 -130 159 -212 214 138 87 244 -122 -37 167 74 -194 184 -86 -141 226 -56 -153 7 199 10 129 157 14 -47 -26 179 188 -39 -170 -180 132 216 78 149 227 108 -224 42 -2 -60 94 55 -207 -204 104 243 140 -140 175 66 173 240 -131 -38 248 -151 218 209 -144 -220 -197 90 -52 201 -115 98 120 160 -164 -6 123 -239 141 -22 -129 -85 202 64 164 -94 -12 168 
TEST 46 ARG:-178 -21 -67 -122 51 -156 -225 85 208 -76 -249 -174 -190 247 202 103 91 36 -231 -97 209 119 -229 126 -40 213 53 14 -155 143 30 -232 -116 184 176 -144 100 -83 -133 221 -125 -250 201 -3 190 -214 227 192 -143 -154 -86 -177 112 -142 155 152 171 -118 -124 146 1 -237 128 54 79 -10 15 -38 -98 241 135 118 88 -136 101 -91 -127 -137 68 230 175 -209 -57 174 -34 -194 -166 74 -203 -88 177 -220 229 210 -187 -123 163 60 233 42 216 197 -205 -111 -36 96 -25 12 195 11 -87 205 9 -63 249 -223 225 -134 -23 -167 153 39 86 214 -189 26 -188 246 161 -181 124 -171 129 186 181 142 -121 -106 -210 78 -146 77 -179 139 193 -141 -129 59 121 -245 220 204 -84 -213 -47 93 4 -75 182 178 -82 -17 180 -16 -65 179 -132 -59 43 -70 206 150 -68 240 198 147 -28 -135 34 -240 215 -235 99 238 191 173 -217 211 -32 -170 170 -24 64 5 168 157 -200 -79 -201 145 160 164 -185 -56 -239 -74 16 -212 237 -9 131 -196 120 19 66 -230 243 -41 235 -168 -104 -145 47 84 -147 -238 83 57 92 232 -14 94 73 -19 27 -140 -176 141 244 136 -115 242 40 -138 159 81 -184 -199 21 -109 -175 -120 217 125 -81 239 218 -234 -66 -71 -126 -78 137 -151 144 -131 -22 45 23 -60 -246 48 -11 87 -172 75 -153 61 104 106 -43 -219 -173 -20 58 199 -243 -30 115 -197 -157 219 -51 111 -13 -148 -105 -26 -183 222 127 -101 -39 114 226 107 224 -29 -186 -207 62 -77 82 -233 122 -216 35 -2 -165 56 158 24 -62 95 -163 105 -119 -158 -113 -117 -227 207 109 -31 -18 -50 134 38 196 6 -5 -27 98 102 -211 154 72 69 -93 -221 -164 -108 -64 187 132 -99 97 3 18 10 -247 149 -152 -37 -48 -241 117 -4 80 -192 31 -110 -45 148 -161 -248 90 32 2 -159 -52 108 0 231 -8 113 8 -69 -6 -218 -149 -202 17 138 -195 -7 52 71 -89 -94 194 166 188 63 -92 -107 46 -208 -128 -198 123 -180 89 -182 -85 -90 29 -228 -44 -35 200 -72 -42 7 28 -160 -102 -112 162 -206 -61 -150 49 223 165 -236 -215 -73 234 189 133 -204 140 236 -222 169 -1 -193 -162 -226 37 -80 -224 -96 -114 -49 25 -33 130 22 -103 212 -53 151 203 -244 -100 -46 33 76 156 -95 110 13 20 -12 -54 -55 70 67 -191 -58 65 116 44 245 55 172 50 -139 -130 167 228 -169 248 -15 -242 185 41 183 
TEST 47 ARG:125 240 -198 23 -126 -245 -224 136 -202 -67 7 -118 -94 164 220 -52 -2 57 -160 -112 137 -30 52 -248 -28 232 126 -105 -95 -4 10 184 93 -17 236 48 -197 217 -25 -242 189 -176 132 -33 64 50 -216 197 11 -124 84 36 -195 -235 100 143 -230 68 -225 85 -211 205 39 -68 124 -168 -114 -113 -228 94 -247 -88 -145 49 -157 -121 -91 -234 -158 -78 -174 245 -155 3 12 -240 233 239 116 224 214 27 -241 227 79 149 234 186 -107 -162 144 97 -45 61 21 -80 82 145 109 78 -184 -48 -32 -38 -130 -187 -97 229 199 -206 65 -21 131 163 -196 183 130 -179 194 -204 -173 103 -172 -212 -189 -120 -236 24 178 -27 -186 -103 235 5 -117 -70 -77 113 -37 221 139 172 -71 98 -164 203 -119 185 55 -205 175 -217 152 9 17 177 171 154 46 -150 176 161 37 45 -148 1 142 248 159 29 -29 156 71 77 66 -154 212 -223 111 70 -214 -104 -1 -203 -188 241 206 -79 -249 -54 -92 95 -106 -161 -243 -99 115 -137 -15 -66 174 22 34 -144 92 -9 -74 170 166 119 -209 20 -44 -24 -18 19 38 -102 -220 -246 -219 204 -131 -125 51 222 -39 28 -239 87 215 76 -10 135 -142 141 223 -191 -84 80 198 -36 -238 216 -231 -34 -72 -233 -108 -20 -132 13 -138 -123 -55 -185 -13 81 30 -183 -134 -53 211 18 114 -26 180 219 -35 75 133 89 246 231 -159 62 -69 -151 -226 134 -165 -141 -83 195 -86 33 4 56 -31 108 151 91 190 -127 -140 150 146 249 83 58 173 -43 228 32 -232 16 -116 128 -5 -115 88 -76 -208 -199 243 140 -129 -14 -201 237 53 -170 -146 -58 25 -87 147 -62 -133 -49 -59 -169 42 208 -166 105 -111 160 -175 -61 213 -101 117 -190 47 -221 -56 -110 -136 40 44 -163 -210 168 -181 155 -109 244 153 182 121 96 158 -22 -8 -40 -135 90 6 -60 179 -218 181 -19 196 -222 -41 123 -47 238 129 200 43 -90 -207 -244 218 -89 -46 242 -139 -128 110 67 201 162 167 -85 -182 59 63 -6 -65 -75 -73 -96 -178 2 202 -82 -23 -3 210 -100 -177 -215 -12 226 138 209 -98 101 73 -42 54 -93 99 122 157 60 35 31 148 -167 86 26 0 -143 -16 -229 -7 187 104 188 -193 -122 207 69 191 -152 8 -156 -63 -227 -64 -11 14 169 -250 72 -81 -200 118 106 120 -237 74 -153 225 230 -194 192 -57 -147 -213 107 -180 193 112 247 127 102 15 41 -50 -192 -149 -51 165 -171 
TEST 48 ARG:-230 50 234 -146 -76 188 45 -101 32 1 197 84 -248 229 173 -137 183 2 90 33 147 120 227 44 135 86 137 -118 -235 -222 -100 -19 236 102 26 204 233 -75 52 -233 170 -184 178 165 -27 -178 155 156 58 138 149 -153 56 80 -219 216 -147 172 -216 151 -93 -62 -189 -229 -133 -68 122 127 -114 -90 -169 201 -203 232 16 48 -12 -67 -61 245 -97 -21 98 140 136 145 -186 -32 19 -50 -20 24 -36 -6 -142 -72 91 243 169 -148 134 -127 -58 162 -45 85 94 -121 -82 -122 -193 -198 -116 228 -2 184 207 -224 9 -110 -63 212 3 -188 -144 18 97 54 63 179 95 174 194 -66 133 242 103 200 205 193 192 93 180 -208 -117 -250 83 -98 -78 -244 -129 189 191 74 119 -105 -99 100 -221 -196 164 99 -247 -204 -104 -217 221 217 -71 223 203 -163 38 222 -218 96 244 -44 105 -197 -225 -8 241 -191 -207 -89 28 -182 -88 62 46 -231 67 -192 41 31 199 -87 43 0 141 -106 81 -212 42 -35 182 -126 -31 40 -152 -139 -95 -245 -123 -177 -112 -202 -53 -9 186 -80 -199 -162 -5 -194 -157 -156 153 116 104 139 -59 214 107 77 89 -145 -51 -30 -16 198 -92 88 -187 -3 -166 106 -17 -206 -69 -195 -190 -11 -13 -125 175 -18 66 -138 195 -60 -81 -57 -239 -181 -54 -214 34 76 -124 -64 -168 -238 -47 130 -103 -249 -41 -132 -113 -223 13 121 -140 125 17 206 39 -128 143 -43 -205 35 -46 218 225 129 167 20 -55 114 -174 49 163 187 -185 -246 152 177 -24 -33 -74 238 23 -226 -84 -241 -38 25 166 71 235 4 131 5 -86 176 208 154 -136 249 -183 171 -220 -161 15 14 246 -171 21 112 79 -94 101 128 247 -236 73 7 146 11 -25 -232 126 82 -149 70 132 -180 113 -175 -48 -70 -240 -159 75 -102 -165 37 -151 220 237 196 157 -29 -42 -143 118 108 8 -155 -107 -164 -14 -40 231 -52 -23 -91 92 240 -201 -158 115 -56 -228 209 239 68 -37 -135 168 215 47 64 55 72 150 -200 110 -26 -173 69 -4 29 -243 -73 -28 -134 -120 -170 111 159 53 -130 -109 -111 142 -213 -15 248 -131 -83 22 -242 -234 144 -227 226 -172 27 57 117 124 -85 10 -119 -176 109 -49 -210 60 36 -237 230 123 6 211 202 -160 161 210 -150 -108 87 -209 -141 -167 190 -65 30 61 224 213 78 -10 219 -96 185 -22 12 -115 65 59 -179 51 -34 -39 160 -154 158 -7 -215 -79 148 -211 -77 181 -1 
TEST 49 ARG:104 214 68 231 195 -141 166 -235 -31 -130 136 -193 169 -75 -23 -224 -135 -232 101 200 -131 154 -69 42 95 146 202 -51 102 28 3 133 -205 6 -20 -209 238 -7 -56 167 155 -121 93 -62 -153 -143 117 -13 -76 37 67 -142 59 -1 1 215 163 -118 -113 221 190 227 242 182 -79 160 249 108 171 150 85 0 119 -238 -37 122 77 -218 199 106 -29 -124 73 121 -147 17 162 -91 -161 172 -242 -80 14 228 38 237 142 -181 78 -163 44 87 248 105 -144 -72 -48 8 -119 -234 -151 -2 -111 126 75 -54 -117 35 -101 -38 192 52 30 -240 -187 141 -243 -122 32 -3 89 -26 -146 19 -198 -17 91 86 34 198 130 174 88 98 80 233 -88 -103 -50 -226 -172 -196 22 -67 -47 -11 168 226 -85 -97 -207 74 213 -169 -27 -167 -19 177 232 -18 -165 27 176 128 -5 153 109 188 -30 49 194 157 23 70 113 -204 -248 164 -71 90 -194 -175 -183 -129 66 -245 -222 186 -150 217 -188 118 -86 -66 216 5 179 -216 47 -200 -139 99 -59 -180 185 -211 -137 -25 -98 -192 -215 234 -83 -65 132 220 96 -201 -89 -214 -68 -148 -227 56 -107 -230 -42 210 -152 -250 9 -244 125 193 -99 36 -102 -32 -39 -105 -213 -55 -134 137 -189 123 235 127 -140 -219 -22 29 170 187 -190 -208 -21 222 180 -228 -186 197 57 -156 -92 -14 97 -45 -95 204 81 211 -35 120 246 -229 -145 33 82 208 -212 -58 239 -127 15 -247 224 116 230 -174 -133 -64 -138 4 219 240 156 -155 -136 -34 -16 112 71 207 79 -70 -184 -171 175 -231 -116 -40 165 60 -125 -177 103 45 -61 -149 16 147 159 43 184 139 -77 -10 64 -94 -203 -90 72 -57 -36 -15 -100 40 244 183 107 55 65 7 -176 191 54 -33 148 152 18 206 -96 -53 -128 -24 -217 158 -164 -123 -126 24 124 203 2 -106 -166 209 229 92 -191 -82 50 -162 26 189 -46 -120 -241 -223 223 -246 21 11 225 236 -157 13 -6 -195 145 243 241 -159 -168 -112 -52 83 114 61 151 69 201 -185 161 -249 -87 -49 -158 196 -84 63 -60 247 -182 -199 143 84 100 -206 20 39 -132 58 212 138 -202 -110 -220 -74 -225 12 46 144 140 76 31 -197 173 -173 94 134 218 -28 115 53 135 -12 178 41 -93 -44 -178 62 181 -81 -239 -108 -179 -237 -109 10 111 -160 -210 -104 51 48 25 -63 -221 245 -115 110 -8 -4 149 129 -78 -43 -170 -154 -236 -73 -114 -41 -9 131 205 -233 
TEST 50 ARG:114 196 231 75 160 7 -220 -45 20 -113 6 147 -237 148 -242 -25 -167 179 83 97 -88 -18 17 -78 205 225 145 -120 -91 140 -210 232 -81 -140 131 -44 -115 -157 -23 -182 -138 216 -170 2 40 -9 -94 -77 -221 -123 188 212 -47 9 5 189 -35 -58 -231 226 73 161 -175 -90 -193 -194 -129 77 110 -156 157 44 -27 -105 -226 69 -86 -187 -124 -43 -107 237 -174 -98 -100 -127 203 -191 -219 -189 0 -110 41 -119 238 153 -165 -71 -163 121 48 143 -216 177 111 243 46 80 88 -131 -29 -22 50 108 -218 146 245 71 -141 -188 70 -49 126 198 128 158 -161 228 223 63 92 213 61 -186 -20 -36 -144 194 -39 220 159 -95 54 -117 156 13 74 -179 -41 -177 -142 93 -139 227 47 249 -238 25 171 -11 139 18 -208 -73 154 -146 -166 -171 138 164 -128 66 -10 -217 149 32 -160 242 -130 136 -149 -34 -195 247 -53 -7 28 -56 151 -28 182 79 76 1 -74 -234 166 60 -203 -51 -205 94 -121 -97 -92 214 224 -4 129 118 -236 -230 -176 -147 -48 -172 172 -206 174 -112 33 -228 -183 24 112 -70 -101 202 100 -54 26 -197 -136 -82 173 155 170 4 246 -76 84 -192 117 125 201 -180 78 -85 -87 -153 56 241 239 -33 -104 120 -137 72 215 -224 -114 -37 193 135 -8 102 234 -159 -223 49 178 -42 -232 16 -30 -116 222 134 -19 132 95 -50 -227 -212 230 162 106 59 -132 -126 142 -181 199 -135 82 229 122 150 167 -243 98 183 -245 -62 236 96 190 -200 200 -93 14 -111 107 -250 57 197 81 -59 45 192 62 52 -164 -109 -84 -150 -246 -213 141 204 163 115 -80 -145 109 -190 248 -125 240 -17 -24 -6 -233 184 -2 210 -26 -15 -235 12 53 29 218 -244 -225 144 19 -99 235 119 -151 103 -16 37 -173 -61 137 -178 -148 -38 27 -199 152 -209 -5 180 34 233 169 -211 -12 -229 -67 -134 187 207 -155 10 211 130 208 -72 206 195 221 217 89 -249 244 -185 209 -40 -198 43 55 -57 30 -240 165 -207 -79 -60 -46 15 -75 38 -196 -184 -158 -66 65 133 176 181 101 -21 105 -64 -96 -108 -241 -3 67 -143 -52 -106 -154 -69 -83 51 -68 3 -202 21 68 -168 -122 31 85 -201 -65 -89 -162 -55 175 124 86 219 -14 185 22 -152 91 116 90 -1 -63 -169 -118 -102 186 8 -204 -239 -248 23 127 -222 -13 -214 11 -215 36 35 64 -133 -31 39 -247 168 -32 58 87 123 104 42 99 191 113 -103 
TEST 51 ARG:35 -24 -127 -171 207 98 106 56 -203 139 88 214 220 -23 114 -230 124 1 -114 156 206 168 -8 96 138 127 -209 -28 -167 -247 107 -83 -5 -220 -135 137 34 144 -241 174 -195 42 -125 215 135 176 20 -113 -218 -29 -136 67 -248 -187 -61 -46 -126 132 226 -207 64 157 128 -120 182 -227 -200 134 -197 79 71 -105 -217 -89 190 147 86 -210 -15 -62 -44 222 -134 204 152 72 -76 -30 46 196 -91 129 172 146 -214 216 61 -70 245 -147 -102 41 99 -11 117 32 14 17 -88 28 126 113 -142 188 -36 169 -57 -124 153 -176 -52 -119 -244 233 -80 199 -163 -19 217 73 75 50 246 94 5 -154 166 21 211 -40 -7 -158 -37 -221 224 -180 -229 -179 -225 -90 89 62 40 -139 -206 -201 19 158 -3 -186 12 122 231 -196 8 180 -103 193 191 -81 -122 -208 -10 104 -239 57 205 164 154 -178 -107 -130 -77 7 -160 80 -78 -17 -72 25 -175 234 123 -170 119 -143 83 30 118 -64 230 236 -137 -172 -199 219 228 192 -111 125 -71 141 53 171 -58 -47 161 81 150 -162 151 -96 51 -121 -65 181 237 -164 -63 -117 202 -84 112 -94 -150 242 84 -181 38 -97 70 -35 -50 149 -16 -182 -153 -41 -237 -202 -183 97 102 -32 186 31 -21 -223 238 -59 -174 -184 109 225 -92 140 82 -104 60 -110 65 -66 -53 9 110 -141 -146 -219 177 227 -100 -74 -233 -25 -95 133 145 26 184 -131 -39 240 74 121 87 15 -82 -115 -73 -155 249 195 -204 130 2 -99 -132 165 201 105 -159 48 175 198 -49 -185 -215 -55 -85 -216 39 -168 194 -193 212 108 -190 -123 -112 241 0 13 -234 -194 -48 -191 23 -173 131 -224 115 -140 68 -149 -138 -13 63 -128 47 -211 248 101 -43 163 -26 160 -249 85 -222 159 66 -116 54 155 178 -93 239 -165 -6 -144 142 3 183 -75 244 -189 -79 -198 -231 -238 -87 93 -109 243 -51 -213 221 -226 -228 -108 78 235 173 49 213 -152 208 197 229 44 -240 179 -54 37 -118 218 -235 -68 76 22 -246 10 148 58 -86 92 223 -31 -169 170 -250 -60 -161 -133 -69 -45 -14 143 -4 -101 -245 43 27 187 203 -9 -38 45 -145 -22 -156 120 -177 -18 6 16 33 -20 185 29 247 -129 -157 200 189 -212 59 11 55 -188 -243 167 136 91 24 69 116 -2 -242 103 -151 111 162 -27 -148 90 -34 100 -67 -98 -1 232 209 95 -166 52 -205 18 4 77 -236 210 -56 -232 -12 -192 -106 -33 36 -42 
TEST 52 ARG:-41 -16 27 -217 232 -210 81 -187 242 174 147 11 -80 176 -209 34 50 -10 74 43 -124 163 181 64 128 -56 -47 -203 -158 180 -31 107 -23 -218 -2 -163 -151 -169 -181 -184 -199 219 142 182 -53 -87 229 -110 209 -95 194 -63 65 116 -194 202 53 28 -21 -195 118 -165 224 243 -156 -238 67 150 -202 -170 -117 208 230 -71 2 -48 48 -13 26 -4 -57 -246 80 -186 -79 -205 -38 241 91 -66 158 226 -175 -140 236 55 18 32 -232 -144 -188 -81 159 -62 -167 113 -113 -27 -122 222 -33 187 170 96 -228 237 225 -18 211 -11 -177 186 94 -77 -91 -46 -226 246 -101 122 77 -126 -198 -29 21 -139 167 -134 178 183 -145 97 -107 -182 -127 166 197 -213 -233 -82 200 102 -131 -220 3 -161 -133 -102 -75 -216 -221 106 -93 220 -189 83 -239 35 -115 13 -245 191 144 -250 -109 221 -157 -120 37 -171 -179 -5 -191 68 -149 231 -237 175 134 -24 30 101 -174 -68 100 -183 248 239 -236 136 88 -197 157 -130 9 -132 235 130 206 89 54 1 99 -58 10 149 15 -160 120 12 -43 121 -240 -247 78 -148 63 156 112 135 168 103 -178 49 -248 -135 -141 205 139 -207 58 -92 -225 -65 -59 238 -208 201 -111 216 233 131 140 51 125 84 -37 -214 -147 124 -30 207 -89 -142 -159 -162 -152 111 -99 104 -129 -60 185 -118 -231 39 -222 -9 -114 -78 -193 -12 199 -166 92 -64 173 22 44 -96 214 145 75 244 -138 138 -212 -1 -153 218 -7 -86 123 177 -201 -105 -39 -84 72 -40 -70 -100 204 16 -76 -234 179 161 -185 -25 -35 189 93 33 73 153 217 -34 45 -54 -192 -112 -103 108 46 110 -67 71 188 6 36 228 95 -98 -249 -211 -206 245 164 59 -26 114 40 7 -215 -243 172 193 -52 129 223 117 98 -42 143 234 62 -235 5 69 247 85 215 -200 -154 -230 109 -51 -223 148 -17 227 -155 17 -137 -180 105 82 -85 86 146 4 -123 192 165 126 133 -19 -224 76 -3 -28 -73 61 -32 -190 184 -104 23 152 47 -97 154 -143 -106 41 -49 249 19 -150 -196 -108 29 -6 -136 -90 -88 -242 42 -61 -69 -227 190 -146 196 60 -14 155 -50 70 -204 -176 57 119 151 -15 -244 160 -119 -36 38 -72 -94 -241 90 -20 -44 -8 -173 213 212 87 -45 -74 240 141 -172 0 171 -229 137 -55 115 -121 -22 25 203 14 56 -168 24 66 -116 -219 195 -164 162 8 -125 -83 79 169 -128 31 20 198 127 52 210 132 
TEST 53 ARG:80 31 58 141 -127 233 -82 -229 4 242 -249 70 142 -90 2 -76 156 126 -170 68 -212 -112 -68 34 108 -55 -204 79 146 -149 89 36 144 115 214 -167 110 236 154 13 175 86 -27 -84 -235 7 -113 -194 47 -36 -59 219 109 -14 205 101 -139 -131 228 132 -121 -184 217 188 249 -52 -25 10 23 -220 -39 -213 -41 -108 -217 -244 -117 -91 -214 -125 -57 165 55 -106 43 91 5 -98 -40 -29 -193 130 98 191 -163 170 -137 246 -155 -166 -153 133 -210 -56 224 157 -99 -223 -160 235 105 6 159 -198 -154 231 183 -161 100 -187 -237 162 -226 -30 -241 -16 230 -144 134 -50 -206 -189 49 -89 26 28 -116 158 193 40 120 -114 244 198 19 -143 35 33 -158 226 215 -104 116 119 -20 -95 85 -130 174 -132 -120 37 -9 -203 -75 3 -86 225 -15 -11 -156 140 71 39 114 -43 -151 229 194 81 -216 -227 247 131 218 -53 12 17 87 184 -54 53 -142 -231 72 84 -124 -183 227 -200 128 -72 -248 204 172 -182 222 -62 -150 138 -111 -47 -93 -45 99 -148 66 -5 -202 0 127 136 178 -80 -105 -190 -133 -81 -135 232 -239 -51 -64 223 186 192 -48 103 -21 -129 155 29 -3 60 -8 -208 -146 67 -140 -73 -195 125 -230 245 50 164 118 74 163 238 -141 45 -2 107 57 210 -168 -176 44 11 180 200 -78 -60 -178 -207 51 -209 129 -215 166 239 201 -234 102 -181 -77 -97 182 -247 62 -165 168 -224 -63 42 212 -164 -221 122 90 82 148 -250 104 -188 -1 -196 15 -22 -100 112 -157 24 -46 -147 171 -71 -6 -65 -240 -49 22 93 -74 -92 83 -136 41 -4 248 167 -102 185 56 -128 78 -44 -32 -115 -173 -79 -110 1 88 206 -37 -17 -13 8 113 95 -70 -186 94 237 -101 59 143 21 -205 160 65 25 202 137 -35 32 -31 -197 69 149 48 -152 -26 92 211 73 -83 -7 153 199 -67 46 -87 209 -219 -172 16 181 -94 20 -192 -126 123 -180 139 161 111 220 -175 -109 -24 -18 -225 -246 -245 -85 -211 179 -134 97 151 177 75 135 152 147 -96 213 96 -199 -61 -66 176 -179 187 -145 -28 -191 18 195 203 -58 196 207 -174 124 -118 -243 -38 197 241 -228 -218 -236 52 76 -159 -169 9 117 -123 243 54 -10 -177 -88 -69 30 64 63 -232 -33 190 106 -162 216 -119 189 -12 -185 -23 -222 208 14 -19 61 169 121 -34 234 -103 -138 -107 -242 -201 173 150 -171 221 -233 38 -238 77 27 240 145 -42 -122 
TEST 54 ARG:182 -137 137 77 -104 -135 -112 -157 -77 -32 120 7 -210 224 233 196 -227 32 147 -68 -171 -147 102 -24 208 211 -225 194 -245 171 139 53 148 -213 -128 69 -2 -231 79 103 51 -14 -79 -3 87 12 88 -75 -44 -125 101 241 -136 97 -78 -103 -248 -124 -109 -160 141 33 -87 -224 125 -129 134 -57 -223 178 104 -59 29 -168 -29 115 48 133 28 203 -127 -203 201 -230 166 73 13 126 98 -111 121 243 -239 96 108 -52 192 -26 -53 127 169 113 -95 -184 -145 -15 213 219 179 -9 -64 80 -220 187 -51 78 8 -25 -212 -156 14 -179 145 212 167 248 -188 181 180 76 226 -114 -173 -54 231 -208 -38 89 -19 237 199 -152 31 -72 -45 -226 65 -99 19 54 -144 -107 -31 -17 0 -30 -93 188 -33 105 41 227 123 158 -92 -76 4 200 245 -243 -167 -88 -61 -174 75 -130 -108 -100 -163 -237 118 -122 132 -83 162 84 -246 58 30 -201 140 129 -132 -250 52 -249 150 -96 24 15 10 49 86 119 122 -170 47 238 34 177 -63 85 6 189 42 116 40 -119 229 56 -23 144 236 93 67 -56 114 63 -165 -232 62 -189 239 207 -133 -186 -228 176 -187 -193 -166 -131 -176 -80 112 -158 -235 -91 -7 44 -244 249 -164 -162 -39 17 -50 242 82 157 91 -35 46 -106 -8 -74 -191 -134 -70 26 218 -247 -149 190 -139 95 -98 -153 -65 152 -198 45 99 131 1 23 230 -234 -200 9 -110 -82 -5 -48 -71 111 210 57 -180 -185 168 -55 234 -196 -142 124 -240 -102 -229 -43 198 -143 22 216 155 -215 -13 -10 160 -126 164 -195 -37 202 217 232 240 135 -81 154 -233 -89 11 -211 156 173 -1 81 165 -117 55 -205 -216 -46 128 -219 18 92 -28 109 -42 195 -85 205 -138 -206 -27 -183 38 -209 225 223 43 186 -140 130 220 149 37 221 66 214 20 72 110 -238 -11 -154 -41 174 -172 -202 184 -20 68 -18 163 235 -36 -49 -12 197 193 -204 -222 246 -116 151 -123 90 -86 59 170 204 74 71 -241 -21 206 244 -217 -67 -66 146 -148 25 36 -236 60 -155 138 159 50 -177 -62 -105 -121 -161 -69 185 172 -169 21 -118 100 -178 -16 -22 -242 -151 117 153 183 175 -182 -141 -197 -4 228 -175 215 -221 -34 -207 -47 -190 191 -120 -73 -113 94 -159 16 -90 83 27 -115 -181 -150 -101 -60 142 39 2 106 -94 70 -146 -84 -218 -214 222 -58 61 -6 107 35 -192 -199 5 -97 64 3 136 -40 209 247 161 -194 143 
TEST 55 ARG:-96 200 -69 149 245 -85 227 223 -86 76 -190 -83 -152 0 -13 21 224 80 -116 -76 145 -42 225 -148 237 -7 203 222 179 35 23 158 -121 -235 89 -177 -49 -72 -9 174 30 -50 -77 -135 -118 -175 43 62 -37 48 50 -21 -183 -27 127 248 96 -92 -164 217 -219 49 229 240 -39 120 206 -93 167 -81 183 -211 -3 -82 -110 45 -187 144 -60 46 -242 -127 170 -105 117 -20 112 -189 148 -23 221 57 130 19 95 196 198 190 -181 194 12 2 105 235 241 -159 -52 -195 -62 53 -108 -214 219 -133 51 74 42 -87 -207 -51 40 -208 -238 -247 -147 93 -65 136 188 -151 -161 -6 151 243 186 165 -224 -149 69 -55 -79 -117 -107 -119 -129 -234 215 -71 102 9 -97 -248 109 147 246 192 128 -178 17 -250 -230 54 -193 -182 -245 -16 -18 28 -170 60 103 -84 187 -54 -12 -227 138 211 59 160 36 173 -210 143 -173 154 189 234 -75 177 -125 -216 -169 -126 -140 71 -31 3 -109 20 -25 230 249 8 -196 228 -22 -56 175 -111 -185 -241 212 -205 119 -146 -203 -246 180 -186 -218 -198 -176 22 -134 -38 32 -123 -179 -132 16 26 70 -217 -104 159 86 25 216 133 -89 195 -137 -88 121 39 -162 -191 29 -136 -122 -229 65 118 150 -47 -64 85 72 -237 -209 -204 213 163 -95 13 -239 181 104 -249 -101 -143 44 -131 202 208 -155 83 64 176 -90 162 111 92 -174 161 -158 209 -106 94 1 100 41 -236 81 -150 140 -194 33 -32 18 90 -200 -113 -142 -225 -61 -78 -1 98 15 -19 191 -68 -232 -58 157 101 -70 123 -243 88 172 107 31 -222 -240 6 122 -94 131 -156 153 -98 239 -4 125 -192 79 135 -53 169 -74 -112 205 -14 -91 -233 -168 -100 137 -144 -166 -73 108 -120 -226 210 14 73 -157 -171 -36 -167 -213 -180 193 171 84 238 -35 -160 -17 38 156 -145 -115 5 106 146 47 204 -201 -80 -41 152 52 142 -223 -24 164 113 -34 61 -212 242 11 -43 -45 58 -163 -228 -124 -206 184 236 231 -33 -28 233 -59 185 -29 97 207 91 244 -63 68 168 -99 166 10 -15 -141 247 232 -188 178 -30 126 67 78 214 -184 -197 -40 134 -46 66 -231 116 63 -102 115 -221 -10 139 114 -128 37 34 -57 -67 -66 -2 226 129 -130 4 -172 201 218 27 24 132 -5 220 124 -26 155 -165 87 -220 -103 -215 99 82 -114 -153 -8 -202 141 110 77 -48 -44 197 -199 -244 -11 7 -139 55 182 -154 -138 75 56 199 
TEST 56 ARG:105 119 77 -80 -161 218 -22 161 108 185 -160 9 -179 1 -125 31 -196 -5 197 155 245 210 -201 224 -62 -76 -194 124 188 -145 -23 -224 -162 123 -169 40 -35 236 -175 21 46 -204 100 52 91 38 -140 -249 86 -31 -207 42 10 125 -17 8 -147 -56 147 202 15 47 48 -210 -120 -154 59 -87 194 94 211 14 -142 -48 166 189 111 201 -139 -91 88 75 244 193 217 -173 -248 121 205 -19 -79 132 27 112 163 -49 153 -205 -38 -183 5 70 67 -219 -95 -200 66 175 -155 -98 -159 179 151 -88 89 36 -34 182 -73 171 -144 203 68 150 -164 -136 -188 127 -230 -171 -78 64 -152 -83 139 84 160 33 209 63 71 248 16 -165 -233 13 -118 -85 74 -245 6 -228 -12 -172 -234 65 102 101 -232 109 -189 50 -250 149 -186 12 200 -92 199 220 4 -198 -158 174 -107 -100 61 -116 -166 -77 -149 -66 181 -54 222 -4 227 -75 234 58 98 213 -115 -148 238 -50 -20 -110 -222 -174 37 110 -29 172 -6 -225 186 -74 -167 216 20 -185 -8 -89 -60 -150 -195 104 -51 168 -206 -243 195 -191 -156 208 -220 115 -11 -40 81 -106 -223 18 114 -240 -124 -130 -246 117 82 226 -238 -134 165 215 204 -61 107 177 -146 -25 -247 95 49 -97 3 196 -1 184 -37 -135 247 -119 -141 138 -157 -121 180 -227 157 -214 239 24 -43 76 -68 -151 130 126 -129 90 146 92 140 113 -131 212 -15 85 122 51 -217 55 -211 219 99 -28 152 -94 0 45 -242 -209 -103 135 -26 -45 97 11 57 -90 -104 -86 -71 -181 145 148 176 -132 232 -193 -208 -30 -44 -16 -178 60 -63 106 231 -213 136 96 -32 -99 23 156 -109 -237 -9 -96 -190 25 -10 144 56 240 -64 -192 237 214 -143 28 -101 -59 32 -3 225 -244 -58 -187 19 187 -170 -33 242 -57 -216 -46 137 -81 54 120 44 173 69 -39 243 129 62 -184 131 183 87 73 192 249 -212 -14 -117 -113 134 -168 -84 39 -235 -176 -127 -138 -128 -52 -197 -93 241 154 -182 -82 -53 -229 -180 -215 -70 83 246 206 78 229 235 198 -2 118 -177 79 -112 164 -36 2 116 142 -137 -122 -105 26 -69 233 -133 128 178 -47 133 191 -102 170 207 -163 162 17 22 72 230 -24 159 -41 228 30 -241 80 43 -21 7 -226 -108 -27 -7 -67 167 190 143 -65 -114 -18 141 103 -13 34 -202 -42 -218 -236 -55 29 -231 169 -239 -123 -221 35 223 41 -203 158 93 -126 -111 -153 53 -199 221 -72 
TEST 57 ARG:-10 -8 -193 7 -227 195 -183 -216 -159 122 -9 197 -79 -225 93 31 119 -52 92 -142 -226 -237 97 -231 60 -239 -82 -20 101 -206 73 38 5 160 19 -103 113 -62 -117 62 144 -70 138 52 240 202 -203 77 -160 218 171 -171 210 -148 147 -235 21 72 -164 -104 -3 -181 149 100 152 105 107 30 41 117 -58 -48 -218 -195 -146 245 56 111 -249 225 -157 -78 -199 109 -109 -224 246 224 143 6 238 133 47 -244 -38 1 -95 128 16 123 -115 -144 -124 -175 87 230 213 228 -68 74 248 -188 -119 -94 216 -232 -37 -122 215 -207 -209 -243 27 -221 -47 217 -45 -125 -127 -201 -73 174 110 -178 209 39 -55 -18 34 136 -248 -151 -59 193 -149 49 205 -184 108 223 -90 -130 -65 12 -133 -228 -167 -69 -15 -198 -75 -166 -34 -214 -87 241 89 -177 181 151 -2 168 -12 182 -126 90 32 -134 148 -100 239 -147 -165 -196 -234 -40 -43 -215 118 135 71 221 -250 247 185 -44 -102 68 -229 -4 199 -49 69 29 -132 -28 226 -35 58 206 50 -154 -42 -156 -169 -161 -22 161 99 55 94 -113 25 -242 141 153 48 -222 -172 -13 -36 -30 163 80 -17 132 -72 -51 59 194 2 11 -219 -53 91 -32 83 -89 8 45 -63 -106 114 -143 -99 36 190 -176 -197 -23 -16 -230 98 79 -145 177 76 142 -191 173 106 -139 82 180 157 85 -247 24 -189 -110 191 186 -76 103 -74 40 -56 -211 167 -114 -101 64 -202 65 35 -210 115 -150 -170 145 -200 -246 219 165 20 188 -194 -88 -27 112 96 -46 -121 23 192 -105 -245 -5 125 42 104 -92 146 67 131 -116 3 -179 231 -93 170 -91 201 14 9 75 -108 207 -54 203 0 -120 158 -187 236 -220 -71 -14 43 -67 -84 154 78 -158 204 66 -223 212 -217 129 53 -168 126 -19 235 37 242 220 232 -190 -238 -80 -77 15 -111 22 -107 -233 -24 81 127 57 229 -6 -98 116 -29 -152 179 244 -128 172 137 51 -60 -7 -173 -135 166 130 -57 -241 -240 -129 -208 162 155 26 183 -31 237 54 61 -1 -180 -11 233 10 -138 -136 243 -205 -123 -26 139 140 121 222 187 95 -137 214 -39 102 227 -21 175 164 -140 -86 -41 17 134 -61 -97 211 198 -155 -50 -141 169 150 88 208 -174 -185 63 -25 70 13 84 234 200 -213 189 -131 196 -182 -162 -186 -81 -163 -112 -66 249 -33 -96 -64 178 4 -236 -204 44 156 28 124 86 176 159 -153 -192 120 184 -83 -118 46 18 -85 -212 33 
TEST 58 ARG:57 -25 -113 -32 115 103 -167 143 -101 49 90 -28 119 -157 176 -19 178 -96 186 -207 -98 243 -196 64 20 25 19 -23 211 -201 148 155 213 183 -169 169 -165 190 -102 54 86 -159 27 -106 -2 -49 -195 88 -20 112 -220 -228 -3 -233 37 -130 -78 145 14 -243 158 154 126 -147 -42 -123 234 -206 84 241 -232 -35 191 -63 -240 -107 6 209 66 248 -219 47 -187 0 -65 202 56 18 98 -160 -80 128 -245 -66 -76 188 12 -214 -56 -81 -222 212 214 -185 -22 63 -38 -143 -40 17 -77 59 162 -247 48 240 -121 -179 -119 9 181 -15 -117 -231 116 107 -200 124 118 -70 194 177 153 -175 61 -30 -131 185 125 -171 -166 -90 245 67 -105 170 134 50 122 52 -227 -79 151 -103 85 83 -44 111 200 -89 -203 62 -198 146 29 195 172 231 -190 109 26 -21 24 235 -73 206 -177 -205 99 -236 -26 69 215 138 -146 -83 -218 184 -48 -126 -197 -55 199 32 -6 -82 -226 175 -29 -211 -91 222 97 180 -11 4 93 -162 -174 -95 192 -238 45 -139 -199 -37 210 -152 -128 -224 142 3 30 22 147 -86 -221 242 149 -33 -85 163 -145 -67 46 -173 249 156 189 -142 -104 7 -136 198 105 -151 -17 15 -155 -156 81 -97 -180 -7 -41 133 123 55 -217 -125 33 137 -154 -116 91 -138 -134 76 164 203 205 -150 225 74 -57 -250 239 182 40 80 -158 28 -153 -34 229 -163 -84 -235 -178 51 58 82 114 41 179 246 -1 117 108 236 -14 141 232 31 -108 132 -172 -8 -223 -51 168 230 -212 129 13 92 -10 -149 226 23 139 -110 -210 -183 77 171 -114 224 -239 72 113 8 -225 -230 -112 -59 53 -213 -12 131 -74 -87 -124 -144 159 16 152 -141 -244 -27 -75 219 94 34 -193 233 201 -192 221 -24 73 102 220 204 160 -191 -161 166 -148 -45 193 -92 75 44 -71 -5 -46 68 -140 136 71 167 247 217 -209 -137 157 -234 -120 42 -88 161 150 173 -61 -135 187 -176 218 -94 207 89 2 140 -54 -53 95 21 223 101 -69 104 197 -208 216 244 120 -188 -133 -129 -9 -111 196 -58 -164 227 43 11 130 36 87 -47 -68 -216 144 5 -50 1 -186 -204 110 70 121 -99 96 -241 -64 -181 -4 79 208 -43 -229 35 -194 -118 -182 60 -31 -237 -72 -170 -18 135 -168 65 -115 -16 -189 238 -36 -122 127 10 78 -93 -52 39 237 228 -62 -215 -246 38 -249 -242 -13 -109 -127 174 -132 -100 -60 -248 100 106 -39 -202 165 -184 
TEST 59 ARG:-245 124 -40 145 -219 27 90 108 223 -229 170 127 -201 47 186 187 -203 24 173 -31 51 -17 184 -228 -212 -27 39 131 -199 5 -160 136 -132 -189 142 160 -220 77 157 41 201 56 -107 -15 57 -217 45 -55 114 -47 202 224 -235 54 13 -213 -230 214 159 -159 176 -70 -147 -122 -231 -105 96 199 -77 -16 -240 -43 65 91 -88 -128 -234 146 -96 95 -140 -60 -11 161 -161 -142 -66 25 73 -39 105 188 38 132 -82 8 31 48 -110 -117 -187 175 61 -33 -198 -99 -45 -51 198 247 15 -98 168 143 -34 196 -194 -67 -22 -146 -9 -64 107 -115 130 99 -209 -25 227 -171 -126 -97 239 79 191 -211 -214 249 -190 -226 -180 88 -68 137 144 200 181 180 -175 -167 123 -169 -13 40 72 62 36 -61 216 70 -92 -120 -5 -195 241 206 -84 -191 -236 -4 -18 74 -37 32 -94 -225 76 225 -124 -10 28 7 20 174 -185 205 -2 135 -50 -216 -65 87 -184 248 243 -149 42 163 -158 12 26 55 -163 -113 -241 204 -29 -152 222 167 111 -95 121 -53 14 235 -7 -215 -73 -20 172 208 117 -52 84 122 197 -111 138 -78 -179 -250 -58 -196 210 110 16 219 182 233 4 228 -114 -166 101 2 -3 -19 177 -21 71 -106 67 89 -177 37 6 152 238 140 -155 -125 -145 162 151 58 -210 -174 -176 -127 -71 80 -227 -139 1 -24 -85 63 149 -23 -239 -202 -90 192 -1 100 59 103 194 236 75 128 -208 -30 86 -130 112 11 -123 -221 9 -38 -206 52 118 109 60 125 -100 -135 -32 -238 50 -197 229 -249 -224 -118 106 -89 -93 -243 244 78 -109 19 49 245 -46 246 156 -244 -154 129 169 -181 230 46 -35 120 -223 -165 150 -186 98 -79 -222 85 -218 -134 -144 -26 148 66 -87 -74 -28 53 183 29 -156 171 92 -86 -54 -104 17 82 154 44 -131 -91 -80 -138 -57 -168 18 23 -182 -242 -164 141 116 217 240 209 -200 104 139 -141 189 -204 -150 -69 190 -136 -237 -102 -103 -44 -129 -233 185 119 221 164 126 43 -59 158 234 -63 231 -205 -36 81 218 113 193 -193 21 -188 -49 -76 155 -119 -183 -108 195 115 -14 -232 94 -56 -248 207 -112 203 147 -162 -81 102 -62 83 -121 178 69 33 -8 165 -148 220 68 -6 166 -172 -75 -42 -173 237 -247 215 3 -48 212 10 93 64 -101 35 211 34 -83 153 134 97 -143 -246 -12 -72 -157 -41 -151 22 226 -137 -207 -170 242 -133 133 -153 30 -192 -116 0 179 -178 232 213 
TEST 60 ARG:-3 112 25 138 -204 63 111 -40 -225 206 226 -73 113 103 203 193 51 -111 -25 -46 228 -34 5 -169 16 126 -109 65 43 -2 213 -167 -198 -43 130 -206 162 -172 34 109 -29 68 42 -52 -248 -42 -13 235 131 -22 214 -99 -175 -195 -183 -6 59 -238 -130 94 -147 96 -165 67 -227 122 -108 72 97 -193 100 -119 227 157 -51 201 164 135 -171 75 -231 -62 -163 184 -27 -78 46 -114 81 -126 -236 -12 -160 141 248 -63 77 -122 182 222 85 -139 -30 -94 -104 17 -65 232 57 -229 237 132 136 37 -32 -141 55 -55 20 -20 -168 -188 -158 110 48 -17 93 209 114 -39 -98 -60 -213 -21 83 -133 64 174 60 -41 161 -123 0 47 -31 -76 204 120 117 -178 -189 -209 225 -184 -222 92 -128 -143 -69 137 12 -45 217 -72 50 -190 -152 -199 -212 9 -241 21 -127 183 238 -118 231 28 -235 244 196 -100 249 -79 -15 134 -192 -244 -197 108 -4 -142 242 -194 79 7 -18 56 189 -191 169 -228 45 -75 -74 27 240 -68 118 166 -16 216 -26 -242 -57 158 -144 234 -61 53 221 -214 229 152 66 -84 8 150 -226 -200 185 -56 151 -151 32 -5 125 30 -120 76 -203 88 -202 101 178 24 -97 219 -93 198 179 -96 160 115 -11 208 98 -59 -161 -224 -219 -132 -182 -38 -207 -113 -162 -146 -176 245 36 18 -71 86 -247 33 -181 -37 -218 -80 -136 -10 -134 -24 -121 1 -150 168 -91 -245 -50 163 -125 -107 3 -250 -211 -156 -173 142 102 89 29 -87 128 -115 171 153 173 -155 200 -70 69 212 80 -9 -145 -1 105 -95 -92 140 23 10 -234 205 194 236 211 -33 243 -240 95 -44 61 215 -8 -177 192 220 -233 84 70 22 107 -239 146 -36 239 -23 116 -243 -103 -110 -138 123 -159 191 154 -35 -249 58 35 -208 247 -117 -131 4 180 54 13 -101 -83 181 144 -140 233 186 -54 104 71 -28 90 -86 241 -137 139 -102 38 -205 -77 -174 15 -112 91 172 -221 6 223 230 -154 197 -223 -81 127 129 148 2 99 -217 11 190 73 -67 145 147 49 -157 121 187 -185 -53 52 -186 -153 176 -179 156 -88 -47 -105 -201 -237 -166 246 124 218 165 41 -215 159 177 -135 143 44 -164 -19 14 167 -187 -66 -232 19 202 210 149 -129 -216 -116 -49 26 -7 -82 -210 -149 224 -14 39 175 87 -180 133 195 -170 -64 106 82 -246 -106 -220 170 78 74 -58 -148 188 -230 -48 155 62 207 40 31 119 -124 -89 -90 199 -196 -85 
TEST 61 ARG:-91 -176 32 195 23 88 -237 96 37 94 -107 110 153 -77 -69 -35 -9 -31 -26 231 106 -213 -146 12 -57 4 -175 -4 -7 -119 -115 -74 -71 -14 -199 -23 19 228 -19 235 222 -240 77 182 -187 56 10 -36 180 108 8 232 122 -73 -216 48 27 -47 236 -224 -193 245 -133 -90 -93 -48 -178 -100 140 -18 51 -246 30 -62 -32 -234 -114 -103 115 -122 -39 237 -208 -24 -180 -174 -228 -189 -104 -206 -37 40 -116 189 112 -151 -236 137 209 59 -227 43 -121 -127 131 -177 -204 82 -81 -194 187 75 -222 199 -226 171 20 47 -165 73 -156 91 -153 194 -220 -51 -113 87 -182 11 -75 -210 230 -85 129 149 212 103 -106 -172 13 233 -242 167 203 -192 -98 -128 -144 -40 7 -135 154 -6 247 -68 -34 -233 -201 -8 -150 -97 1 -229 -217 166 -86 218 126 152 67 -145 -84 240 -250 -5 -56 61 2 54 60 -157 200 117 26 38 89 -186 125 -30 188 95 52 118 -230 68 -118 36 -44 42 161 -147 238 242 -17 6 25 213 0 80 214 205 -112 49 204 -60 -140 -94 -96 -235 24 -238 34 241 -225 183 -219 84 -10 -87 158 -3 139 -21 -168 29 -215 197 -134 219 -232 123 72 79 33 -159 104 217 64 -149 -65 124 -131 159 155 -247 -12 244 5 216 -166 -124 191 119 -169 9 -11 -195 -117 -66 65 127 202 -212 -52 163 71 -101 69 -120 -163 146 165 -78 55 -55 -249 147 63 -205 224 113 -191 -148 239 31 -137 -13 -126 184 22 186 249 -92 -200 220 -64 132 -185 -209 175 41 -41 -183 141 -181 -49 35 78 227 -198 -50 -141 -33 193 -158 -142 70 39 -108 -89 215 -188 -243 179 178 -20 -80 -125 -245 -61 97 -28 151 -223 145 -53 -102 223 -43 -173 156 -111 15 -63 3 173 -83 -67 107 -129 -27 198 -16 246 162 58 98 -161 85 -197 50 -167 -152 142 208 172 -70 -203 174 62 157 -244 -170 -171 -79 -239 -38 143 -196 -15 -42 66 46 -123 176 101 229 74 116 -45 -22 128 17 16 201 168 -1 120 -130 -202 150 243 169 81 -25 192 -105 44 105 -179 -184 -109 21 211 -72 45 185 207 135 76 14 177 134 133 138 -95 102 -58 -139 -132 225 -136 100 114 -164 -110 206 -46 148 -218 248 164 -190 144 -76 181 90 -248 -82 93 -207 111 -221 53 -138 -143 210 -88 121 -214 92 -29 57 -99 -54 -154 99 109 28 170 226 18 196 234 -231 190 -59 -160 -241 160 -211 130 -2 136 221 -155 83 -162 86 
TEST 62 ARG:104 52 -70 100 -78 -125 -243 179 75 -119 158 -82 -150 238 128 140 9 -186 -95 -228 -80 -32 171 -58 210 127 -12 -247 -57 -117 -90 2 -180 73 -96 -242 147 -86 125 -139 -60 -30 -85 -239 163 164 -93 -111 0 172 -143 144 76 -199 -154 -227 141 241 176 -225 -52 161 89 -217 -160 195 -189 -124 -47 -167 -22 188 -66 -36 112 -79 -6 143 -136 10 173 202 90 107 -89 17 168 135 232 -209 227 -28 235 94 -54 25 -172 -123 -55 85 -103 -132 -105 61 136 -210 233 -38 -190 212 -147 82 229 28 -203 137 -106 193 184 -183 -1 30 244 203 -219 92 -145 -151 49 96 -43 -237 247 -42 228 245 214 4 130 -205 -81 78 -177 103 -231 -84 74 -116 -13 -69 192 -34 80 -71 205 54 -248 152 -56 101 43 39 58 133 148 40 -140 124 63 -50 -48 -135 -207 24 -161 79 -75 177 182 -244 57 -222 -213 -195 -204 151 155 -170 -153 -182 15 -109 -118 149 189 -130 191 -166 129 -63 -94 120 -202 183 -74 -191 -10 -134 201 -157 113 169 -236 -129 -215 199 3 -97 111 -87 -4 215 170 7 -49 218 -21 -246 211 -187 88 -68 162 240 -146 190 16 138 -184 -122 64 19 -65 196 -39 167 22 -15 97 -175 119 -201 206 72 145 41 -5 -233 209 -131 23 208 -112 181 105 31 178 -179 -113 -216 153 1 139 -72 12 186 -102 213 219 34 234 -141 121 84 -212 226 -104 -40 116 20 -3 -158 224 -18 243 160 44 -159 46 -120 231 -35 -162 106 -64 242 -110 132 -17 65 -8 -178 -33 -223 67 -23 -238 -224 -29 -27 134 68 -24 -108 -46 33 197 -107 150 -19 114 11 -226 -234 -127 -192 26 95 110 -37 -14 217 27 239 -142 18 166 142 62 -115 91 -181 -53 -20 -185 -211 47 -11 216 230 -91 246 8 -148 117 -61 237 -218 37 81 29 207 53 126 -200 -221 -188 -249 157 -26 45 187 -25 248 55 236 -232 -92 118 -235 122 71 -88 5 -163 -173 108 -100 -62 159 -31 66 -133 42 60 -41 -240 -128 -59 -229 -241 -171 -155 -208 99 -51 59 -165 174 223 185 93 221 109 102 36 -152 198 38 -169 -16 131 123 -7 48 -99 21 -168 69 220 -76 32 -245 6 -250 154 -67 13 -126 175 -198 249 -174 -121 -138 -220 77 -73 -197 -144 -77 180 -196 51 115 222 56 -176 -156 -44 87 204 -101 -214 225 -137 -9 -98 86 -2 -193 35 98 -164 -45 -230 200 70 -149 194 -114 146 165 50 -206 -194 83 14 -83 156 
TEST 63 ARG:70 -204 130 -27 157 -53 113 47 34 -218 232 -220 63 76 221 -83 19 127 104 161 69 228 -222 -244 -122 -211 -117 72 81 -85 -129 -113 229 -40 -36 148 -71 124 79 179 -103 -81 23 -91 212 -7 -5 -33 46 -60 213 87 158 -84 74 190 -126 -6 105 166 35 -64 -248 -42 12 123 -189 -3 -142 -56 -57 -201 215 39 121 83 -188 -110 -63 -205 65 60 -55 238 7 -159 -232 175 17 132 -179 -233 196 -152 183 141 110 -4 214 -216 230 -141 -138 -237 187 198 -186 22 -65 186 153 5 236 -80 -120 -241 -21 227 -13 -1 -184 -75 4 -185 -88 -47 -171 226 -202 -245 -242 45 -249 44 -12 233 29 -243 -17 -98 143 -125 -10 -37 -124 41 246 13 220 -54 -144 14 231 10 27 84 174 181 -194 -31 235 -229 -127 -49 162 178 145 -247 -118 62 -29 -180 -130 -195 -207 134 67 128 -148 -162 225 95 -175 224 -166 200 -34 -102 51 160 133 -139 242 -8 1 136 15 144 85 2 -157 -140 -134 40 185 -212 154 97 59 109 -217 43 184 118 -131 -150 -170 75 -109 -197 -135 -208 131 -172 -181 -226 248 -23 -114 -58 -177 18 239 126 -50 -99 -89 38 129 -190 -82 -96 135 -101 -48 -193 48 58 49 -95 -228 192 37 -183 -137 -153 -250 -61 -133 -38 -213 -59 165 189 -206 98 120 223 -19 -67 -112 30 8 -163 -46 -28 201 -147 177 -236 147 116 93 -15 -43 9 16 211 -116 -238 -182 241 149 101 -69 247 53 -14 138 173 171 194 -20 112 -209 182 -86 -105 -66 -235 -215 -223 237 205 -39 -203 150 -97 170 176 -73 -168 -149 92 -45 -136 114 -79 -76 -234 216 25 -68 -119 -145 164 -70 188 -198 -214 -178 -16 -72 -62 0 -160 -164 -154 218 90 57 240 193 100 64 89 159 77 -90 202 243 -26 210 -227 -143 -169 -22 -51 68 80 42 -221 -161 -246 -151 -174 111 -106 -18 -11 -158 137 208 107 -176 -30 -121 180 203 108 139 66 -87 33 -132 125 219 -115 -240 91 209 -191 -92 -165 146 -230 -146 -239 142 50 -25 24 55 -173 -196 -77 54 119 -231 140 103 73 -155 32 26 163 244 122 249 156 99 -100 -41 -200 -192 207 -93 11 88 86 -24 78 52 204 36 -156 234 155 152 71 217 -78 61 195 106 -199 151 31 168 191 -32 3 21 -111 115 -167 94 172 -108 117 206 197 -128 -44 -52 -219 102 245 167 -9 -94 -35 56 -123 169 -74 -107 -104 6 82 96 222 -224 199 -2 20 28 -225 -210 -187 
TEST 64 ARG:-250 -130 156 147 191 -215 -82 68 178 58 -186 -132 -27 -57 48 125 -163 -62 -135 74 -150 -75 -249 -239 139 -206 -18 -133 -126 76 -164 161 -58 -217 47 26 -238 43 -144 203 -97 -37 144 90 121 -248 -151 93 -66 118 177 -145 -134 -198 -79 183 -169 106 -96 -121 -148 -32 204 -209 162 213 -196 1 132 -211 116 127 -200 -1 -149 -129 33 135 66 -35 230 25 -3 -189 -227 153 -234 -107 226 17 246 -89 -157 -54 -44 -179 -180 -142 237 179 -193 -56 -61 122 -123 60 -104 -25 243 -173 -220 65 154 -231 72 -204 148 -42 235 57 105 104 -9 215 56 -80 15 -153 158 -160 -53 124 -213 6 -171 32 123 -4 -216 216 87 -64 -131 -109 199 157 206 -205 192 193 16 102 196 232 -102 -243 -222 -81 -155 46 -73 174 113 -5 -118 -2 -8 71 173 248 42 -237 35 -190 214 -167 -29 21 -246 -55 79 149 -208 -78 70 -114 -108 145 -187 108 165 175 -225 96 223 -197 143 -228 -113 109 -103 63 239 29 160 212 150 190 12 236 151 114 -146 142 -85 -230 -125 -30 -15 -10 -65 146 -22 186 -13 -86 98 110 128 107 138 45 171 85 -101 -84 -21 -72 225 -63 117 55 242 39 37 -48 184 -93 -172 20 208 -177 180 211 209 217 91 126 -59 -116 -67 -195 -20 -12 244 -110 164 210 -175 -210 -168 -49 97 -76 -165 40 130 -161 19 169 133 -138 221 61 -240 131 86 -16 -154 101 27 129 140 188 240 -68 88 222 166 28 14 229 -147 167 172 82 -152 202 231 176 -71 -87 36 -202 -158 -159 -60 54 219 -33 51 134 -47 163 -128 155 -156 38 205 187 228 -241 -6 -176 59 -50 -19 249 233 -112 137 -232 -203 224 30 -226 -69 -52 -247 -174 94 227 -181 -236 -244 194 -233 -214 -191 -245 22 -40 -7 -43 -141 -143 -45 103 -122 -127 95 62 41 -28 -192 168 83 195 -77 -170 200 -235 -185 -46 -124 8 73 -41 112 -36 99 -106 -224 -38 24 69 -99 -90 89 -88 -111 136 -183 -74 31 247 185 -31 198 100 -105 -188 -14 159 2 245 84 4 -98 120 182 -100 201 -140 -201 44 220 -219 141 -182 18 181 -242 -223 13 -115 -91 -212 50 -95 -11 0 53 -137 111 75 241 -117 -221 3 -24 77 10 170 -162 23 5 -166 -139 67 81 238 -229 -39 34 234 7 152 -119 -92 49 218 197 -94 -194 115 -34 -83 80 -120 11 64 -218 -207 -26 -199 92 9 -51 119 78 -70 189 52 207 -178 -184 -17 -23 -136 
TEST 65 ARG:109 214 -208 -224 159 197 171 -235 237 182 -109 65 -141 -117 185 -181 -49 -115 150 -113 -26 226 -58 -154 0 125 -228 238 143 -210 138 -112 -85 -116 225 -139 -119 28 -153 248 -158 -123 44 187 -226 -56 -212 29 -247 -43 -62 -92 170 -59 244 128 194 233 -197 90 204 76 30 -144 -215 217 212 157 241 -174 -209 162 -60 -37 163 -82 -105 -9 -32 31 -124 -70 66 -14 78 107 3 166 -243 247 186 88 27 108 -54 -110 -195 111 40 -33 6 220 -220 173 158 -25 -73 19 -120 177 -77 -48 -229 67 246 234 161 46 -149 -170 20 -118 -241 41 43 176 113 221 -27 219 213 57 85 140 -142 151 7 -28 -38 100 -232 193 103 37 232 25 -7 49 -75 -126 56 178 243 -127 15 95 239 70 -31 -204 -86 -93 33 -106 -107 216 -87 192 196 11 145 114 188 -214 -108 -67 126 -71 -44 -42 -248 -172 127 -2 -183 86 -230 -45 8 -175 124 203 64 110 -69 75 142 -137 191 202 164 63 -83 -221 12 183 -250 4 50 130 121 -231 137 112 -66 -179 180 98 13 102 -103 89 -102 71 52 200 -245 -57 -40 119 77 42 172 1 168 205 -47 -171 -146 -21 -148 -173 101 -53 -159 -20 132 152 -145 -151 82 -125 227 59 -199 208 83 2 207 -122 -161 223 -97 -15 87 -244 -200 -3 -136 -11 -17 -182 -236 10 -80 -211 146 -121 -164 116 139 -29 -150 -184 72 53 51 148 -98 23 133 122 9 -177 147 167 -237 -79 94 60 -35 -190 -130 -24 235 155 189 16 201 160 -78 -194 48 190 -63 -6 -201 34 -249 36 -133 -10 -223 -169 -160 -8 174 210 231 -22 -135 -206 -191 165 22 -96 -227 -100 -147 -16 -196 -94 228 32 -91 -95 106 -74 -5 179 -193 -180 153 242 -156 39 62 -216 -138 236 -99 -167 68 141 73 80 -189 -132 -165 -233 -51 -203 156 -131 54 -222 -198 17 136 -84 -104 18 -46 -128 -234 154 -88 184 -185 144 14 -50 -61 -242 -13 -90 -41 245 24 -157 -240 55 -202 198 84 96 -187 -52 -65 -162 47 74 181 249 -140 61 -81 104 -163 -205 -186 129 -207 -225 -246 -101 -36 229 91 240 45 218 115 -217 211 -12 -68 -176 222 118 120 175 -19 -1 79 92 -111 97 -219 -188 21 169 -168 134 215 38 93 26 99 -239 -30 123 35 -134 -76 -143 -238 -89 -72 69 -155 -64 -55 5 199 -192 -18 81 209 -23 -218 117 149 131 230 206 -114 195 -129 224 135 -213 105 -39 -4 -178 -34 -152 -166 58 
TEST 66 ARG:-38 105 -39 -235 222 125 81 186 -138 108 -68 -56 51 -103 15 -241 -1 35 -151 18 2 24 145 -208 -21 -81 99 71 202 172 232 146 59 -182 -93 -154 -176 188 -220 -139 171 161 -158 -137 219 75 56 130 -64 58 -50 -231 -49 -125 185 -57 -19 -132 237 164 106 148 211 73 -157 -172 -211 -24 224 128 173 -110 178 236 -133 -177 97 -27 -58 -250 141 26 46 50 103 -199 0 -174 152 -144 131 -10 -5 147 194 -108 -166 195 53 65 -72 64 -195 -162 -167 57 -20 114 111 215 -188 39 -197 112 240 123 -244 198 -249 -41 180 -196 -67 -116 -17 31 -25 241 7 -173 -83 98 -111 -70 88 -149 -60 -178 208 14 -4 -80 127 -61 94 -48 -160 -121 182 213 154 -95 87 -198 -217 -247 -30 -104 -109 -232 49 239 122 175 -43 66 -168 42 23 -153 137 -221 -164 -194 -213 -190 149 242 176 -2 -141 61 30 134 -234 -52 -84 -15 212 -86 193 196 214 34 231 162 158 170 -37 85 -71 -65 -107 -91 77 -115 76 207 -214 101 92 47 -210 21 201 -219 -106 142 -246 -94 9 -85 124 -36 -147 220 -233 -89 -237 -34 189 116 -205 133 110 41 -74 191 -206 -6 54 29 144 -240 -134 62 82 -186 -155 -223 -156 72 -150 13 -51 -183 -101 138 -142 -181 -22 -113 -169 113 22 -152 12 -129 -120 209 132 221 -200 -77 205 -212 -218 -159 27 121 -127 11 -117 203 -126 67 -119 78 -112 -185 174 166 -78 159 181 60 20 -222 -73 -105 -53 -170 244 -33 200 -47 197 43 184 192 107 -230 95 -11 160 -243 -146 -66 235 -26 -204 -79 1 -238 -215 139 -201 52 140 -13 -191 233 -163 -123 -224 169 -55 -175 -193 -180 83 89 249 246 227 -88 230 -114 -40 135 245 -209 118 -99 80 151 -62 16 44 150 -236 33 28 -7 120 48 3 -131 217 -203 -135 190 117 19 63 -12 -45 -32 8 5 10 -242 -225 238 -239 247 -28 70 177 -189 -3 168 38 -35 -228 96 -18 -143 68 -216 4 165 40 -69 218 129 -184 -248 -63 -187 86 -54 157 -229 156 55 -145 243 74 225 -140 -118 69 93 155 79 -148 210 -9 -23 216 -130 -44 183 -46 109 -192 -98 17 143 100 91 -97 248 -87 -82 -59 25 -122 -136 90 228 187 -92 102 -245 -179 -16 104 -90 32 199 -128 -14 -227 -207 -29 119 -171 -31 234 204 84 226 136 167 -96 163 -202 -161 6 229 -76 153 223 -102 206 115 -42 126 -124 179 -100 -165 36 -8 -75 37 45 -226 
TEST 67 ARG:166 197 -225 69 -89 -249 -124 -139 206 145 -92 45 107 -80 -23 -187 -8 -220 138 106 78 -52 -79 72 -94 -28 88 -172 -242 -83 -33 212 -102 -138 84 -147 18 -115 35 198 182 -183 -7 17 -55 -85 19 99 -204 -168 -208 23 -18 -189 245 -243 96 118 62 191 147 101 135 143 -109 -34 25 98 27 -231 -196 -10 159 -6 83 163 214 50 -222 -141 167 94 205 -234 -41 -120 91 77 -248 -214 148 246 117 -191 -197 -37 195 -95 11 -245 42 9 -36 -68 196 -136 -40 -157 155 -77 -63 54 -44 -219 -82 40 140 153 -93 -236 -165 -108 209 160 75 -179 -15 87 -4 208 -152 -101 200 178 -194 -218 30 -121 -87 124 -203 92 -192 -210 -148 222 230 193 219 -160 112 -53 -153 -112 65 20 13 134 -111 -240 169 104 248 170 -212 186 154 156 -114 -184 49 218 85 22 146 152 165 -167 -205 -213 -198 177 232 6 -145 -174 -200 194 175 -241 -186 81 -180 131 183 -223 -81 141 -69 -45 103 3 76 -43 -140 -21 -247 -107 -64 -169 -91 149 142 -193 -20 -229 -11 47 -127 -201 -59 -188 -113 -110 -146 82 227 70 -72 -185 51 221 207 -25 -211 5 100 -232 121 48 105 192 229 201 -134 58 32 -47 202 125 -51 -39 -164 -14 59 180 173 -175 12 216 -96 -206 67 -166 -126 109 174 -162 139 -129 215 -244 162 16 130 108 14 -19 -135 -181 132 113 90 -54 203 239 225 -62 -58 -170 235 -154 -42 -32 8 127 237 71 4 -5 -16 -78 161 -70 231 241 -97 33 133 224 111 -116 -13 -17 -142 -238 -182 28 -49 -156 158 -149 -176 -9 -130 -48 -106 -217 66 44 243 31 115 242 -65 244 -125 -67 233 102 15 114 110 204 172 -103 57 73 188 -30 122 43 176 74 64 1 26 36 -71 -46 184 -12 39 -233 -119 -178 -144 -131 79 -76 238 -118 157 240 -35 -199 68 -122 -26 -235 199 -90 164 -61 -202 -57 151 190 -216 123 -227 -158 171 228 34 -31 128 236 -221 144 189 93 -104 2 150 -132 168 -56 187 -29 -150 7 -133 -159 -100 60 89 46 -27 -86 41 -246 120 -177 -239 181 234 -1 213 -173 -3 119 -228 56 86 -137 -98 -215 80 -73 29 -143 137 220 10 185 116 -117 -161 -88 -105 21 53 217 52 -207 -24 -99 226 249 -224 223 -230 -22 211 55 -123 -190 -237 -84 179 0 129 -163 -2 -60 -195 136 -66 247 97 -171 24 -38 -74 -226 -250 38 37 -155 210 95 -209 63 61 -128 126 -75 -50 -151 
TEST 68 ARG:39 137 -179 -181 -39 69 4 -63 248 -249 -59 -200 -99 224 204 -247 71 87 220 169 -222 228 -97 -18 79 -71 -10 -74 -52 136 -132 -7 154 -3 -226 109 -30 -40 238 117 -23 246 230 249 44 -217 50 -15 226 -27 -245 234 -41 94 -171 -248 176 -120 205 -144 -234 13 -26 236 -231 235 178 -90 28 -225 -69 -235 -34 22 185 -138 5 43 -211 -12 143 -102 40 -101 -86 78 52 -136 215 148 -95 112 121 165 -46 142 -125 156 -42 229 35 127 184 -104 -113 -186 189 26 -114 -116 -75 218 86 -232 -168 51 -107 125 -68 -169 155 -70 61 -194 214 -137 29 153 -123 -112 33 186 -94 57 -229 -140 -129 99 -142 -109 3 132 -8 131 89 -119 -201 -204 -183 53 151 -85 -80 -53 172 108 -155 181 -5 225 47 147 -164 -44 128 17 -153 222 -29 -161 -210 118 208 -31 -108 31 191 36 42 -6 124 -230 -163 27 23 113 -89 -24 -33 163 -233 201 -180 146 -197 101 -19 -157 56 -191 -187 -111 -219 -154 -73 -77 -58 -91 -192 200 244 -121 68 -56 -82 195 -47 -105 -185 91 30 -167 -48 150 65 161 135 -174 -173 123 25 177 15 232 188 -64 100 107 138 211 95 -203 -240 223 77 187 -170 10 241 -78 -188 -133 -127 -243 -241 -9 -65 -250 -212 -84 122 -50 -147 84 -92 202 -150 -177 145 66 32 227 -100 -176 -239 -38 -182 203 192 141 116 -62 -159 237 -54 168 -130 -51 97 88 63 134 85 139 41 103 -16 140 46 -218 129 -76 -83 183 170 -151 213 48 -172 173 -117 -193 175 58 -244 -135 -221 -165 196 67 74 180 92 -214 -21 -141 -228 -66 174 -209 210 59 1 -115 -81 149 -4 -88 24 55 70 -206 -202 -178 -131 72 -158 198 114 18 -162 -190 -198 159 182 -61 -223 130 -146 160 -87 120 21 -215 -126 171 -152 34 19 199 -1 -149 -103 -49 -60 -22 -37 209 -195 -238 -17 -148 11 240 158 -96 -184 242 -208 45 166 93 81 219 245 -14 0 -118 179 105 76 -227 207 -98 239 -189 -67 -32 231 190 -35 152 -106 104 -207 221 2 8 -72 -11 54 -139 -36 197 14 167 16 12 -242 90 115 -25 -216 -45 106 157 -175 82 96 98 60 -145 -55 -122 -20 7 20 -110 212 -156 64 -246 110 -43 193 62 73 -205 37 75 -124 -236 6 216 111 -57 217 -237 126 -213 -196 -134 133 -220 162 243 -79 -143 -199 164 -28 83 194 144 -224 119 -13 233 -166 -93 49 247 -160 38 206 -2 -128 102 9 80 
TEST 69 ARG:-239 -2 37 -116 -201 81 119 -13 -11 -49 124 -96 127 17 30 -119 -28 -142 138 66 172 -31 -131 239 248 115 31 208 -79 224 -191 -80 160 207 -63 -21 -23 -148 184 -161 196 -227 -147 -207 -53 -145 -125 -14 165 -146 34 -219 180 185 -224 -32 53 -229 94 35 109 136 -99 -78 47 237 -196 -235 -240 -183 143 -22 111 247 4 6 126 -77 -27 24 168 -222 151 123 147 -57 -149 -129 -61 -246 114 80 -65 97 3 -81 -42 -4 -52 -95 154 -185 -139 238 74 159 -232 82 -192 38 -122 164 -177 102 -45 -204 231 188 -117 139 125 181 122 -113 -247 -7 -209 106 130 43 -34 173 -108 28 211 205 33 202 -249 -233 135 -67 223 90 199 -107 55 112 183 -237 225 182 -175 -123 -215 13 -208 -198 105 -106 -194 244 -179 128 166 -128 -85 -89 246 175 116 -38 200 177 144 -115 -223 -141 -206 99 219 72 42 -132 68 26 -126 -210 -84 -225 236 96 108 240 -244 21 25 -174 -202 52 -118 32 84 -159 134 -68 179 57 103 -12 41 58 -197 -151 92 -69 -180 -133 163 -47 75 -51 61 212 -83 -74 -100 9 -213 -182 -121 -110 -166 228 -241 206 158 -93 -70 -250 64 18 45 245 -24 -228 178 -64 242 54 -111 -205 204 86 -144 141 79 110 -15 -135 161 -155 -55 149 2 -157 -140 -170 -97 155 -195 -50 146 -226 -26 -29 -94 -98 -90 170 101 -136 -168 198 133 215 -130 156 49 -1 118 19 -5 -186 241 145 -189 -17 39 -58 -173 -109 -16 140 -188 192 -72 78 -104 46 171 91 -245 -160 233 20 104 15 -178 -60 194 -190 12 -163 -172 -6 -220 -171 117 195 -120 -164 148 10 -217 209 -8 76 62 -167 -231 -216 36 -218 190 -114 56 -230 222 -9 83 -66 -156 120 -40 95 -193 -203 214 137 22 193 67 169 -39 234 88 93 -46 -18 50 -248 -59 -87 -214 -105 227 187 70 -36 -76 -236 5 -41 -134 -127 162 -10 -154 -3 203 98 189 249 -176 218 129 -56 59 100 226 -25 121 11 213 -44 7 69 51 -143 -88 16 -48 235 -211 -82 197 -158 -73 186 85 40 201 89 243 77 -153 -150 132 -62 220 -86 71 29 -137 -124 230 221 -234 176 48 -212 153 27 1 -92 -242 -35 107 23 113 14 152 -91 -165 -187 217 -169 -184 -243 87 -112 -221 -75 -20 -199 -101 174 60 232 63 157 -37 -138 191 8 -181 44 210 -71 216 167 -102 142 65 131 -30 229 -238 -200 0 -19 -162 73 -43 -54 -103 -152 -33 150 
TEST 70 ARG:-150 71 57 -157 -186 -247 -178 160 -138 248 -48 -68 203 -127 126 -124 72 -41 76 -165 41 -170 233 88 217 -57 112 -18 36 -25 -152 150 -191 -224 70 -19 82 92 46 -201 -153 -246 -27 -89 147 -250 -148 -93 170 -154 175 -202 -58 37 61 -15 -156 -242 227 -249 -207 100 109 -184 206 216 108 11 239 119 17 -1 -79 -159 113 2 -172 -105 -26 23 -16 -215 28 -128 -49 104 -109 236 4 -80 171 10 -213 -5 -108 -67 131 -52 -84 -40 153 -114 -9 209 -65 139 -187 48 -2 40 201 -97 135 38 -200 -66 -164 -181 -85 -221 -193 -140 81 -21 -102 -234 -238 114 127 9 -196 20 0 -94 241 69 -38 220 -158 159 -137 -175 -230 234 230 121 87 -203 -144 -130 43 -226 -180 -51 -99 -87 -149 -28 29 -104 -169 165 166 51 62 80 103 47 -88 172 120 -90 -56 192 163 213 -37 214 111 107 -188 -214 94 -174 221 -228 225 205 95 58 -10 18 232 90 176 -61 -190 -30 -13 174 33 138 -118 89 -103 242 -217 35 -179 185 73 63 195 -139 49 -34 -55 -39 191 189 14 -17 155 207 59 -76 -59 -11 -123 -23 -218 179 -173 -14 -176 125 42 180 235 -222 128 30 93 -239 212 -110 78 60 157 204 8 -20 231 -151 97 -60 202 200 -182 -78 -177 238 142 182 223 96 101 152 -22 -32 -185 198 -160 -245 188 -112 -248 -129 85 -155 -82 -208 124 44 -198 -29 79 187 116 -232 184 -121 110 -98 -126 52 -223 -100 197 86 118 -162 222 240 244 196 237 -120 -96 156 15 173 247 -31 178 143 -122 -229 -64 -12 149 106 -211 -146 144 -47 -92 53 -206 158 -171 210 -4 -183 215 50 211 246 228 -42 -54 117 -111 74 -133 6 229 105 -231 -95 243 -195 -244 54 -241 -72 -134 -209 -142 24 -74 -35 -243 -77 27 -168 -212 64 -210 -107 123 177 -216 -233 218 208 -116 84 146 39 190 -53 -83 -119 -145 140 77 99 -143 -70 245 12 -63 -73 -192 -141 148 1 -135 -161 25 -81 -3 164 -225 -147 -69 145 -163 -45 169 -194 -46 -117 133 219 136 -36 -204 -236 45 -227 186 -189 3 130 102 -125 -113 65 -106 -86 249 141 -8 181 66 56 151 -101 224 19 161 226 162 22 -136 -235 -166 -43 26 55 115 193 134 194 83 21 -220 -197 129 5 -7 -50 -6 -132 -199 -219 -205 137 132 -237 -167 -240 32 -62 -71 75 -44 -75 31 -115 68 67 167 34 183 -131 16 91 -33 122 98 13 -91 168 154 -24 199 7 
TEST 71 ARG:-197 61 -237 -180 -10 -31 -192 -199 -125 84 -148 -212 43 -35 40 244 -151 -179 162 48 19 -140 31 228 -248 197 -246 -123 -181 183 -4 -135 -2 -86 -240 140 151 85 -226 -243 92 -99 221 45 52 -187 200 -239 -131 -71 -139 77 20 57 82 -130 124 -79 132 59 235 -234 -5 153 -66 87 -170 -75 -166 111 147 -81 195 86 166 83 47 -238 55 -42 -158 187 110 109 134 -122 -60 193 30 201 60 -89 -94 205 216 -17 101 173 50 106 -113 179 39 196 -91 -132 180 213 177 -225 105 -194 -34 -95 -23 -138 236 29 -164 63 141 234 44 96 -29 117 230 -147 -228 118 123 -53 76 7 11 38 202 -241 126 169 -133 97 -196 211 -54 -88 68 -142 -247 191 -232 217 64 -26 -141 -153 22 -11 194 113 -231 133 245 93 -3 -92 -190 119 37 138 -37 170 121 242 -245 154 237 -201 139 -14 -110 -85 112 -33 -8 210 214 -126 32 -117 143 -45 -129 115 206 -195 98 -137 -7 215 225 -107 108 -56 -90 -249 149 -186 241 -38 176 9 -51 -61 -48 21 -193 -68 114 -229 104 -145 6 75 80 129 231 -73 189 -244 -211 222 220 -163 -87 12 122 89 -205 127 155 142 66 -16 -177 145 41 18 243 26 192 -183 198 -84 -41 128 -215 74 -127 -198 81 25 131 207 28 -80 163 0 -47 17 79 -174 164 186 90 -178 -184 -134 -209 46 -65 161 -155 94 1 -52 -21 24 -25 -242 224 -114 -50 184 27 -159 -124 -171 175 78 73 120 -175 -176 -172 185 -219 165 -109 156 246 -96 -157 -188 182 174 51 -46 232 -101 233 -43 -115 -27 -22 -40 -49 150 -216 208 -230 -213 65 144 16 -111 -44 -6 -24 103 171 -200 -106 -108 13 -185 35 238 -93 -63 -18 5 -152 -13 203 -233 71 67 -165 99 42 -169 229 -32 -144 223 -160 -72 218 -121 -204 -220 190 -203 199 181 167 23 -67 209 135 4 130 -112 248 146 158 -136 247 8 2 204 -149 -189 -82 -128 36 100 -12 168 219 -9 159 -103 10 95 -143 -78 240 -162 -223 226 -77 53 -57 14 -30 -173 91 -97 -206 160 -98 -28 102 -161 -227 -191 -59 15 49 -83 33 -39 62 -210 239 -120 3 249 -207 148 -20 172 -19 116 -118 227 -250 72 -100 -116 -154 56 -235 -58 -70 -36 -214 70 107 -218 54 -222 -146 -150 -102 -15 157 136 88 -168 -119 -69 137 -208 -224 -182 -202 -105 -55 188 -236 125 -74 -156 34 -62 178 -1 69 -167 -64 -221 212 58 152 -217 -104 -76 
TEST 72 ARG:44 167 117 186 230 228 108 157 -220 -201 49 42 -230 14 -147 17 -214 156 -106 -31 75 82 132 90 144 -91 -200 109 -154 -74 -60 145 -242 -155 225 147 185 -89 -128 -59 158 -37 178 211 -77 -35 -64 222 -249 23 -58 -222 -164 -179 131 -51 -142 -186 103 229 -224 4 -246 184 173 112 -24 -202 -149 -19 6 100 -152 -115 -188 217 -86 34 -15 161 -198 175 -22 60 47 219 -48 -197 18 -54 -79 -194 -9 -209 39 66 88 -118 172 92 -248 22 69 -52 -190 126 166 16 -65 67 221 46 -124 38 129 248 -76 37 30 -218 -138 127 -100 101 196 -206 181 -108 -66 183 20 192 213 -111 177 238 25 -173 28 118 62 -14 -110 -159 80 -245 -34 9 -122 41 50 -239 -153 -82 -130 104 -146 237 -219 -212 -243 99 -32 194 195 -13 -235 148 106 -7 198 -135 94 -129 97 68 -46 59 -120 -250 65 -107 249 -125 7 -87 -23 -185 61 107 241 -95 -47 200 35 -92 159 -207 -88 -80 78 10 95 5 48 -231 76 234 63 26 -93 187 -183 2 -240 70 -139 141 -225 -4 -101 52 3 134 -226 83 -132 189 -94 -104 -211 -102 -67 199 -103 223 56 102 58 -81 -28 121 -148 -137 31 32 81 -69 -176 -150 24 64 -144 -145 242 201 233 203 212 -38 182 -189 142 -43 -228 73 165 -241 -10 -73 113 152 36 -181 -42 -45 235 207 -143 -2 -172 -119 -56 -113 -233 57 240 -193 96 244 -39 123 151 87 180 115 105 -178 -180 -3 232 -161 -196 -61 216 -215 -208 155 139 -160 -131 -50 0 -97 51 -229 224 -29 55 -203 -109 21 239 -170 -168 215 -133 -121 -72 85 -165 -20 120 133 236 110 -169 231 -182 -55 -199 98 146 246 197 -105 40 -232 15 91 -99 -123 -5 150 -98 154 12 -36 -90 72 170 -25 79 74 164 -114 43 -12 -217 -166 -140 -167 -63 -234 140 -247 218 124 -237 -17 11 -221 84 -78 162 -177 93 163 -68 179 -96 -62 143 -117 -112 227 -40 -238 -126 111 171 19 77 135 226 -21 137 33 122 202 -44 193 -156 -71 -1 -158 -191 138 -187 27 -57 208 190 45 191 -171 -16 -83 204 89 8 245 -213 -204 149 136 -151 -18 247 -223 128 -127 -205 -84 1 210 160 214 29 205 -33 -195 -70 -141 -184 -26 -163 -227 174 176 -85 86 13 -236 -116 -136 153 119 -27 130 206 -134 168 -41 -11 220 209 -174 243 -30 -175 -6 116 -49 -162 -210 188 71 -157 -53 -216 -8 125 -192 169 -244 53 114 54 -75 
TEST 73 ARG:-174 -101 -82 77 160 -29 -199 -183 -243 173 178 65 -195 220 95 119 33 -224 187 -43 120 -89 -57 219 99 159 239 -55 -155 145 192 234 197 -175 -81 143 -194 188 -115 20 121 74 56 49 -78 -52 -110 -63 -58 -138 -103 -167 -87 209 -16 149 -249 21 -212 150 -48 105 211 -135 -95 45 109 -99 80 -51 -85 146 -61 -26 54 -177 -15 -72 -129 -77 -2 72 201 116 -49 114 127 22 -209 -211 -27 -64 244 -238 181 110 -244 -239 -149 -37 172 10 -41 175 -210 -142 125 28 -112 -116 -246 223 215 -141 -250 -133 167 -236 -6 53 -132 12 156 194 -197 221 -50 101 205 -166 202 63 -191 -39 -169 -219 -105 -62 98 70 60 -40 62 -240 -247 148 214 -140 -182 -165 68 -213 218 228 249 112 107 -245 -233 35 -216 164 -56 -228 -42 23 25 7 232 100 -117 233 113 139 5 64 82 -69 176 -145 71 -53 -123 -202 216 -232 -5 -21 -98 -139 -70 29 129 83 103 179 -146 79 36 -67 210 198 137 -24 -237 -208 -206 55 -178 -18 104 26 38 30 52 154 -20 157 -163 155 78 -147 -75 -185 212 16 193 75 -186 -80 241 -46 -189 -107 -205 -90 88 -17 177 238 -54 39 -66 -76 90 -161 -134 -47 -104 17 27 136 -162 -19 51 -124 -127 44 243 58 69 -130 -204 -11 102 -91 -220 189 -181 -248 231 -172 191 61 -193 -73 -151 180 158 224 246 -83 161 -108 -159 -3 3 147 -229 -136 185 -227 144 -97 203 195 -9 91 -152 67 200 40 81 -36 -188 -35 -176 -225 -218 135 -109 208 207 50 42 -34 37 -79 133 85 -143 96 170 -131 57 -119 -111 31 -168 -121 -32 -128 -154 171 -38 2 -22 230 151 18 -68 9 -96 -84 -4 142 -1 -59 -196 97 -200 206 59 111 48 11 -120 -150 229 247 -13 182 -148 8 -171 242 186 108 184 73 19 138 46 -12 213 166 237 93 -230 41 15 123 -173 -44 -198 162 -122 131 -31 4 -28 -71 217 -102 -217 86 190 196 222 227 87 130 -60 -203 -86 13 -179 -223 126 118 152 -7 -93 -74 235 165 -45 -170 -153 84 -10 -157 -221 -235 14 -187 226 236 199 -184 -160 43 -126 6 245 168 66 -201 -125 -88 115 -8 140 132 -30 -231 134 -137 1 92 34 -65 -190 76 89 -33 240 -242 -222 -207 -144 -192 183 -113 -156 -25 225 141 47 -164 -118 -92 -158 24 106 -214 174 -234 128 -106 -180 94 -215 117 -226 248 -241 169 -114 204 -94 0 -23 32 163 -100 153 122 -14 124 
TEST 74 ARG:152 -137 244 -87 -203 95 -209 -80 -154 191 16 185 238 -104 -159 194 -221 187 -207 -101 41 -201 -183 233 -72 -105 -78 -185 -98 -211 -189 -218 242 -51 -15 212 -74 -177 243 74 -248 -145 193 -139 19 -144 53 -7 230 123 54 179 90 51 -54 199 155 -174 -240 217 110 183 69 -64 -32 3 -27 169 -226 88 -22 107 104 -241 112 -121 -140 176 -166 156 77 6 113 166 204 -202 -126 30 229 -238 -82 115 -50 116 231 -43 -219 -24 178 129 24 173 -83 -18 -31 161 59 114 31 -135 145 -4 108 -19 207 -222 86 -79 -204 -217 -42 247 47 196 160 146 7 15 0 -102 -155 -181 192 -184 -227 -38 -225 94 -2 60 239 -26 -168 -123 42 -13 -143 221 -192 -129 -148 -44 -223 209 240 210 165 101 -228 -160 -214 -230 -114 97 27 189 -122 197 142 1 -239 70 -215 -106 17 -86 -47 -45 22 200 -107 -186 -196 -172 -9 72 -127 35 -136 13 -10 -165 -233 -152 -61 -97 -3 14 -92 40 -59 38 120 -21 -169 -213 -176 131 206 20 170 79 153 46 78 -156 45 -151 -34 237 -194 32 49 214 9 43 -161 181 -48 248 92 -90 -131 -231 148 -40 -210 144 -5 -25 216 -69 -67 -162 -179 -96 -224 -113 111 -56 37 154 67 44 -84 105 102 -171 -178 -164 195 236 93 228 -175 171 150 -73 188 137 182 -130 201 33 23 -236 162 -173 164 -60 -16 -182 63 163 -120 -141 -39 -100 -36 -109 -93 203 234 -17 202 34 -99 -170 -35 -12 4 -244 -112 125 5 147 -246 139 -193 -11 -249 172 73 10 215 -212 82 -116 -147 76 -91 -29 -220 -117 85 168 52 151 61 -191 235 99 -94 -110 -33 -58 -133 124 135 80 213 198 -89 -235 50 -243 -128 140 -125 55 -205 26 87 -237 -63 39 -49 -229 121 56 -85 127 -190 28 109 159 -41 -28 119 211 12 -57 -55 -119 18 84 227 -180 2 -153 225 11 -81 58 219 106 98 149 -23 -95 -206 -14 245 184 -142 75 -88 -242 -134 103 -37 8 -200 -188 132 190 -118 21 205 141 -6 -216 -167 134 -1 174 -157 29 186 118 64 133 117 232 138 48 -247 -146 180 -65 -108 66 177 -8 -198 -115 -68 -232 246 -77 222 -197 89 -111 -208 136 143 167 128 -103 226 62 -132 -62 224 175 -245 68 -20 -199 36 -195 -250 -76 220 -124 158 241 100 -70 -53 83 157 57 -75 -158 126 81 -149 122 218 71 -66 65 96 249 25 -187 130 91 -234 -30 -163 -71 223 -52 208 -138 -150 -46 
TEST 75 ARG:-180 225 -57 -220 -198 -176 7 -144 -101 127 119 118 223 -113 12 247 129 124 -155 187 82 -186 139 239 -123 131 -173 158 -120 49 16 195 99 -125 -23 58 -141 -69 -25 107 50 105 238 55 -35 -8 -117 14 -136 180 -137 57 140 -71 205 -159 -96 133 -76 106 95 -153 -68 -109 204 231 81 -64 109 -146 -193 -239 153 -200 -147 103 209 80 185 -177 123 -52 -178 -98 138 11 -183 -45 112 -164 65 -122 -242 73 -53 -77 -5 -219 114 -82 -151 36 201 -24 125 -232 56 -214 177 136 62 -188 -73 20 -37 207 -216 -43 -202 -50 -236 25 182 -65 186 -154 -167 -9 -78 -226 26 -212 -206 -168 -20 115 -158 48 -7 141 -58 -156 47 30 23 -215 3 -223 69 -163 64 -205 -16 -66 235 61 72 -145 -49 194 242 -174 -162 1 104 190 -48 -18 98 -230 60 -204 -91 94 160 -131 -130 163 -134 -224 -80 126 -160 -110 -95 -75 -157 130 -39 -61 -67 169 -126 -250 -152 196 -121 -142 122 161 179 -181 -222 -84 -85 -19 87 -213 -196 203 148 2 121 -143 39 -88 10 199 248 4 -149 68 165 174 -233 29 -191 97 164 224 152 232 -27 -175 144 147 -70 108 192 0 18 -172 102 172 -189 -124 -2 13 -30 -199 78 -55 21 42 -207 38 221 -115 -165 89 -111 120 219 -116 249 198 -201 93 110 -238 -194 175 143 -3 234 -185 200 -108 79 63 237 -62 151 229 -36 -161 -104 43 111 245 215 212 101 128 -21 -138 -187 191 -83 -17 184 32 -22 -79 -231 145 -248 134 86 -228 213 173 54 117 230 27 8 -31 -243 -240 -107 -106 22 45 193 -211 183 5 -10 246 -234 146 9 -218 40 88 132 -227 -15 170 -184 -87 -105 206 -97 -114 -210 197 227 -11 83 -29 217 156 -127 -6 226 53 77 162 17 154 85 -54 -40 -132 -133 76 -139 -247 -182 -166 166 -235 218 91 -128 113 92 -118 -229 233 -246 -14 -192 46 208 34 52 -94 -4 71 178 -59 188 -245 -46 -56 -209 70 220 -72 -135 -170 -13 84 -93 176 -148 -12 210 -33 -225 236 74 -1 -41 -221 -112 -195 168 41 -244 222 44 116 228 -74 90 19 214 -171 -237 171 -208 -217 211 -129 59 -92 202 241 -102 6 157 149 67 -63 -197 35 75 -190 100 66 150 33 -99 -47 -203 -140 240 159 189 51 155 -103 -28 -51 -34 37 24 -44 142 -179 243 -100 -26 -119 -249 167 -60 -90 135 15 244 -241 -169 96 -32 28 -42 -81 216 -89 -86 137 31 -38 181 -150 
TEST 76 ARG:-73 40 114 238 66 158 245 204 -139 248 85 -200 -215 -68 -88 -3 -119 193 190 -25 -80 2 -98 41 233 -16 151 -110 -31 173 33 39 -206 -97 170 -220 -36 -128 146 119 138 154 84 157 7 125 111 229 -158 -7 236 58 36 141 19 -228 72 -105 -43 102 199 -22 -18 -246 231 95 -247 -212 -41 67 106 209 -9 117 -124 68 0 -49 18 -60 64 123 179 189 -204 -81 -93 -225 31 -141 -114 168 -226 -175 198 -214 227 -94 -155 174 212 225 192 133 -15 -234 110 167 -39 -57 -184 -179 -213 130 -48 -164 -170 -154 217 181 -92 -113 17 -156 21 -229 20 -250 197 -27 230 -244 -148 -69 -30 -199 -126 -171 -187 188 -180 -61 88 -122 -152 -143 -185 219 -192 -134 34 144 79 96 89 -221 -241 -203 104 226 -112 -196 -55 184 162 103 -117 191 -151 156 81 237 247 139 73 -207 26 216 203 -23 -10 206 -109 -100 224 129 57 -14 -145 239 145 -13 80 -51 113 195 -195 25 -159 169 92 131 -102 91 166 -153 -194 -120 -132 -123 160 30 221 -236 60 -125 -182 -147 121 -135 29 -90 6 -197 -50 62 51 194 -127 -99 -70 48 10 180 -40 164 -86 1 200 78 132 -118 -38 -160 -79 159 -216 187 243 -4 94 242 -146 -121 53 70 -64 -108 -101 -231 -76 153 -37 -72 -149 -24 77 161 -129 124 -193 -168 202 137 76 207 222 -19 -17 97 -138 171 -42 49 -190 -233 9 235 -136 143 -89 47 -208 -54 -103 -66 -201 -104 147 176 -198 -223 127 109 -140 54 223 -163 -222 -35 46 215 -87 244 -74 50 148 59 -71 186 -83 65 32 -209 142 178 -174 -167 -77 140 -116 165 99 105 205 -107 -33 -238 -232 -11 15 11 -29 -6 -242 152 75 136 100 241 177 175 3 83 210 -248 -82 208 16 -245 -75 120 -217 -1 -165 45 -157 122 -249 -237 -106 211 185 12 115 155 42 -131 -95 -32 -130 -52 -186 -150 -115 -28 -133 -137 -58 232 71 101 196 116 -67 69 93 4 220 -85 -63 -240 -183 -210 128 87 43 5 37 -56 86 135 -91 56 90 -62 107 240 213 108 -230 -205 -78 -189 183 -243 23 118 27 38 -47 -178 -5 14 246 -45 -2 -219 -96 -191 -144 -53 52 24 -44 -235 -12 228 -224 82 -65 -188 -142 -161 126 61 -172 74 -239 134 35 -34 -173 98 63 -162 -20 8 -202 149 -26 172 163 201 55 44 234 -169 249 -46 182 -111 112 -211 22 -181 214 -8 -166 -218 -21 -177 150 -176 218 13 -84 28 -59 -227 
TEST 77 ARG:79 53 -23 -127 -144 99 191 219 125 -52 17 146 59 42 -37 64 89 55 -28 2 -202 -38 124 -165 26 -72 -235 -85 103 -55 -141 -123 -233 -222 222 113 -6 28 145 -9 61 -171 -94 -135 -150 -17 -237 -46 159 -74 80 -240 -89 229 68 192 -134 -214 178 208 -220 185 70 186 -201 91 121 123 14 48 -187 -26 -238 249 74 -104 -3 -93 -181 138 -159 63 -175 49 173 -58 201 107 -152 36 134 164 7 244 228 132 -143 -8 -180 188 -118 -97 -36 -232 -230 -188 37 -50 -61 161 245 -218 -184 12 95 71 207 97 110 23 -198 27 212 240 215 83 133 -189 115 25 -7 87 142 -49 11 22 235 3 -65 9 -24 -109 -51 -224 -128 -146 52 -234 175 -60 -122 227 224 -211 -10 234 -25 50 193 140 169 -205 -183 -203 -124 45 31 60 -63 199 111 205 24 -173 88 -12 155 -106 -115 150 -29 0 -107 237 86 135 172 183 -79 34 62 -66 -157 -16 -154 -229 -246 51 217 -236 46 195 -67 -57 85 76 -95 223 -156 -153 -228 -221 -155 -30 -111 -34 73 1 -225 -209 -190 119 44 -80 -39 -130 -223 -99 -21 202 160 38 147 -92 -168 20 -217 -195 -227 10 210 120 -31 104 177 -71 30 154 100 -138 -148 -140 101 -81 -176 -212 -197 112 216 -33 -108 226 -147 218 40 -45 -248 -132 -64 141 -69 -42 168 -14 58 200 128 -239 163 19 -56 -131 92 -151 -116 39 198 47 236 13 66 151 78 -191 -1 -210 174 -178 122 105 180 90 -133 15 213 165 -250 -15 126 -216 242 117 -41 -186 56 54 -177 -83 152 -76 29 -82 -226 -162 -231 -119 -112 -245 203 109 -129 243 -164 179 204 -174 156 225 -5 247 170 16 -241 -102 -96 -4 21 -142 -196 -149 65 -59 -219 -86 143 94 -101 -35 114 248 32 136 72 -117 -204 -163 -32 -44 130 -113 -244 -136 -160 41 -62 -40 -208 -20 -2 57 196 214 -105 157 -53 246 232 197 139 158 209 -110 33 127 220 -120 -90 176 67 -126 -18 -125 221 171 -207 -167 -88 167 -77 211 -121 118 -103 -145 69 -199 -22 -158 -11 35 75 -243 194 -47 182 5 148 -169 206 230 -247 190 233 -13 -192 84 82 -170 -200 81 144 77 -213 98 -242 93 -193 149 -70 -78 153 -68 -185 108 -98 -75 -179 166 187 189 6 239 -137 -194 -54 -114 231 -182 -27 -19 -161 184 -139 -249 137 -84 -172 162 -48 129 -206 -43 -91 -100 -215 -166 -87 4 238 241 96 181 43 8 -73 102 106 116 18 131 
TEST 78 ARG:-110 144 164 201 -150 46 -26 60 59 110 -155 131 -73 -15 89 -94 173 -165 190 -118 -68 -196 -233 13 10 16 37 -91 -44 -221 -130 57 22 -92 90 203 -4 -97 107 182 -129 -248 49 -164 -168 175 99 -103 -51 143 -195 135 -224 221 226 117 -159 -90 188 161 -187 176 69 189 -219 -9 -227 122 -36 -236 166 94 -88 -218 -95 -87 42 4 66 120 145 86 43 119 -199 -163 219 -104 64 -241 -201 195 157 149 -3 -86 116 -11 179 -156 -184 48 213 32 -231 -49 19 -211 124 127 98 54 -115 199 0 -38 -128 -76 87 -96 -200 174 185 139 -57 215 -10 -41 -50 -132 51 248 -121 103 34 -157 -13 -77 88 -79 -7 1 -235 -82 26 246 184 35 -243 33 156 76 -89 225 206 3 30 -181 -39 -125 -48 -123 233 -8 192 81 -152 100 11 -232 -153 5 247 136 -58 28 -239 126 -136 167 -116 183 -119 50 -134 230 202 -229 -234 236 -27 211 238 -72 -174 194 -139 93 41 -140 -23 137 -208 -43 63 -215 -179 -175 -81 40 -101 -14 205 -64 112 198 56 -5 -78 -249 170 -183 -55 -194 65 -107 75 -12 -180 218 210 114 142 77 -42 -111 -66 227 7 31 -105 245 -151 -228 -80 -178 -70 -33 73 17 29 25 -46 181 -202 23 -245 -61 -143 196 24 97 113 39 154 -84 -1 101 171 -117 186 -172 44 -240 132 234 -148 55 140 133 214 -127 178 82 -220 232 222 129 -142 -35 72 207 231 -17 102 -204 -124 -75 -244 58 -62 177 18 197 91 -59 168 47 83 -242 125 -32 -161 -193 -108 -223 -230 -30 -166 115 -246 -71 38 -21 153 150 123 -167 220 163 -53 -133 -56 -147 -216 70 -198 223 9 -135 237 193 138 249 152 92 106 67 71 -213 239 134 95 -162 -154 108 216 -206 155 208 -69 -226 -106 -225 118 -112 15 -31 -109 -126 -146 -222 -54 121 -113 165 -170 20 -250 2 200 36 -102 -65 78 159 -207 62 242 -212 -144 -203 -131 -186 -6 217 -185 130 -189 -74 -63 45 -191 -18 21 -138 -217 160 -141 -67 -188 52 -122 79 68 209 -29 -83 -99 -210 -247 -205 172 12 187 -19 -238 146 -28 -137 204 228 -237 -2 85 -160 -98 141 61 243 -34 -158 128 -24 -52 148 240 -20 53 -209 111 -16 6 -171 8 -22 -177 74 235 -214 84 -100 151 162 -169 -47 -120 147 -40 96 109 224 -173 -145 -85 169 -197 -114 -190 -37 191 212 80 -93 -149 -176 -192 -25 -182 -45 229 105 241 180 14 244 -60 104 158 27 
TEST 79 ARG:55 17 187 -221 -241 -195 -80 -128 -223 -20 -69 148 222 -78 181 -66 -206 -40 -237 78 -160 -84 -2 -68 -222 -1 -166 15 -112 -234 56 88 221 -52 58 176 -185 -94 125 -209 130 -200 -214 158 -58 138 100 161 -177 233 -79 74 -202 46 -205 -167 171 177 248 219 -242 157 -108 -146 27 -168 -190 120 66 -131 -118 -73 206 121 23 -111 -82 43 94 -56 -156 -244 -196 -4 -116 -239 60 105 -161 139 32 102 28 99 -101 71 90 231 -238 -192 -155 151 -22 25 -218 85 67 -77 -13 123 -5 165 -55 112 -179 42 97 -136 -7 84 -99 -3 160 95 53 -165 -250 29 119 -54 38 197 13 -142 247 199 215 235 170 245 -134 143 218 144 -57 22 -157 82 189 227 156 -189 214 -225 11 -130 21 -48 -104 8 204 -186 203 213 62 -15 93 -90 -39 37 10 -201 -8 63 68 -65 52 -83 207 -199 -210 -240 229 -51 -100 81 -44 198 -198 167 117 190 -49 6 210 211 16 186 98 -133 20 113 238 -203 241 50 193 -25 51 -10 2 -9 -162 -246 -144 152 118 -228 -149 -231 -184 -70 -97 -110 34 -21 182 0 41 -114 178 216 18 12 200 -126 91 -26 -236 59 217 -67 -85 -41 179 -212 -164 70 237 -207 -53 -43 225 -208 -147 -172 -140 -182 -47 14 -220 -27 -235 4 31 232 101 40 -6 19 -121 -127 -135 -45 154 -38 140 -215 -169 -193 -175 185 -178 155 224 172 -233 57 24 -37 -113 64 -96 -171 -87 134 47 48 96 228 89 72 -12 -129 180 116 80 196 87 106 -28 -181 184 -74 -232 -176 73 -76 -163 -217 76 194 9 183 244 129 -93 -151 -247 -46 135 226 77 -107 1 159 -117 -119 145 239 -122 -24 92 -137 236 -243 195 -72 168 -180 45 26 -245 39 147 -106 110 -103 -145 208 -120 -34 103 191 44 -138 201 242 36 -33 -123 249 -197 -105 -227 -29 -154 -63 -229 33 -173 -89 230 212 -62 -141 202 -32 -194 -19 153 -125 65 -64 30 -59 137 69 -132 -86 -224 -159 122 61 128 -98 -11 223 -187 -150 127 115 142 -91 49 -23 -115 124 175 108 54 141 146 149 209 -124 240 131 -31 -102 -61 164 3 -17 -170 -143 -148 -16 -211 5 -14 163 114 136 -213 104 -109 -174 -249 -226 7 -35 -92 -88 -18 -42 133 -188 -139 174 162 -60 -30 -75 -183 -230 107 192 -248 220 169 205 79 -152 35 126 -216 -191 -95 -36 -204 75 246 -158 188 150 86 243 -219 -153 234 109 -71 173 132 83 -81 -50 111 166 
TEST 80 ARG:-195 -230 -111 -59 102 -105 181 -135 -138 -240 29 -54 24 227 219 19 -11 6 -170 -76 -234 61 -173 136 86 89 -223 -66 -186 -19 172 211 -144 -24 41 -228 -81 240 237 15 109 -151 67 221 186 -101 -33 -193 156 -37 -119 -84 234 -110 135 114 158 113 74 -13 -241 98 105 -152 -10 -211 -127 242 -150 -47 -51 26 126 -224 17 -207 110 206 -73 -208 -250 -204 205 139 -123 -29 -136 130 94 100 -221 -154 146 -166 153 -219 163 -44 -21 97 127 -97 245 -142 -34 -124 -38 -171 81 193 -206 -39 -93 -70 96 -50 39 -149 174 142 -2 99 -188 13 85 246 232 9 218 -220 88 217 -126 92 201 -52 -158 -61 133 -90 83 -185 -49 138 -62 -248 -246 -190 -146 -72 27 50 -148 -118 -69 -48 187 -143 -169 -175 198 176 -159 161 -31 -249 -218 121 -164 55 154 25 216 131 16 -7 -26 64 -161 52 -177 47 200 -40 20 -120 137 233 210 -23 124 -78 169 108 -109 56 75 -85 18 -165 14 152 65 -57 53 -155 151 76 36 -53 223 -199 229 -106 -75 59 82 35 -134 -226 -235 162 213 196 202 28 -236 -229 -27 -215 140 -113 -202 -79 30 -65 212 192 -58 -222 -194 -209 -28 159 70 111 182 -18 141 -5 244 37 178 -56 63 107 144 -104 249 -214 112 11 143 -68 -12 177 31 180 190 54 115 -244 40 -63 236 183 -8 -55 -172 238 -245 62 -25 77 101 -94 -88 -129 243 80 179 -71 -131 -36 165 -227 171 118 -67 167 95 -92 -217 248 -231 32 175 220 -192 -35 -43 -212 -197 -16 58 -96 -183 -14 -178 -242 189 84 103 -243 -181 -200 23 7 199 170 -100 -174 228 -1 1 -114 -45 106 -91 214 -139 225 207 -225 -98 -156 -17 -130 -15 -83 116 235 -233 -153 -64 222 215 191 157 42 12 -22 60 -82 173 71 78 -239 -137 -32 -86 -168 166 209 -87 123 -3 -103 247 -107 -121 0 185 91 -180 117 195 57 22 -115 -95 -108 239 -163 134 122 -232 10 208 128 -125 -160 43 -6 -74 34 -89 -116 230 -102 48 -46 -77 -210 -203 45 129 79 168 93 66 120 -133 224 -167 -80 -176 -182 -189 51 -4 -42 33 -184 204 160 -162 119 188 46 147 -122 68 -216 -20 72 155 -9 164 -117 148 -140 -196 -179 3 203 38 145 -238 -99 -128 -41 -247 125 4 -187 -145 2 -157 184 -60 -205 73 -201 8 -141 -237 21 49 -30 44 69 104 -198 231 -147 -112 90 -213 226 -132 -191 241 197 194 87 150 132 5 149 
TEST 81 ARG:-40 199 99 243 18 157 181 187 80 -106 -190 233 171 -75 -241 -31 168 31 -128 -67 -146 -228 -98 96 -35 154 240 -48 65 -133 -112 216 -94 108 45 -97 25 -30 -150 -14 61 -154 -83 -74 -196 -202 144 131 214 60 -19 -192 193 200 -162 167 63 -22 -58 77 -250 146 143 -17 -170 83 57 -199 -135 246 -52 -60 107 218 -12 -155 -205 -175 203 -115 205 -47 -28 66 236 -23 -33 138 93 241 59 -64 133 213 94 -78 -164 -236 126 -6 140 54 -126 210 37 -100 -124 19 -127 227 152 104 -110 224 14 -186 -220 -76 90 28 7 103 225 204 -87 33 -95 -249 0 176 -96 40 -37 190 -209 -137 -11 -174 -143 -120 -118 47 -69 222 -169 24 -5 30 -147 -62 -117 -206 142 -246 -122 174 197 -226 -149 -26 -4 220 29 35 -85 194 85 11 38 -72 165 -89 -129 141 22 -21 -107 101 -204 92 -1 -90 153 -71 -41 145 74 121 71 16 -215 151 207 -116 -16 -38 64 21 -2 -227 -3 -217 -225 169 -213 212 12 13 223 238 2 132 -34 237 -43 95 -159 76 123 113 -177 -171 -145 -104 183 -61 -88 -245 166 235 119 -187 105 23 180 172 -193 -134 206 -234 9 8 -105 -156 -184 -25 221 147 -181 67 160 100 -7 120 230 -53 -92 -243 118 32 -235 -201 -144 75 -81 195 48 27 -73 244 -141 86 6 189 217 178 -130 36 -131 -57 41 -70 62 164 89 39 -157 -218 -44 163 208 198 109 -231 -111 -49 -13 -142 44 173 -151 219 -77 -160 -123 -36 -27 134 149 -119 162 -238 79 68 114 98 -197 -20 -158 -15 234 239 72 110 177 -125 -86 248 34 102 -239 -188 -56 150 -232 26 184 -91 161 -10 136 -45 15 -195 46 -9 -103 97 -121 229 -191 179 232 51 -214 -93 226 -233 20 -152 82 202 53 -80 -136 -168 -216 -63 78 148 -211 -242 -166 -221 -18 106 -32 137 -194 -51 91 124 155 -198 127 42 245 -244 -65 43 56 1 17 -50 -167 52 117 55 215 -139 3 -99 170 -42 -114 5 228 -161 188 73 50 175 -223 -207 10 196 -79 128 -224 -66 -176 -68 231 -179 -185 4 -182 -247 -82 156 70 69 201 130 125 49 129 -210 209 -113 -208 111 116 -237 159 -101 139 186 -109 84 -172 -165 211 -29 -46 88 -54 -163 158 -219 185 135 -173 122 81 191 -8 182 -55 -132 249 112 -240 -200 -153 -183 -178 -148 -59 -203 -24 -180 -102 115 -230 -212 247 -138 -140 242 -248 -222 87 -39 -84 -229 -108 58 192 -189 
TEST 82 ARG:-27 194 -228 -164 -51 -76 -201 -218 -135 -176 123 103 171 -5 138 -134 -183 53 211 -189 -221 196 106 216 -210 -215 153 -121 -182 -23 101 -204 -142 -41 165 155 8 208 65 -90 177 -203 140 139 -113 167 -26 62 129 -225 -103 -125 -31 166 -38 118 -122 -239 -89 199 36 14 158 -66 -130 -133 -241 -84 -83 244 202 178 -105 -159 91 144 -97 -71 142 206 -209 -86 173 -220 -245 -186 -188 176 -156 2 110 25 -197 -98 121 -248 17 238 172 30 187 210 70 240 182 -150 -171 150 -9 -211 151 -88 -17 -115 69 -184 28 60 75 -213 102 136 84 221 33 -94 -6 -161 -242 77 127 -64 -33 -127 -11 -58 -85 -118 239 39 205 -52 -169 -65 236 -61 168 -233 -145 -155 114 -163 -170 248 161 109 -59 -185 -174 -55 -179 213 -234 -162 3 -112 21 -230 -206 -236 46 -231 -22 -10 10 141 -223 11 104 -132 -195 242 -172 16 108 -180 -49 74 -196 249 188 4 -148 -20 -4 41 -16 209 -70 45 -80 -106 89 -126 198 -136 -35 -120 96 233 27 215 -69 164 -45 -139 191 -81 -47 -124 -212 157 -219 107 145 98 -129 -91 100 22 97 148 -128 -181 -232 -82 246 -108 228 203 -57 -249 54 -227 -44 105 -224 -18 -153 -214 117 195 -15 128 61 -42 12 111 189 -50 -37 -131 137 64 26 -13 183 214 -175 -167 152 -235 219 -191 44 186 80 -149 -107 -173 -166 -39 -114 38 -141 190 -95 87 180 193 35 247 -152 223 225 83 -21 -138 -246 -48 -216 23 5 -247 -73 -157 51 -79 18 6 217 -207 -74 -78 234 71 122 200 243 13 -147 92 -140 -237 170 76 95 181 -100 -63 130 -229 -238 82 160 0 -243 -72 40 7 -104 -198 29 63 88 -43 -36 -190 -117 90 81 32 116 -250 -25 -222 56 -217 179 -194 -101 124 175 -46 67 -158 -123 227 55 -29 -154 -168 9 131 -24 222 -208 237 174 241 -109 134 79 73 -87 78 -226 201 -177 58 212 42 163 85 143 230 -178 -240 93 -68 -137 -96 -200 -2 20 -62 184 -54 159 -193 72 220 50 119 -244 -192 207 125 -144 112 232 -151 -116 43 -3 126 235 66 226 -119 192 19 49 -19 -143 -40 -165 -99 154 149 113 185 -110 -77 47 94 -28 -1 -8 -60 -32 132 -75 37 -34 135 59 133 229 1 204 48 -93 86 -187 231 24 -199 -111 -7 162 169 34 156 218 -14 52 115 57 -202 146 -205 -30 -56 -53 99 -102 -92 -67 224 -12 15 -146 197 68 31 245 120 147 -160 
TEST 83 ARG:44 158 -101 -121 -85 -148 179 115 -189 -204 -124 33 106 137 -227 -21 -184 140 -128 -97 -163 147 164 -238 -94 -171 202 6 4 100 70 42 -137 -197 190 -112 130 178 141 -202 -69 -154 -193 -138 -25 3 192 176 -178 226 -74 -212 -62 34 58 234 -60 7 79 171 215 -39 191 -84 -246 -228 -211 -80 228 -86 -145 134 30 86 -119 241 -150 -142 11 -231 -2 82 -207 146 78 131 116 -92 -48 -38 -55 -16 -146 220 -220 -147 221 -78 15 153 208 -132 -28 -51 169 29 -45 40 -249 96 -5 -31 210 -46 -216 -126 204 211 17 47 113 -110 -198 199 -79 48 240 110 159 89 41 -239 -209 238 8 249 80 -155 -167 -192 64 167 -229 25 55 53 -139 -199 -233 -72 -174 -151 247 56 -109 -49 -17 -54 93 26 -53 -35 -247 84 -131 -219 173 73 -68 -111 5 -201 207 -83 38 -90 -58 -177 -59 -125 -200 -241 60 119 54 229 128 -217 -160 -65 -170 45 -63 -120 16 -87 205 92 99 107 -191 31 117 37 76 -11 -144 -8 0 188 -123 201 138 94 218 28 111 -26 195 -234 27 -210 235 -190 213 203 174 90 -237 -140 126 65 -245 156 -67 118 -134 144 231 -169 162 -22 67 165 185 239 166 -226 46 104 -100 -221 -104 152 -37 -42 72 -70 39 154 9 88 -224 212 -185 170 -10 224 95 227 -214 222 236 149 35 155 143 168 124 114 105 -108 -77 -89 -127 -76 194 -162 85 57 22 62 -222 -182 -116 43 142 233 121 -57 -23 -95 -115 133 -61 -130 -156 -165 216 -133 -168 -248 68 183 2 -141 -9 -188 -24 109 103 206 -236 -235 102 -172 -215 51 63 -113 -1 18 230 148 -244 24 127 97 -27 -196 -103 186 -157 -218 -66 -107 125 243 -117 177 -153 132 -36 -98 120 -43 217 -32 -114 -149 -143 -243 -88 163 187 219 -164 -6 -3 -18 -179 -106 197 242 12 -30 -34 20 -12 101 -75 244 -73 198 -102 -122 32 225 245 196 52 214 184 77 182 59 -118 -44 87 237 181 -41 209 -225 248 81 -99 -195 150 -250 69 -64 83 14 189 200 -242 180 -93 -175 -15 -206 -105 -161 49 135 -194 122 139 -159 61 160 -82 -20 98 50 -152 66 -56 -13 -81 112 -136 -223 -187 -230 232 10 -96 193 223 -173 -232 -203 -208 -91 145 71 123 -47 -176 1 175 161 36 -4 246 -186 -180 -50 -166 -29 -129 -213 23 136 21 151 13 108 -240 75 172 -19 129 74 19 -71 -205 -14 91 -135 -183 -181 -40 -52 157 -158 -7 -33 
TEST 84 ARG:9 -106 -66 -12 210 -103 -137 -8 -102 201 -53 -113 -139 26 209 -212 -186 83 188 31 225 -124 -47 183 -242 144 -157 -90 -116 -172 -196 -169 -76 -123 170 -159 -138 -230 -58 -248 128 -82 -189 -64 147 -67 -48 95 -182 -240 184 158 -246 -6 35 33 -235 -4 22 -43 -171 -30 -105 244 -10 -144 -96 -142 -135 16 124 -238 154 -125 104 -35 146 236 -89 -100 190 -214 -63 200 -244 -97 110 66 161 0 13 238 115 15 50 108 -51 85 -178 -160 -52 114 198 205 -225 -183 -234 8 120 -236 243 141 -40 -78 224 -68 153 -25 -23 135 -190 25 -220 32 237 -227 -61 -119 -181 178 43 27 156 -1 52 17 -136 195 -50 -150 107 -206 63 -74 216 105 240 76 162 -163 152 143 121 96 7 177 186 134 129 -134 -20 -77 -243 -19 185 151 21 212 2 -154 -156 142 -224 -165 192 54 -133 -83 -193 -112 -111 -73 -37 -84 133 213 171 23 -126 -91 -175 -13 -24 42 167 247 131 -75 223 -250 163 84 206 176 125 -221 29 74 166 -32 -69 -46 113 229 145 221 172 75 211 -146 -71 -155 248 -128 -185 122 -94 241 98 46 228 -129 81 -188 30 126 -95 -130 -147 -98 -231 -3 -38 -92 -209 49 191 -249 60 92 -42 208 226 -27 -109 -158 234 -184 193 40 -127 -162 -202 -179 -228 112 -153 88 14 34 139 41 -57 69 -28 -176 219 -168 -218 106 -101 -132 249 -60 72 -191 79 -237 132 -44 -34 137 -108 1 37 174 -5 242 136 181 80 -22 194 -140 -239 86 -70 62 100 36 5 160 -148 230 -152 89 97 233 55 3 140 -107 157 123 -210 196 -29 -88 -208 235 77 -16 -87 57 214 179 93 199 245 175 -7 -80 -118 -245 90 -36 -199 61 -229 58 -241 -122 220 44 -198 -222 218 231 38 -55 116 182 24 169 207 48 197 180 -204 -203 -26 127 173 -120 -17 202 -79 51 20 94 87 227 187 150 -205 -216 -161 -39 91 -223 -62 70 111 -195 -233 -121 10 45 19 -177 119 12 -143 -226 155 -167 -65 246 189 -86 203 -131 -110 6 11 -217 -114 -85 -247 138 117 -11 232 148 118 -141 -81 -232 -21 -54 -2 -213 164 -207 -41 -187 68 71 -117 67 -115 -192 -164 -200 222 82 165 28 102 -170 -215 78 39 53 -93 -99 -180 -33 18 -14 204 -174 217 -18 -56 73 168 130 99 4 -149 -197 -72 -173 215 109 101 103 -151 149 65 64 -166 47 -201 -9 -45 -49 -15 -104 -194 -211 -219 56 239 159 -59 -145 -31 59 
TEST 85 ARG:54 91 -129 -20 104 -12 168 205 102 -218 -228 74 128 -22 -33 175 -43 153 95 78 36 164 -231 73 158 -164 -69 -241 211 -141 170 -173 -216 94 -16 40 103 163 167 11 -86 -205 235 150 -45 83 -26 -125 239 -239 -79 -118 -37 -210 121 127 82 -201 -126 -230 -3 51 10 -183 85 -213 -14 -9 -95 145 -124 232 -54 204 -113 -104 -133 224 -30 209 192 -21 5 63 108 237 19 -135 162 -136 -186 178 -187 -44 1 117 182 180 30 -13 -166 184 3 89 -38 -236 -29 -131 -220 16 -46 -67 193 233 13 96 84 20 -132 -223 75 136 120 177 -244 241 -196 -243 -8 24 -56 -167 215 42 -80 -24 -19 -99 -106 -233 69 -5 45 -108 52 -40 -208 115 -190 217 207 -149 -81 191 151 181 -240 229 -115 -61 100 -68 197 -232 -90 53 48 90 -93 143 21 -111 185 57 7 -157 123 244 -17 -161 196 47 -158 -217 223 23 81 -60 190 119 169 -192 -107 202 -91 188 -235 12 64 -65 152 -87 31 -222 79 -242 -148 -247 129 -89 -182 -134 -204 -28 107 49 133 -127 179 114 138 187 -224 -146 171 160 -203 -178 -168 -100 -48 72 -193 -165 111 -227 -206 -32 101 33 198 -162 225 -2 110 -18 -51 122 -155 200 -34 -42 -172 194 -170 226 -189 -152 61 -52 199 9 -200 -199 -11 214 -101 245 68 -137 6 -169 65 29 18 66 113 -139 -76 165 -117 -75 60 -212 -97 -197 -163 126 213 118 201 -63 28 -55 140 238 -53 155 172 22 -31 76 97 219 206 -209 8 -98 141 46 -23 -72 173 -219 -102 240 135 -57 -237 -122 246 35 -195 221 -6 132 -179 0 230 58 216 -85 -109 50 222 -191 189 -58 -105 -130 -36 37 -15 -185 -66 134 -207 -214 70 249 234 147 41 109 -112 106 86 159 34 56 98 130 -82 44 62 -77 218 231 -225 -41 -64 -94 67 242 4 247 243 248 27 -245 -110 220 14 -120 59 -151 -39 -175 112 -35 80 174 -116 236 -119 -27 -221 -160 -1 -215 227 -238 -154 -184 -138 -188 38 -176 -150 88 -249 195 -142 131 208 71 -198 -177 186 176 -174 148 -4 -10 -121 156 203 144 146 -74 210 137 15 92 -50 154 -49 55 -147 -71 2 -234 -25 -153 77 142 -143 -246 -83 -180 149 -250 -103 -7 139 228 105 -84 43 -140 99 124 -114 -70 -59 -92 -73 -144 -145 -156 -194 116 -62 26 -96 -78 93 17 -88 -123 39 -202 -171 183 161 -211 -128 87 212 32 125 -229 25 -226 -47 -159 166 -181 -248 157 
TEST 86 ARG:70 -80 90 22 104 -30 -54 206 181 -211 -147 121 -156 49 -89 24 28 -160 -107 136 -173 -206 -11 -221 42 -195 -132 -203 -208 94 -234 167 238 -20 -37 -194 40 -151 144 -23 -42 -239 -164 21 135 -231 186 120 23 48 10 83 54 -19 248 -190 119 114 -213 25 -168 -245 27 109 -110 -81 207 -29 229 184 -249 -69 -123 107 -226 -105 145 -66 19 -189 -181 209 -44 -148 -91 -1 86 165 -227 -5 -204 77 226 -177 -207 108 -12 -247 155 -229 -129 -184 138 8 91 117 71 177 -152 65 67 -101 -94 35 18 -82 118 -137 62 141 76 -224 224 -175 29 -49 131 -119 34 -56 101 -228 -246 61 -248 -166 235 -171 100 17 -76 -84 215 -200 37 -158 169 134 -127 -202 -9 239 -225 148 -104 194 44 5 225 140 -191 -16 146 -136 -210 -165 185 -121 -108 -138 -64 -163 -188 -111 39 -33 -222 129 66 -28 57 236 -24 -77 115 147 -205 74 222 -22 -34 -31 213 -178 151 231 112 216 -52 -26 139 -241 -25 -124 196 -70 63 -139 244 189 -230 -130 164 -10 219 212 137 242 -214 211 -85 230 -179 -144 16 -109 1 -7 -125 199 -18 218 -232 -193 -122 -78 166 -55 -72 -159 -145 -99 195 175 -36 187 126 -115 -68 -153 -60 -17 178 55 -65 149 -162 -100 123 -97 130 223 -8 105 200 214 -220 -176 162 7 -4 -21 69 -218 124 113 170 79 -2 33 -197 -92 64 -135 -250 -143 -237 240 -198 183 -187 157 -86 -113 -6 75 -199 36 245 -15 228 43 -212 -83 197 -102 -117 -50 210 60 -106 45 41 6 -161 153 2 3 233 106 -244 116 89 -150 -90 -140 -196 -172 31 -142 -74 127 -126 174 99 92 208 51 -58 158 -116 -114 -120 -242 98 132 85 111 -201 -155 142 227 203 96 -48 -209 188 15 180 53 152 -14 -73 46 201 163 154 -133 205 193 -128 171 -103 32 50 232 -3 125 234 -157 -141 -88 -170 59 191 72 156 143 -71 88 -32 159 110 82 12 161 -118 80 78 -169 95 237 9 84 -149 47 -63 103 -192 179 249 -131 246 -112 -45 122 -87 -38 -223 -93 11 81 -96 0 150 87 30 -79 -167 128 -238 93 -51 -75 192 -67 -35 102 -183 -233 168 -43 -98 -47 -27 -53 4 14 -219 176 97 -186 -235 -182 -154 -95 20 -39 68 -134 220 217 202 52 -13 221 133 -57 -243 26 204 58 -217 182 -215 -174 -216 56 -146 -236 -240 -61 172 243 173 198 -62 247 38 190 -59 241 -41 13 -46 160 -180 -40 73 -185 
TEST 87 ARG:46 191 205 -181 -135 -1 92 192 74 -117 53 110 -57 -235 165 -225 83 21 -207 91 -237 144 242 70 234 -50 190 -215 -105 63 116 -18 -49 -228 -111 -104 58 126 -14 103 156 56 227 -134 72 -7 181 -10 -195 146 -24 104 -212 -144 -40 -73 225 -247 -156 201 -217 -154 198 102 -68 -214 -129 -153 216 -245 12 -122 158 -8 -208 -175 69 -51 241 -155 -34 106 101 -179 -171 122 78 -12 172 248 -221 -250 95 -17 6 84 -224 163 -164 -32 178 94 -180 -236 15 43 -88 213 -182 -142 220 54 -222 55 -163 -143 86 149 186 -238 224 -6 -4 1 173 189 -108 214 29 11 88 197 16 -11 204 233 -172 230 -16 139 -145 -232 -157 -161 -39 -165 82 -131 -9 -48 4 153 222 -223 -150 -74 -170 -128 100 10 105 -186 142 212 -133 -151 -173 -44 98 176 -241 26 143 217 200 -85 77 208 -26 13 -53 246 22 199 41 196 -202 -119 79 -158 -226 -246 -127 -178 76 243 209 223 -80 247 -90 -199 50 -219 -25 34 -192 81 -97 162 -86 -69 -213 -160 188 211 -75 -3 -41 183 -19 -139 112 -183 151 -243 -79 19 -89 -231 -167 131 109 -248 193 35 -45 97 238 -46 236 -239 138 120 -234 -93 -189 -200 -28 -36 171 -148 -61 195 179 62 -137 -91 17 111 68 -70 -52 -140 244 -146 -54 187 -159 237 -162 75 3 124 -196 -56 185 -249 203 32 -126 -23 115 -201 -13 2 -2 49 -55 135 20 28 -218 240 155 42 -92 48 -168 67 154 232 245 117 136 -130 -95 89 -47 -136 -29 45 -210 36 -230 182 127 152 87 -78 -99 -132 71 23 210 30 18 221 -176 -112 141 33 -184 -205 -33 169 -20 -220 194 -94 121 160 -113 80 -206 -125 166 -62 44 37 -83 25 -35 107 -37 -185 -76 -77 -42 96 175 108 -110 249 -81 -5 61 60 -244 133 -188 27 -211 51 -106 -66 -193 -118 57 140 -198 5 -107 130 -233 114 174 -216 -38 134 -102 167 -166 148 -169 168 125 228 99 -229 -187 -147 150 -87 65 -15 -141 170 -96 202 159 66 -71 226 -101 59 -43 24 218 -124 231 -177 119 -190 90 8 -123 -67 40 118 180 47 -204 -203 157 177 85 147 -191 93 128 39 -98 73 219 -227 -240 -174 14 -58 113 -114 229 0 235 -100 -84 -209 123 -242 31 207 38 145 -138 129 -65 -31 -64 -59 -120 -121 184 -116 -103 132 206 -152 164 -194 -21 -109 64 -82 -72 137 -149 -22 52 161 -60 -63 7 -115 -27 -30 -197 9 215 239 
TEST 88 ARG:-113 -122 51 122 90 -138 129 37 163 -21 -152 165 -74 -11 211 -86 -68 197 -201 124 110 174 208 -77 -166 152 -235 -194 157 -80 159 149 -16 -154 194 111 128 -66 -220 -159 202 -9 210 -139 72 -69 15 -203 73 -151 219 -53 234 204 -134 -226 -248 84 243 -13 240 144 -57 -23 -156 150 -225 35 -217 -117 63 82 -15 -213 -81 -55 228 -32 2 -72 -89 -180 241 -216 -245 -215 -85 1 -237 237 172 218 -208 106 169 225 164 62 -162 -247 -36 -95 154 143 -240 109 -70 155 -83 11 -130 -7 201 190 -1 138 83 -186 -153 117 -169 -10 -56 -82 -2 173 49 -171 -182 69 -150 22 -110 98 39 161 -241 231 -211 66 77 -207 -195 -191 -161 -223 91 145 -116 -246 -93 -20 4 -212 -43 -204 -188 170 221 -75 102 -170 -131 -6 20 52 -96 36 142 -61 -164 148 132 134 166 -97 -49 -12 -33 -65 188 230 216 176 -173 -219 -123 30 0 196 -109 -175 38 -39 -28 217 -102 -233 -34 86 -172 -25 -177 220 135 229 79 -54 7 -129 -181 -149 42 -205 -58 -158 -41 178 -114 222 -135 -30 180 -92 232 -88 -167 -29 47 33 58 10 139 40 127 192 -71 -76 29 -73 -133 -136 57 -232 13 -38 207 118 -185 -168 116 -100 67 48 185 -157 238 70 65 95 -79 141 168 -218 113 215 -48 -227 78 -50 -106 -206 96 206 31 119 130 68 -190 -197 -17 85 21 -165 -111 175 -60 223 -141 -189 246 -14 -104 227 -52 199 -144 32 -229 54 -148 -236 -243 -46 114 -105 179 214 -120 43 -147 59 242 88 121 198 -37 133 41 46 -78 171 105 212 205 9 55 120 81 -198 -249 -230 191 44 233 184 -40 112 34 -239 -160 -22 -112 -145 12 3 -124 235 -202 50 108 244 -63 -84 200 -44 131 239 -193 -199 87 -155 -132 -31 64 -179 -59 6 167 247 -127 45 71 61 -5 -101 -238 -62 136 25 189 156 -187 -137 -196 -228 177 -143 107 -140 187 -64 17 236 -24 104 -42 -91 -45 26 181 -209 101 -121 14 -47 -234 18 140 224 -26 -51 -142 158 97 -174 60 -146 226 146 248 123 -178 -192 -176 -18 75 -87 -231 -3 -98 126 19 24 103 23 -126 -210 195 115 80 -90 -118 -221 -163 5 182 53 -94 89 74 92 137 125 8 16 -107 -103 -8 -35 147 -183 -115 27 203 -214 93 -4 -184 -250 213 -222 209 151 162 -99 183 94 186 -119 -128 -125 -19 249 153 160 -67 -242 193 100 76 245 28 -224 -244 99 -27 -200 -108 56 
TEST 89 ARG:-45 112 110 26 -9 57 238 -11 -250 176 -177 -227 137 37 65 -160 -200 -248 205 192 -189 141 -222 -21 209 52 11 214 129 233 169 185 202 182 143 -25 -249 20 -110 -93 9 241 -148 -206 -7 -201 -34 -157 133 42 36 -120 121 -216 -123 181 31 -30 -20 -198 -61 -125 97 -224 193 113 -43 25 12 -64 -111 -167 -63 225 13 -119 153 -195 210 -97 -188 159 81 -161 -29 -192 148 -79 -207 -100 -59 2 90 -180 71 -76 229 147 44 -26 -74 17 128 235 48 -158 -92 170 29 -77 180 -99 -103 -163 -131 -122 -84 -134 -85 -13 212 -191 175 74 166 -182 126 14 -44 206 -32 158 -88 224 100 -87 3 -219 136 -159 77 -186 -138 -42 -232 -173 107 130 239 142 236 83 -212 119 -146 -178 151 184 -5 -236 8 -81 222 62 -40 -121 188 -117 -225 -96 -73 -145 76 160 -2 244 69 -53 -144 -52 -239 -190 79 125 138 -39 -217 4 -65 -196 -152 -135 -169 -211 21 63 247 -246 -57 -218 -101 92 -75 -94 95 162 28 -244 -126 171 -209 22 -176 163 34 131 115 23 -214 -247 -38 102 146 -204 227 -208 246 -51 187 -23 -243 -184 -16 64 -230 38 134 218 84 213 -24 -10 145 -60 -104 0 156 -36 234 -6 -67 106 -172 108 -168 201 -82 19 123 167 -149 117 -89 242 164 -80 -221 -235 -41 -62 228 -194 -174 -245 -136 135 168 41 -137 -35 87 -175 -78 -15 232 174 -238 -113 -118 -155 56 96 -91 223 -47 -223 -112 5 -181 196 98 -107 66 -124 -86 -68 152 99 -106 155 40 -17 -28 124 54 -71 46 111 -199 -231 177 68 -3 39 118 -128 216 221 -185 50 -210 -130 161 105 116 -132 220 67 -143 -165 72 203 179 215 15 -83 132 49 204 186 -8 -102 173 33 122 154 -237 -151 226 35 101 -66 70 120 208 -241 -69 -233 -193 -105 -197 18 211 -127 149 178 198 91 140 73 58 -213 -108 -220 -48 -54 -19 1 -31 -179 200 -12 191 -139 -150 230 -183 189 -33 7 -133 -170 82 -154 85 -115 59 30 240 -141 -27 -156 -215 -116 -1 243 -46 -203 144 103 24 195 197 -140 -37 -226 51 231 78 165 -205 60 -18 88 16 207 47 -72 45 -49 194 93 32 61 -166 -58 -22 94 27 249 -228 157 199 -98 -234 -187 80 -142 -50 86 150 -242 53 6 -147 217 -90 139 237 245 -55 248 -114 75 219 10 -129 127 -202 89 -14 -4 -56 -153 -70 109 -164 172 55 -95 114 104 -171 -229 -109 190 -162 43 -240 183 
TEST 90 ARG:56 -16 -246 -154 -113 41 -204 173 109 50 158 -81 206 -241 32 -230 21 -43 162 35 -205 246 110 -129 70 -84 166 -117 146 9 -87 -96 -180 157 -143 54 -229 -105 140 -216 -245 212 155 81 -147 -75 -150 196 -243 77 4 33 214 -167 -30 -124 -169 118 -21 159 222 -76 -103 -162 -231 -242 42 156 -226 197 58 -90 234 -123 -61 28 -19 55 -24 -8 43 -171 -134 126 -240 -210 149 30 184 -165 136 -28 -31 189 -189 -215 -219 164 -23 229 -224 96 130 121 -3 224 75 15 -164 170 -209 -26 -49 -14 172 -42 -58 -155 138 202 147 143 -44 216 211 5 106 -34 -247 -214 0 -225 -141 -142 192 99 39 -63 225 -127 -66 -111 101 -6 26 122 57 -170 198 -146 -88 69 -137 -220 -79 129 -149 -133 -211 82 152 85 142 223 221 208 231 -100 249 1 -239 183 -110 -200 131 213 -139 -128 -54 62 181 -188 -237 144 -2 -187 71 218 116 153 120 -148 2 -29 65 -182 -107 -173 -151 -51 -60 -74 -40 -212 -1 104 -69 -172 -112 25 -20 -32 -144 68 174 18 103 95 -132 -50 200 115 -104 -56 -174 14 -244 167 -10 111 -166 -80 -101 11 -64 17 139 -71 79 63 179 -83 6 3 -95 -161 23 150 -184 -67 73 -222 233 64 -186 210 -234 51 171 -185 -72 -158 -153 -233 -206 -12 -22 205 91 -9 -98 -85 -175 -89 -192 237 52 226 -106 112 187 84 108 -130 132 161 36 19 -45 20 219 148 -198 -179 244 27 -190 8 -18 -25 -228 188 209 186 128 123 199 215 -131 47 236 -109 -163 78 -191 49 -136 -37 175 220 168 -203 -202 -41 -195 -232 -208 53 248 -55 204 -59 -13 177 -236 178 -227 74 -197 38 13 22 154 90 16 -221 -114 145 93 -4 247 194 191 -27 217 29 -116 -108 113 -122 185 37 100 -183 151 59 124 105 -235 -118 -199 24 239 97 88 -120 -159 -99 87 67 180 -102 133 125 -201 -196 160 107 -86 135 -93 240 -126 10 94 165 -213 40 227 207 -7 228 163 -77 -176 66 -57 176 -73 46 -38 -5 -138 238 -15 -145 243 241 235 92 137 190 -238 -33 60 89 31 -78 -11 76 193 -178 44 -17 -156 -135 232 114 119 80 -68 201 34 -52 203 86 -194 -193 61 -160 -35 -207 7 -115 -92 -53 -97 -125 98 -177 -48 -181 -217 12 134 141 -62 -168 -121 -248 182 -39 -47 230 48 83 -70 127 -140 245 195 -65 117 -223 -250 -46 -119 72 -91 -152 169 -82 242 45 102 -36 -157 -249 -94 -218 
TEST 91 ARG:70 -239 9 -148 127 -165 -132 207 1 175 38 204 -200 -71 145 -181 -10 -176 -229 -3 -90 47 -107 -228 111 199 6 246 202 72 -215 112 212 63 -73 -91 -1 23 -172 179 -32 67 194 -85 0 -38 -140 225 69 24 -82 -62 -74 190 -22 -29 196 238 239 154 -94 -131 16 -58 -194 -37 -81 -72 -66 -198 -206 232 109 78 -242 4 152 171 -202 -240 -203 -170 107 -92 162 -2 -138 -83 64 -238 110 -224 -191 94 153 -158 52 -163 85 -8 66 -155 14 -103 -167 -245 -105 15 -192 -48 161 -209 103 18 244 51 -31 73 217 -95 159 -69 -178 181 -5 17 116 -80 -89 -59 -7 -15 11 -137 105 28 141 36 -128 -16 -93 240 208 62 -111 169 42 223 57 139 90 147 -171 189 -77 -44 44 148 -156 -97 -232 144 -60 143 19 -17 45 -117 -243 -26 -208 -19 128 -126 -63 30 249 -219 27 -152 82 -21 -30 -96 -112 -184 80 -157 -119 185 216 33 117 -86 -104 229 211 -43 -226 235 220 248 230 -189 68 -145 -54 -78 -205 135 83 -52 -233 98 -24 137 39 -149 227 210 -33 -249 166 187 -166 -146 -118 -65 7 -168 41 -213 46 192 213 29 -70 -49 -68 241 124 -98 -160 -180 -130 125 158 -12 -196 49 129 176 -216 234 247 -100 -136 -34 104 -175 81 -204 -14 224 54 -247 146 48 -236 170 -144 193 -169 -246 182 113 -186 -182 -223 155 71 -235 -114 100 195 84 -159 -50 106 -121 -221 77 102 205 -151 -125 91 -61 59 -164 221 -108 178 5 130 -41 -129 -64 10 150 -153 164 -106 -143 -18 -133 -23 123 142 218 96 231 40 -147 214 -135 -102 -45 -9 -207 203 -113 -193 25 -187 -35 140 -212 -42 -237 43 55 -47 228 108 -227 126 186 121 -190 206 32 165 243 74 -230 -183 180 215 222 61 -75 -51 197 236 200 -142 149 -134 -195 -188 237 -139 157 -234 -173 -27 -67 95 56 -201 188 -161 -79 174 -25 -11 168 -141 101 -211 183 -150 99 -124 -185 -109 -248 97 -199 -99 3 118 37 177 53 -53 191 242 -162 167 92 -120 93 120 163 34 79 12 -36 219 233 -222 -28 151 2 -40 184 -115 -154 -217 160 88 -127 35 -110 -6 -179 -57 -46 -197 20 115 -174 172 -56 -101 13 -210 75 -250 209 -214 -84 -218 201 76 65 -13 134 122 156 173 50 -4 31 131 -225 -122 198 89 -177 136 -88 60 -244 133 226 -20 -87 245 -231 58 87 -39 21 26 132 -55 -123 22 86 138 -116 119 -241 -76 8 -220 114 
TEST 92 ARG:37 248 121 148 113 -82 149 166 -161 240 116 -207 137 -52 163 -119 -158 140 72 25 -201 143 -13 44 1 109 -64 65 -123 198 -29 181 -54 119 -31 12 208 -118 175 -196 -144 189 151 -226 71 177 -213 159 23 -112 -170 224 13 -26 68 -217 145 89 -205 59 249 204 -160 -42 61 -108 -38 -46 -186 -45 -55 -57 -209 183 17 57 226 -234 -157 69 244 60 115 187 -189 -182 -216 -74 6 164 234 -16 -184 -145 139 21 221 5 82 146 8 -223 28 -88 -128 202 144 147 104 -210 18 -175 -195 10 225 -188 -240 -142 -37 -238 141 54 -99 -159 -81 195 -230 216 -129 -1 -208 203 -181 -2 11 -164 -36 2 -149 -241 150 239 -169 142 241 -49 220 -30 -191 -137 40 184 138 -168 165 207 -162 101 -20 -86 -242 -176 63 -27 -155 -91 157 -9 178 215 -121 213 91 4 49 179 168 46 229 -32 -24 -171 -248 43 106 56 247 -120 -232 24 -18 235 -220 31 -67 209 -113 -141 -106 133 -109 -116 -127 -63 -134 0 131 74 -219 -22 158 97 -103 78 123 -225 41 -204 -98 232 -53 -212 -80 98 -135 -249 -156 90 -148 -68 -200 -12 -84 -192 212 93 153 55 -153 -39 -75 -76 135 -4 -133 -246 129 -92 -70 103 192 -194 -115 171 -105 -239 -41 201 -198 -5 -211 117 196 199 155 -173 -140 85 134 77 -228 67 126 -58 -179 -122 102 238 191 36 193 -227 228 -25 -62 -243 128 180 96 -104 -125 83 125 -178 -147 -23 -143 -48 -150 47 -124 127 210 88 -65 7 -77 9 105 194 14 -236 -126 -107 -237 73 -102 118 162 122 111 242 58 19 -244 -6 222 84 -60 188 -97 -93 112 176 -15 32 -190 -78 20 200 169 75 42 214 -96 245 218 -87 81 -138 -94 -224 -40 190 -56 -114 95 124 -166 231 -165 -177 94 79 -10 34 -152 -50 236 -66 52 64 22 -59 152 -19 114 -154 160 26 -111 16 246 -203 92 -250 -21 173 -61 -185 136 -214 53 197 87 182 206 -174 -28 29 70 15 -71 45 -187 -69 51 -47 -245 -85 -8 174 -131 154 -44 -100 76 211 172 3 -197 219 -110 -202 -231 62 -206 107 -222 237 -193 -215 -235 205 -34 -130 -136 30 -3 161 39 167 33 -183 -180 80 -72 -146 230 233 -33 132 86 -90 -79 -35 -7 -172 -89 -43 27 -132 217 -73 130 243 223 -51 -151 120 -199 50 170 -247 110 -163 -233 99 -229 108 -167 227 -17 185 -101 -117 156 -218 35 -221 -83 48 -14 100 38 186 -95 -139 66 -11 
TEST 93 ARG:195 -53 96 125 -76 -155 107 219 163 12 149 248 103 -142 55 -211 11 -246 -144 114 -41 -194 -110 -176 84 99 -160 -96 63 -173 -212 -74 44 -72 -58 80 -215 51 -113 148 -48 230 -159 -102 204 -158 -183 -219 -115 -221 130 -188 192 -134 -42 78 208 -78 224 19 -245 139 -66 239 194 -52 198 133 -8 -69 151 -216 -139 7 -149 -241 -15 -150 -105 -175 196 199 -162 46 244 -124 -206 -141 -208 206 215 -18 67 106 4 -37 -40 -157 -25 210 75 -166 -213 101 -118 236 -193 66 -237 -228 -68 -7 -112 -224 160 212 193 54 128 145 -9 181 180 127 162 -61 131 97 179 201 -59 174 40 173 -2 -189 233 2 -38 6 20 -128 -80 202 -45 -94 138 8 134 182 -233 -23 24 62 -232 157 71 124 -79 150 -64 -192 -82 -3 102 -201 68 98 247 -225 172 144 -5 -122 88 81 65 52 25 122 -29 -56 -200 92 -250 -117 -127 -199 -249 -70 -146 221 -174 -43 -248 152 -35 29 -46 123 232 -181 -145 70 -151 116 -238 -84 -106 -185 246 48 121 126 135 237 -190 -10 -223 115 -67 -55 39 -222 168 -13 73 72 120 -50 143 -133 171 -33 177 209 -229 33 -243 217 190 -11 -75 228 211 35 -204 203 111 -240 -147 136 -77 77 218 -4 216 -57 93 -88 164 -22 -152 5 86 -100 240 105 -65 -236 117 -182 -12 60 16 43 -63 87 30 50 -210 176 189 -73 -51 49 36 129 -138 231 108 47 -184 -86 59 -168 -98 227 -108 -123 207 112 -179 -54 146 -247 91 -203 -167 61 222 118 153 18 191 32 -177 137 242 -119 -6 -226 161 -198 -230 -244 -197 -164 -137 205 100 95 22 -120 -242 178 -27 -218 -163 -81 -28 110 226 38 -178 113 -111 10 -186 -103 -1 -49 220 245 -239 -227 -116 -130 90 31 23 58 235 -26 -135 241 -209 64 76 83 183 -187 21 -24 -129 27 -172 154 -205 -60 -93 -109 -180 -154 -71 158 -170 188 -31 200 234 -101 -235 -148 238 -125 -196 -99 0 -195 -214 -143 156 -97 167 229 -32 89 -21 -19 45 79 -91 -217 -90 34 243 37 56 104 225 41 53 170 166 -165 214 -136 -131 13 -34 -92 141 -156 -47 28 213 42 3 17 -121 -171 159 142 223 15 9 187 26 -220 94 1 132 -14 -140 -83 249 -161 85 -85 -107 74 119 109 165 -20 -169 -202 -16 57 175 155 140 -95 -36 -104 -114 82 -44 69 -234 -126 -207 -153 186 -17 185 169 -30 -132 -39 14 197 -191 -87 -231 -62 184 -89 147 
TEST 94 ARG:234 99 148 -130 -237 10 -181 -35 -118 -33 -122 -221 85 -1 -17 -210 -82 -24 222 -124 81 94 -50 147 -60 189 84 -9 -31 171 -235 -116 246 228 -182 -141 108 143 64 -220 -193 -161 -185 204 -114 -102 -199 -176 -68 190 71 161 157 114 146 -152 16 31 118 -144 242 -43 -47 240 197 162 48 96 50 -14 60 121 73 -243 -234 138 -205 100 -195 134 12 -248 -236 153 -167 -66 2 237 76 53 21 83 -98 -187 20 -90 67 -172 72 -12 -18 78 -20 -223 160 90 29 -198 -178 -11 80 39 -73 -108 -232 -180 -62 125 -134 137 -147 -100 -13 26 -46 41 -103 -200 195 -207 -45 -79 -166 -53 198 -52 -139 -39 129 212 -30 -136 -115 6 -28 25 86 -120 115 -155 -111 -29 70 -160 -191 -168 -213 163 107 -76 66 182 102 -230 -126 -23 174 132 220 -40 -202 111 0 -97 224 -227 19 136 -135 141 170 175 219 -165 213 165 59 3 82 180 -80 -61 -206 -21 -204 -159 -156 -84 159 238 -127 -7 168 -88 149 -87 -163 -57 -22 -77 69 -241 -78 -5 95 -109 169 156 173 44 -174 -63 -197 164 124 -10 -131 150 202 -92 230 -15 92 -59 45 23 75 -75 5 -70 179 -188 97 -104 -190 46 245 -49 -138 -72 200 -55 -148 22 233 -74 247 116 144 -244 -27 -225 49 58 93 -170 155 -157 -164 106 -19 -151 210 30 -107 207 101 -171 -89 -16 -117 226 128 -125 131 -217 -26 -145 47 -192 52 89 201 191 -224 -240 -137 1 -203 -154 -94 -132 24 -3 -175 -129 -211 -219 215 -218 110 -249 -56 151 56 241 -194 37 -226 112 -41 -105 244 194 176 -143 208 68 -85 38 -214 231 152 18 -51 -212 9 105 -215 -32 -158 -2 -140 -99 249 -25 7 -48 -133 209 88 113 -228 122 -58 -173 166 -123 -106 -113 188 211 -183 167 98 -67 117 -37 -169 74 8 -247 205 -36 236 -128 -42 139 158 154 -54 196 -238 -110 104 -8 172 232 -69 -112 -233 181 -189 42 -91 223 57 -93 -83 -245 11 203 -229 -71 193 -121 119 43 -208 28 4 218 -153 17 239 217 27 -246 -86 34 61 248 -96 216 227 77 -184 -186 133 221 -142 243 -242 35 -44 -95 -231 -209 -101 -6 140 -216 225 -4 229 -34 145 186 130 -65 -201 214 185 -222 36 206 -179 33 63 -119 91 103 65 199 187 235 -146 -38 14 -177 109 -149 126 -64 62 32 183 40 142 -196 192 178 184 79 55 54 120 177 -239 135 15 -162 51 -250 13 123 -81 -150 127 87 
TEST 95 ARG:123 -57 -242 -135 -73 200 39 28 67 -75 179 141 25 -45 -153 -155 70 100 146 231 112 59 101 -176 61 -120 -7 207 -234 -25 -146 -178 55 -162 236 -36 -28 -105 69 -81 82 -14 143 1 -225 220 -60 208 -38 9 -56 -10 -53 -91 246 240 -241 145 58 -205 -133 -55 118 127 160 -174 172 -15 -184 0 171 48 -118 103 -50 -100 75 -208 191 -77 -67 -63 -69 201 -128 -109 56 164 -79 -219 76 5 117 -228 -138 -188 226 -43 -123 161 -33 -209 84 -18 244 234 -21 243 -88 -26 -248 -201 -223 177 -70 -113 -147 167 -106 153 -94 187 140 -200 -194 132 -193 50 -110 120 154 29 -82 -183 40 184 -48 -3 -244 -210 99 38 -39 111 83 198 -239 -187 -154 -191 -199 224 -4 -76 174 247 -12 -246 -144 -221 -245 -182 -165 8 2 225 87 -204 215 -2 -148 -72 79 -139 188 106 45 -47 129 -101 -61 -151 -211 151 -89 -102 -161 -190 -197 205 78 -16 -126 93 -214 -217 -40 105 30 186 -87 37 104 64 139 237 185 85 74 -124 219 193 -185 176 126 223 130 245 77 -115 162 44 62 -42 168 -96 -236 136 -9 -243 18 133 31 86 216 217 -6 -145 21 -35 -125 -112 -29 115 -104 -30 -121 -206 -233 -58 -181 -44 -84 32 -80 156 14 -180 144 -215 96 238 -137 -192 -59 -213 -212 -224 72 -65 53 222 150 230 135 -127 114 20 -168 -196 -167 -134 89 180 199 137 232 -175 -74 181 -186 97 -156 -111 35 -52 -189 -71 33 57 10 88 194 110 -218 -32 49 -98 47 -140 -117 -132 109 -68 -169 -149 23 41 -8 241 149 203 -17 -198 166 -11 -202 152 119 249 183 228 218 94 63 -83 -51 -27 124 -216 170 -171 113 210 -5 -92 178 -46 189 15 65 165 -152 -232 -157 -22 13 -78 19 -237 213 43 52 95 92 147 -19 60 -195 158 -177 204 -163 -103 229 195 -85 -172 122 80 169 -235 142 125 -131 -231 -207 102 -20 182 -116 46 68 242 227 -160 148 -93 116 192 3 -226 -97 214 211 190 -66 -136 157 91 66 11 -64 -159 12 233 16 -141 -143 -31 155 221 197 -222 -203 107 -86 -90 6 -49 -34 -230 -179 134 -41 -114 131 -37 17 163 -62 -108 196 42 24 -164 128 -99 -13 90 -220 4 -142 -23 212 -150 -249 -1 7 36 159 -54 98 27 -158 -130 71 -107 -122 121 -247 -250 -24 202 26 235 108 -170 209 -166 34 -227 -229 206 138 -173 173 -129 54 73 248 51 -95 81 -119 239 -240 22 -238 175 
TEST 96 ARG:-208 174 -188 -240 137 -94 -69 -12 -86 -247 -161 -242 -33 -123 52 -111 -176 144 -68 148 0 -44 39 98 -245 -241 156 178 74 -136 162 -231 105 207 29 -25 -20 -63 25 31 -27 -158 -160 -142 218 -179 -217 194 177 -15 119 -194 -59 108 165 226 -130 -184 -151 -42 -193 -246 -56 -90 101 -243 -180 -72 -74 65 66 -104 125 86 -18 -181 -80 228 -52 85 -61 -29 -220 -221 217 -10 225 -192 -96 -82 187 -105 1 67 -135 -175 89 70 -108 -22 196 -191 35 159 -5 -97 -125 157 -7 -197 -43 79 -47 103 -91 193 -23 -218 -250 141 181 -154 11 -204 56 -120 -38 -140 -172 51 172 211 -145 54 96 237 17 -26 21 -3 -35 145 -196 167 91 -14 132 -186 -98 245 -58 -39 213 -203 82 -53 -2 -237 208 -119 -19 -32 -132 72 149 42 -87 -177 243 -113 224 234 -62 -153 111 129 -70 123 110 133 113 5 12 124 249 -149 -198 -216 186 -11 -183 153 -214 -134 60 -88 -159 83 202 -107 -73 212 -209 -199 64 -16 171 227 206 115 127 -157 -169 -201 -30 15 241 130 -143 214 204 6 -6 -75 -36 -234 47 248 18 232 143 99 191 -148 -131 -50 -121 161 136 94 -248 150 -147 63 -122 84 45 -51 106 -45 -48 -238 140 183 -210 73 49 -9 184 -112 16 -76 44 -137 158 -212 146 116 188 36 -34 7 109 242 -126 80 -46 102 200 -239 -124 57 -13 -118 87 122 198 205 -173 -166 185 -77 -163 104 -116 75 -224 -79 -128 97 233 -106 -170 -195 219 199 195 -213 -1 -81 -40 -227 163 -100 -109 -219 -165 201 -205 220 230 4 10 -152 -167 192 -102 182 221 -101 210 190 -8 166 139 152 58 107 -185 -117 43 -211 77 -21 179 22 135 27 -4 -150 37 -190 -215 -99 117 95 55 -133 20 154 120 -244 28 -168 -230 155 90 -65 19 14 -85 -114 -226 209 176 -233 236 -174 -55 -41 -93 3 -206 168 -223 26 -92 76 32 -182 239 41 92 34 -103 -156 -28 142 48 71 68 126 -138 238 223 62 -228 -127 -222 69 -178 -66 38 -71 121 128 9 -67 235 246 61 231 -60 -95 -232 8 160 240 173 -57 118 -229 147 -164 244 112 -83 215 -236 24 -84 -200 -31 -37 229 247 -64 30 -146 138 -141 53 -110 -89 -144 81 -139 -235 151 2 100 -207 170 -54 46 -17 114 -115 59 -187 189 175 -155 -249 88 23 -129 216 -202 -189 33 -171 131 -49 -225 93 78 40 164 50 -24 222 197 134 180 -78 -162 203 169 13 
TEST 97 ARG:104 4 119 -208 -232 165 -197 -83 -237 -199 -193 246 -166 65 197 70 190 -33 -211 -114 -203 -86 233 -30 192 113 83 -137 134 33 -115 239 34 133 164 -15 -85 77 -122 -41 -44 231 -178 -158 -192 144 -217 -108 -180 136 90 -182 -130 -22 -118 -124 227 3 -50 181 64 128 -230 -246 -37 199 -96 -188 28 48 -140 247 25 174 -71 187 -32 -14 -248 73 76 -10 105 242 20 -120 225 -194 236 103 -59 125 -64 -17 235 -177 85 -207 -21 68 129 147 16 40 169 179 219 -38 50 210 72 69 89 201 185 -205 120 -215 -53 -183 -7 170 -241 10 196 -167 11 -131 -9 217 121 84 -75 -175 -57 43 -45 137 -159 -76 53 -48 -202 42 -72 -12 -247 1 -242 141 -20 81 161 -234 232 194 -225 180 -169 -189 17 142 -136 215 146 -209 162 -244 -176 116 -5 186 -162 168 -212 39 21 -49 8 -24 86 203 46 71 45 151 148 24 -179 -102 36 -153 67 109 -236 -184 -116 209 38 223 -77 82 230 -141 78 101 -222 -146 -51 237 175 -170 95 191 114 -155 193 -132 115 102 -99 -35 155 118 91 189 198 -163 111 131 -18 -216 -143 -2 -145 240 221 -123 -67 -149 160 224 -186 248 -144 -39 -8 177 -218 0 206 135 -66 -171 154 150 -119 218 52 55 12 -190 -174 -191 18 -56 138 47 -245 -229 97 9 -54 159 -88 -79 -70 -34 57 75 -69 249 -91 -223 -128 -112 -161 -103 -80 -147 -206 -78 157 226 -204 -219 202 139 126 79 -65 132 -3 241 -142 -243 204 -157 31 -231 -235 -23 51 -198 -173 -100 15 -93 130 -117 -36 -249 234 30 -151 -16 -101 -160 184 -58 54 -13 -68 -221 29 -31 49 173 -4 117 -55 -138 216 -98 58 13 228 158 212 -29 -181 -62 100 -126 -150 63 -165 -133 229 107 -125 -227 -226 -1 -172 6 66 -164 -6 -129 -135 -19 238 -81 243 -187 -92 22 152 108 -25 205 244 123 222 -27 -134 -220 -105 -195 -43 -61 -47 5 195 -52 213 27 245 56 -40 156 -84 220 14 145 143 110 41 182 -94 37 -121 -196 19 74 -11 -63 -87 -240 2 -239 88 -110 -106 -201 7 -168 124 149 163 60 211 -139 -228 122 171 -82 106 32 153 -89 127 -127 166 -154 -73 80 207 172 112 96 -107 -26 98 -74 -185 -210 44 35 -109 99 140 183 200 -97 178 -156 26 -213 23 214 61 -152 87 -111 -214 -95 208 -224 176 -233 -238 59 62 -104 94 -148 -60 -46 93 -90 -42 -28 -200 -113 92 167 188 -250 
TEST 98 ARG:-205 4 142 -118 55 70 -119 -37 175 -190 131 -12 30 -69 -59 167 120 -211 -239 42 -101 152 77 173 20 -74 -247 140 199 -232 -233 -143 -16 -7 -54 -220 86 -91 -113 180 -9 32 -199 187 -124 114 -206 -2 75 -33 -22 -246 -249 15 -141 -224 -201 -162 -215 191 127 -168 -238 193 -96 104 -175 -179 212 -100 119 197 -188 202 -227 206 -63 -210 126 -18 -11 19 22 194 -121 -240 203 -112 -209 133 12 -245 93 -56 207 -234 -95 118 -38 150 91 238 39 74 232 99 -21 -177 198 -47 102 230 -169 96 -10 201 100 -50 204 47 223 -114 -230 95 145 225 72 161 -218 -132 240 -108 185 -222 168 233 -204 106 -250 138 9 -243 -3 192 196 -86 -19 -102 159 130 14 -155 -242 -156 -213 247 -151 227 -82 90 176 208 37 153 67 94 -15 -202 -71 242 -25 -165 147 -68 107 -181 -61 169 205 3 81 89 -93 -57 -221 128 31 -42 121 182 166 200 103 -34 44 -135 18 -236 -58 -172 148 -126 78 177 88 -182 13 -120 -117 156 35 -136 -195 -111 -32 -20 244 65 -212 -164 79 -94 -208 234 216 248 108 -110 -79 217 -122 61 -5 73 -241 -53 -39 -24 229 -192 -133 -150 -130 113 -104 -161 -140 172 146 178 28 52 -45 109 195 162 184 179 -226 -80 -228 27 -138 64 -244 -144 7 239 186 -51 97 -147 -174 60 -87 26 41 -115 45 -73 -123 -139 -28 -125 -185 98 -103 -48 110 -160 -152 71 66 1 213 -186 243 123 -207 235 -44 -105 63 23 -171 10 38 -1 -52 222 48 -194 29 241 112 -78 157 5 -219 40 143 -31 -137 155 83 84 49 82 137 -77 -90 -159 -106 209 163 124 -27 174 -98 36 144 21 -189 139 -41 58 249 -129 170 -67 16 -225 171 -149 68 219 132 -248 189 -62 -17 -35 237 -83 226 134 105 -4 -76 -43 80 -229 220 135 -196 -36 25 -116 -109 46 -64 -127 164 116 -183 228 -170 17 -146 59 149 -231 -49 -235 183 69 -217 236 33 -131 -46 214 -176 -178 190 -8 -128 117 101 -14 -157 -198 -153 136 -6 -145 122 245 0 154 210 181 -166 -26 -187 -13 125 92 -142 -89 87 246 -70 85 -237 -92 76 -148 129 2 -223 -154 211 -40 215 24 -180 -158 -65 43 50 160 -197 141 34 -88 115 56 -216 -85 -75 -200 -167 6 -107 57 -66 -97 111 8 -30 -23 -81 165 224 -29 158 11 -193 151 -203 218 188 -184 51 -99 -134 221 54 -173 -60 -72 62 -214 231 -191 53 -84 -163 -55 
TEST 99 ARG:109 205 -130 148 -178 -211 204 185 -3 -15 173 -63 -8 174 -118 124 -75 -32 -181 165 -28 -10 -7 -35 -41 42 -241 138 -50 61 240 203 -20 -136 145 3 -205 -76 31 -13 -57 -81 106 -109 34 176 -22 -34 -149 155 230 110 49 168 156 -132 201 -138 -229 127 -212 48 245 -197 -91 66 -21 -206 132 130 162 -27 30 -38 -146 -97 218 -96 26 133 118 147 54 -103 8 7 172 -39 71 99 -147 104 79 237 234 -174 -58 -155 -240 -60 9 239 -53 136 146 -108 -110 15 21 -37 -198 -213 94 -70 18 39 -221 167 -85 -40 112 -152 213 115 -173 -236 -113 -222 157 -172 -219 6 84 -225 -19 -98 17 -11 189 98 -133 50 199 -66 107 -31 -187 91 -238 23 150 103 113 -71 -244 55 241 89 -159 -224 56 -183 -162 220 -18 198 -112 16 47 -148 75 -12 212 -207 -182 -2 -196 -94 -16 93 67 -218 122 123 97 80 -179 -116 -166 -107 -88 -129 101 153 69 13 82 2 -185 229 -232 -201 -194 -158 -134 -250 -72 -161 -105 196 -145 -215 -154 116 -55 171 -227 182 -192 -150 -106 -176 -216 5 126 142 232 228 76 -243 -74 -43 -248 -117 -160 -151 -78 216 73 -209 207 100 -249 -4 226 57 -190 37 46 64 144 -54 -140 43 221 -123 27 -184 -51 58 -124 -200 119 77 -153 -69 -111 -84 223 90 51 -46 243 125 72 -59 -193 -17 -156 -234 135 -104 59 197 102 -90 163 188 -5 177 74 -217 -180 -77 193 -223 25 -191 249 158 195 -228 20 -120 194 -121 246 -163 -47 -61 11 187 206 10 178 -170 -171 19 22 209 -67 4 233 217 -127 -189 62 96 -231 -167 151 244 -65 14 0 78 -62 128 -89 -79 -247 35 175 -135 -99 211 154 159 -188 1 170 184 247 200 -93 86 225 33 -203 141 -165 -95 -131 87 131 140 -139 -202 -6 -42 -245 219 -101 -14 215 161 -122 120 114 -233 -164 65 160 111 -52 92 179 -26 -128 191 -49 -208 12 190 -177 -115 -220 -83 121 -239 52 -142 -230 248 105 -204 70 186 -33 -73 222 41 169 -237 -44 32 238 -144 -86 -102 192 -29 -82 235 81 68 -186 208 83 202 44 -143 183 88 181 139 164 -168 180 -9 -126 60 24 -226 -119 149 -25 231 -100 63 -175 143 -199 -169 242 -48 -242 -56 29 -92 -195 210 -87 108 38 117 152 -68 -1 -214 -24 -80 -141 85 227 -23 137 166 -125 134 -64 236 -45 -114 -235 -30 40 -137 45 129 -210 36 95 28 -246 53 -157 -36 214 224 
TEST 100 ARG:-94 217 155 -71 -138 132 -238 120 170 12 -40 -9 -12 -180 -77 -11 -165 228 9 -167 -230 -28 8 -153 56 -203 -25 98 -118 18 -173 -221 -38 -130 118 153 -146 -48 -192 -63 -54 -233 -119 22 -55 161 42 -174 -135 137 4 99 109 -85 -120 72 -83 -220 -140 -185 -97 46 -58 -200 190 -114 -219 -186 -56 -113 -172 243 88 -170 116 -214 -36 89 77 71 -187 166 -84 240 -91 149 209 -115 -75 52 50 202 100 -74 188 34 59 73 -245 -206 230 193 5 151 -190 189 177 -189 21 167 3 25 -31 43 125 -249 6 236 -239 -178 -208 -67 -145 85 114 207 -51 -17 90 231 -244 41 206 -158 129 141 101 225 205 -87 -242 105 -148 -199 175 -35 126 60 -3 -232 -243 -181 172 -217 -235 -228 -169 17 187 37 -37 245 31 86 144 -93 -82 195 39 107 143 -4 246 138 -218 -21 -149 -151 178 -64 160 54 215 -188 122 95 -159 -88 -227 -191 48 -171 110 -210 204 -22 185 -107 -176 142 -15 -155 233 -139 75 176 -215 -133 199 -109 -78 94 131 203 78 -110 -34 -47 97 -126 -62 36 -236 -134 -207 27 210 164 119 -164 -41 -129 -45 10 180 -241 201 -150 -142 247 -65 181 -7 -163 84 108 -196 -124 16 -166 80 28 -216 -1 -198 -89 113 -16 -23 -103 182 174 244 168 -42 222 -14 197 63 194 102 33 191 -154 -59 30 -160 -102 183 -13 -240 -136 224 35 133 154 127 184 -96 232 82 -246 115 -179 70 74 221 -33 91 -43 66 15 -237 -112 -106 235 241 -104 140 53 13 147 -98 145 -184 -162 163 51 -57 150 104 65 87 -8 196 -95 214 -143 47 -212 38 -141 -156 64 -111 -46 26 -175 -128 103 -234 32 -229 148 -157 -161 2 -99 79 -105 -100 76 211 14 68 -5 -26 24 124 226 139 -76 92 169 -116 61 -53 128 135 -60 -127 130 -168 -205 45 -223 -80 -79 208 106 -18 -225 -39 213 -68 -182 7 171 93 156 186 49 81 179 212 -248 -211 -101 57 -222 11 117 -209 198 229 -44 -70 200 136 -50 -24 -6 -73 123 216 -137 83 -69 -250 -30 248 223 67 -27 -121 -49 -90 220 121 -29 -193 -86 237 -201 -183 -125 -224 20 158 218 62 249 -226 55 -147 69 162 173 -247 -152 111 -66 -202 239 19 152 -92 242 234 -195 -194 238 -52 -177 -2 23 -204 -132 134 159 -131 -231 1 -197 165 -81 -61 40 -122 44 112 -123 146 -108 157 -20 219 96 227 58 -32 -19 0 -117 -72 -213 -144 29 -10 192 
TEST 101 ARG:-134 0 -138 70 161 -148 -69 197 -99 109 -36 234 -180 -184 -195 -52 200 88 -120 -198 -53 221 220 -82 -102 -145 -42 -220 18 244 -193 -103 -15 -115 -174 117 -25 -215 -228 -30 -35 81 132 -175 -164 240 -16 -33 -50 4 -123 236 163 -245 223 -226 14 -55 -162 183 219 143 -64 -47 -217 120 16 -219 206 -214 -141 165 -197 -59 -177 135 -71 26 -209 38 99 91 155 -62 -18 227 52 231 -237 -205 202 27 -27 -160 185 -203 -95 11 103 177 2 -155 -91 85 -233 -114 -7 -127 -105 139 -194 58 179 19 246 23 15 178 -94 186 167 -1 -112 -202 87 226 40 -63 237 28 39 73 34 -221 -146 -45 -140 127 95 -118 47 78 104 -173 -20 -151 -13 -92 216 -161 248 -113 136 -98 -235 -106 -19 115 -76 107 -250 98 121 147 201 6 193 -241 -163 232 21 -130 -147 45 50 90 -212 -79 133 189 8 59 144 -3 -149 160 33 156 118 -97 -61 247 -199 -10 94 -210 203 -186 -201 213 -216 114 170 -249 -34 -171 -5 210 131 -185 77 -178 5 64 -190 -248 153 62 -144 -108 -117 -8 41 158 154 -230 37 -182 -2 43 -142 214 76 -75 245 -11 3 -32 31 113 -22 228 -136 -66 181 46 -231 238 7 207 -170 -89 -196 235 173 -31 194 68 65 -128 97 -6 -51 -40 180 -17 211 -21 137 30 -159 -232 92 -200 230 -189 55 239 -56 130 149 -100 196 -49 -143 93 -172 229 -14 -86 198 -154 -101 146 192 -152 -110 -156 -70 63 233 140 -208 141 72 44 187 -153 -81 -111 -218 -176 116 191 -93 51 -60 -104 -166 152 -236 -39 -139 166 -38 35 -83 9 122 -74 -125 61 134 84 172 171 -240 -181 83 -211 32 56 -119 -234 217 138 -150 -168 -9 195 -46 69 249 -213 128 -158 20 199 222 205 25 17 22 79 -243 10 -126 -129 -24 123 -44 86 106 -4 -12 -204 -167 60 -109 -157 -133 53 -41 243 215 -239 164 -137 102 225 110 -122 212 151 42 -28 1 -191 -87 13 157 -67 -246 -183 29 169 -192 -242 -165 -26 188 119 67 208 112 -207 -23 125 -43 -116 111 -206 100 -90 242 218 48 -85 -57 -187 209 148 -96 -65 -72 66 124 -188 101 82 105 -73 80 145 -179 162 -80 74 174 142 -54 -48 150 224 75 108 96 -77 159 12 -88 184 -132 -29 -224 175 -78 -107 126 190 36 57 -238 -135 54 -84 -223 -225 168 129 -37 -68 -227 49 -247 -229 204 -124 -169 -244 -131 241 -58 -121 24 176 -222 71 182 89 
TEST 102 ARG:-101 -80 134 -229 -42 142 216 -227 -241 52 121 97 -45 -174 104 67 -13 -170 -185 80 -155 -132 232 199 -206 -11 -120 92 187 78 192 178 177 -33 -22 -17 -98 -69 -145 119 153 94 -152 -203 -213 87 -122 105 -128 -175 174 -6 -250 224 24 191 -142 -224 -47 -197 157 6 209 -238 -231 -232 -103 148 -192 -179 -54 -82 40 -211 -173 95 -127 -247 -177 -189 130 -233 -8 -176 116 -23 179 -190 162 74 -219 135 240 85 238 213 155 -212 -114 -136 173 -218 47 10 249 -50 131 89 -41 222 -151 -226 -104 247 201 -249 114 9 -186 54 23 -182 233 138 7 -123 -134 -143 86 -172 -93 -146 -40 -156 -68 81 91 -107 168 -5 -162 -144 242 -204 -85 190 -102 156 99 -116 137 106 -214 237 37 204 -12 -165 217 -139 71 -242 61 -180 -235 53 141 100 167 146 50 160 193 -193 75 -158 150 124 -133 215 -76 -94 -230 225 244 -194 -39 -56 -43 62 218 16 152 -166 189 -115 -153 -3 -210 159 239 -148 176 -126 -38 -220 34 169 -216 3 98 12 165 -48 65 -112 27 73 118 -57 145 41 183 123 -29 -64 22 103 -92 -60 158 -108 180 1 55 2 -100 175 4 13 101 8 212 -15 -30 0 198 -20 -223 163 -89 144 -243 108 -222 31 194 76 111 143 -113 25 243 -160 -84 -225 125 109 227 -118 -221 -34 122 83 113 223 231 -7 196 -181 -37 -70 38 -228 -75 -202 -141 -4 -201 -24 166 205 -32 -9 -25 -73 64 -35 59 248 147 48 -171 -79 164 28 211 -106 -61 -246 -168 36 -90 112 -63 35 39 186 82 -59 49 -234 -187 -200 220 -46 -95 -119 -28 -117 14 -91 -74 -27 245 -51 228 -10 -154 -150 -236 56 69 171 -169 -195 229 -167 -26 -191 -110 136 -138 -36 140 21 235 30 -78 -19 -208 128 11 -248 58 88 -196 -217 120 -137 -111 33 -157 139 -18 -1 181 -215 -129 -159 -62 -131 -105 117 184 -86 29 -65 -52 -188 32 -97 241 66 -71 -245 -77 -198 200 46 151 60 90 -125 79 70 202 26 -87 115 102 -240 132 42 -205 -49 -21 -58 18 72 188 -83 93 -183 -31 -109 -149 -178 -130 20 -147 -67 -124 161 -163 -140 195 107 43 -209 129 -199 207 -96 -135 -66 126 185 133 236 234 -14 -16 15 -164 44 214 -237 57 -88 51 -99 17 182 219 -55 68 206 197 230 -121 210 170 63 84 -207 -184 172 45 203 5 -244 246 149 -161 221 127 -2 -239 -81 19 -44 -72 110 77 154 208 96 -53 226 
TEST 103 ARG:-66 25 36 193 -130 -132 -73 -46 -15 203 165 -64 27 -238 -158 30 -38 91 -239 -42 219 29 -190 -69 238 123 118 227 -71 -128 77 -165 169 -55 41 -166 -78 -226 -108 -234 205 113 -188 -53 -99 199 55 -85 43 -57 -150 -51 187 66 -231 124 -77 180 -116 38 -149 -119 76 86 -81 -227 34 206 90 -155 -114 -65 208 44 -39 150 224 -215 155 70 92 -16 -218 -200 192 -221 -194 -18 157 218 -19 -115 120 240 111 173 137 -247 245 -110 -32 -133 -23 -104 198 230 -54 221 -237 -170 108 -75 168 -48 73 97 189 -113 -4 167 145 102 -174 158 -192 -193 -24 -205 103 233 -68 -177 142 24 170 231 146 31 -169 80 8 141 -184 152 148 -212 -181 217 174 135 -88 -76 -138 -90 -154 -175 -5 179 -187 181 -59 -41 -60 114 69 209 183 -243 159 -95 131 48 -105 -141 -248 -37 -236 83 -52 154 -84 163 122 -10 -109 -122 160 -6 119 -34 225 -131 239 234 -2 -196 229 -93 89 175 -49 84 237 35 39 -103 64 200 -214 -86 -125 67 -143 15 -30 244 88 149 -26 -208 -242 -126 -135 -168 177 54 21 -120 -173 -9 -118 133 -3 11 186 161 228 243 -67 249 -91 -240 -74 -72 6 212 -204 -217 -164 -89 37 129 -70 17 196 -156 -233 -14 -225 -235 -44 -198 204 184 28 109 116 -199 -27 74 49 -22 -250 191 246 -98 130 -80 107 182 -171 -40 -146 68 236 -183 -232 -62 162 -61 -206 -35 213 -241 -209 -97 -7 -47 1 16 18 -102 -79 171 60 87 140 -134 -123 -148 144 247 61 4 -117 -21 -56 178 136 3 -162 -153 -36 104 -167 -176 79 20 -144 -127 248 9 -185 115 82 -182 -12 -211 50 -180 -112 -147 -195 2 -229 13 214 -121 59 -1 -220 -142 153 147 216 222 46 19 -191 105 -140 226 -202 -145 -50 -228 132 -245 10 207 -178 32 -186 57 100 194 -31 138 72 -94 42 -222 110 33 151 117 143 40 -139 -244 -157 -100 201 0 -210 -101 -246 98 12 -45 -13 -159 -137 195 52 172 78 94 5 -189 26 128 93 -11 96 156 63 71 -216 58 -152 56 81 185 51 164 215 -87 45 112 202 14 99 -136 -163 126 23 -25 -151 197 62 -83 -224 -96 -124 127 232 134 -63 190 53 241 -111 -43 -82 166 139 121 -58 242 75 -201 -223 -203 47 -107 -129 -20 -197 211 -17 65 22 85 7 -230 -161 -213 -160 -207 235 -172 -219 -8 95 -92 176 125 -33 220 188 -179 -29 210 223 -249 106 -106 101 -28 
TEST 104 ARG:-154 88 102 76 236 -119 180 -146 -94 41 -187 -24 -155 -11 -86 220 199 -124 174 6 -5 8 -20 103 -221 -113 -102 34 -93 28 201 -114 59 -150 -139 -84 -26 75 202 16 227 -63 -184 -13 -200 151 -104 -31 7 62 61 65 -25 124 -66 -89 105 86 -208 210 -168 246 70 -244 249 68 96 98 217 -78 211 47 118 248 218 -239 -234 133 -10 152 -207 159 204 183 233 162 -37 215 -245 -62 -230 -152 10 -129 139 38 -202 -170 188 116 -98 -222 191 184 198 200 231 -101 30 225 -15 46 -12 112 87 -236 -72 -164 -122 -19 29 -198 181 -91 155 89 -176 163 -96 173 -205 -237 -160 -149 -233 -90 17 91 -116 -117 223 106 82 -140 -54 208 -55 -148 -182 -3 -131 -71 -240 113 -171 -238 156 54 73 -97 -57 221 -241 -141 -163 122 69 -217 -248 -162 -159 -220 -201 -210 107 55 67 -132 9 161 21 143 182 169 -51 232 95 -196 -153 136 -109 -46 -105 3 -215 -42 130 245 -227 206 164 205 49 -108 -225 -177 1 226 -209 84 -138 -36 -47 -34 -161 -59 -174 157 -229 64 24 -193 189 -82 134 224 140 128 -56 11 -145 229 -235 80 -30 -80 -121 150 -226 94 207 -74 -16 -48 -17 165 127 190 -224 171 44 -44 -169 -8 239 25 137 -4 63 -106 32 234 -2 120 -40 15 -64 194 -35 -126 235 -39 138 -191 66 81 -186 -199 186 51 -242 -83 71 -92 142 -120 77 132 -7 -185 146 -14 125 79 131 111 196 12 -99 78 -50 -100 52 -43 -112 242 -110 219 117 193 -183 -167 -136 237 -195 -172 -142 13 -79 170 166 141 -29 222 -9 99 -135 -243 158 121 -197 197 109 -188 115 212 -18 244 -49 37 18 -28 -204 -6 -88 -27 230 27 43 -190 -130 -76 149 0 -115 -1 -45 -107 209 240 145 160 -77 31 -134 36 90 -231 -33 -60 4 22 119 108 203 -22 -81 228 179 -165 33 26 19 -246 -203 -21 53 168 40 -180 -125 -68 148 2 -219 135 114 -192 23 5 -73 39 238 213 241 154 72 -75 -156 92 -213 -52 58 48 -216 177 -158 -179 -151 -133 -69 -23 -111 93 -70 -103 -214 -249 -223 -118 -206 -228 -87 -85 -53 167 -173 83 97 -95 14 100 185 -65 216 192 -67 187 85 20 -166 45 153 57 -211 175 -147 -128 74 50 -41 -123 243 129 101 123 178 -212 -61 104 126 -189 176 -250 -178 -38 -181 144 -58 56 -157 -247 -144 -175 -127 -232 60 35 147 214 -143 247 -194 110 42 195 172 -137 -218 -32 
TEST 105 ARG:175 -195 -19 -216 206 135 108 245 -169 42 103 -186 187 -65 -42 -194 -180 -141 -102 63 174 25 -68 173 213 218 -115 138 -153 26 72 67 127 124 100 -52 -54 -92 -71 94 -167 -145 177 -16 -222 -50 -34 -119 -240 -60 -158 99 122 -181 -205 79 216 180 87 1 -192 164 14 3 -204 239 236 -101 246 64 -212 27 -228 -171 -45 115 -250 -225 243 -163 49 10 35 181 50 -156 60 114 223 -122 186 -237 -51 23 -23 -132 -35 -2 -14 69 -134 47 -110 30 -7 -79 119 230 28 -104 74 -243 -152 56 195 -12 -30 97 -95 -55 -57 192 128 -206 -226 -97 -165 109 209 -213 156 237 224 22 -9 179 -39 125 118 51 136 163 18 166 238 205 -94 -103 -49 37 81 -112 -227 183 -25 -116 89 -157 -248 110 54 -233 -78 137 32 -244 -127 -96 -62 129 -72 106 -75 -234 88 -211 -18 -128 -178 -182 -129 204 -84 -26 123 92 210 -133 -117 -220 -202 -37 98 44 31 -126 -93 45 -146 -125 41 -185 95 140 -221 -238 131 -151 142 91 -40 168 -198 233 201 12 40 -111 -219 -58 -13 -235 -184 -173 21 76 184 -33 249 -187 111 234 -224 9 -47 112 221 78 -41 58 -67 -124 167 -190 83 -170 -193 -99 -199 -150 -139 -20 240 70 -230 46 235 -29 -166 -100 176 172 -22 -175 -6 -64 220 157 -203 211 182 -5 -144 -172 -197 188 -207 189 -210 -86 197 149 -123 102 162 -217 171 126 244 36 68 -120 190 -88 -188 -8 -48 217 -59 -53 -85 80 -17 33 -241 24 -131 93 -164 -61 247 130 -70 133 -208 199 -107 85 13 -69 -189 -136 -249 141 203 -239 11 -32 90 202 -159 -87 121 -21 43 -113 -24 39 151 193 231 -36 116 2 19 -215 101 -31 -130 241 84 20 29 -118 165 5 248 -161 222 48 -200 214 212 -231 -209 144 96 -154 -27 105 15 -109 160 52 242 147 -160 82 -147 -138 -242 65 -106 232 75 -135 226 117 -114 -74 17 -80 -229 -76 185 -140 169 -162 -143 208 6 132 107 152 154 -174 153 143 145 -90 73 55 -98 225 -214 -155 228 8 -236 229 196 -247 -11 -121 -91 -81 -46 -246 -15 -1 -43 -82 66 -177 -218 -176 -137 38 -38 194 -89 155 -44 120 113 178 191 148 61 -196 -183 -201 -105 -63 139 53 4 -168 227 -142 150 -149 -77 59 198 161 134 71 -232 -28 62 -83 215 -223 -66 16 7 219 -73 -245 104 170 -56 -4 146 0 200 77 -108 -179 -148 34 57 86 158 -191 -3 159 207 -10 
TEST 106 ARG:-115 -167 -97 -138 174 176 -33 -12 -208 -134 186 166 238 -78 184 125 126 141 66 179 194 -165 148 76 -175 -108 -240 -203 -217 -169 -116 191 -193 51 78 243 65 228 73 -139 -146 -8 -171 58 9 -63 -54 -90 227 75 -181 249 -187 0 -99 -207 87 132 -191 -160 34 200 19 127 -237 212 109 -221 -170 161 82 62 96 139 115 -84 -162 -135 16 207 14 -73 -70 52 -69 -176 -178 88 158 -127 30 -190 142 5 168 195 -2 -20 -109 215 226 231 36 100 -234 97 -11 -189 -42 -129 183 -147 -59 -36 -213 4 -199 -7 -66 190 128 -46 41 -118 131 -100 -246 -18 -206 -19 -228 -120 196 -236 -200 152 188 99 245 -43 146 217 173 240 -222 149 54 74 178 84 165 22 -243 -75 -215 90 -161 239 -226 156 -107 246 247 -174 129 -93 -238 25 -30 130 -194 70 177 -164 -214 135 -202 -102 150 -58 -38 233 -9 120 214 49 44 -219 -15 -232 225 46 -153 -112 -1 143 -48 -177 155 89 -35 48 112 175 116 -140 11 6 -62 218 -133 -210 -74 81 37 -96 63 230 -130 -230 -16 163 -166 -125 40 151 35 154 -212 57 -52 -77 -32 -250 -111 67 3 167 172 122 -94 -184 221 101 235 -40 -71 -123 162 -180 50 -34 -216 105 -150 114 171 -157 241 103 121 -44 199 202 -148 -14 203 106 17 -168 -192 47 60 -92 -245 -183 -204 -29 32 -85 69 248 187 79 -179 223 -233 -142 180 -79 -152 -242 229 -229 -151 145 -26 117 68 -13 72 -41 -136 -65 -88 -5 -24 169 -113 -47 24 224 133 18 -103 -67 98 -89 -154 -82 -45 20 94 -182 12 119 33 157 193 -49 -209 197 -126 -224 29 -106 -205 77 242 2 39 118 -121 -159 -53 -87 -220 -141 -155 -188 38 204 -144 -227 -196 93 185 -17 -231 -223 83 -131 -235 111 42 206 -198 -128 -241 237 -27 -76 -86 13 124 -114 -56 209 -21 -185 -104 64 -4 8 -195 236 -156 208 -225 213 -248 123 232 45 181 -132 -61 140 192 160 -117 -55 -218 -244 91 86 15 137 -57 -98 -197 102 -158 26 -122 -186 147 -80 222 134 201 85 -201 220 -119 113 56 28 -25 -60 -173 92 59 -23 -72 -163 182 61 27 -28 107 71 -145 -110 -50 -10 244 211 23 -22 -39 -6 95 170 108 -83 -64 138 -239 -31 -249 -101 43 198 216 -81 -3 234 1 205 -105 219 55 10 210 -37 -137 -68 136 -124 -247 -172 -149 53 7 -211 21 80 164 31 189 110 159 -51 -143 -91 104 153 144 -95 
TEST 107 ARG:-59 203 67 -189 119 214 140 -237 152 14 199 -124 43 -69 -134 54 -41 -26 11 -18 114 -52 -101 123 57 -8 -187 -247 -84 228 244 -223 -44 -242 -70 198 8 45 -131 -106 -132 -3 150 81 148 3 -153 83 -51 -146 23 88 -12 -216 -157 -193 134 -212 -204 183 -63 -94 -240 -71 95 -246 30 -40 34 231 232 -179 75 157 -116 97 53 229 156 211 -250 202 242 -121 106 -173 247 248 212 -117 -209 -222 -195 -36 -227 -103 139 77 -13 239 -202 5 21 27 80 235 -226 158 -139 -147 -154 -25 -191 -99 -232 163 153 -54 182 -49 69 243 64 -194 -97 222 92 -21 238 -118 86 -20 210 -174 -123 35 50 26 -58 39 -165 122 -206 -151 84 -107 -199 -233 -86 144 159 170 220 -83 -243 100 -161 32 0 59 143 -171 -235 137 -128 -45 49 -87 116 -164 -162 -170 -100 38 237 74 103 17 -37 96 125 -203 -183 -230 90 115 226 130 227 213 121 -19 -27 -2 79 240 110 233 -149 -9 -111 -64 -172 -76 -92 -211 60 -66 -210 -214 -190 160 -122 -144 1 167 241 209 29 -160 -169 207 -152 195 -53 219 -95 41 225 -158 -39 204 58 -180 -96 178 187 107 -90 -156 -220 47 -177 -155 -32 216 -215 188 -228 -120 98 -182 105 19 -140 -138 -109 18 117 -23 52 89 181 -38 -17 131 -65 192 149 51 -217 31 -29 -185 -145 -143 193 99 179 12 -125 -68 56 147 87 20 -4 191 234 -163 71 -213 166 -184 -80 33 164 -137 -113 -225 -141 -244 42 180 -198 128 -218 -130 -135 197 -77 151 -33 -55 61 28 -239 -48 176 91 133 218 -224 136 -241 -62 -78 -30 -150 169 -34 76 127 -102 200 73 155 -197 55 2 65 10 124 24 -229 -127 -46 -47 175 44 208 161 -11 -16 -1 -10 -245 -60 9 -175 172 109 -24 -231 186 104 -74 246 68 -88 185 120 -176 -89 -201 13 230 101 -43 -67 217 189 -73 184 215 -126 -93 108 85 -56 111 165 25 -119 62 126 -57 146 -42 177 6 -178 -108 -196 -221 -207 223 174 249 -5 -14 129 -219 72 -133 -22 -142 236 -166 -114 224 112 221 -115 -167 190 -208 -98 -61 94 -205 -129 132 205 -104 -200 66 82 -105 37 -81 -168 63 -82 171 22 162 -186 145 -7 -110 -79 -136 102 206 4 40 141 -249 245 -236 -112 -192 -15 -50 -238 36 48 201 78 -75 154 -234 113 -188 135 46 118 -181 7 16 -85 93 -91 138 -148 -6 -28 70 15 142 173 -159 194 168 -248 -72 -31 196 -35 
TEST 108 ARG:-157 221 47 121 227 63 100 -18 -206 240 216 -48 239 -211 147 -118 124 -163 -183 -12 -186 41 176 -91 71 40 -240 75 -26 43 12 -136 237 196 -239 -94 144 -106 31 -93 -177 160 18 32 204 -21 -19 -169 -81 -192 -49 24 -198 70 -112 1 224 -96 -76 -232 206 116 104 -55 161 -89 122 -20 163 -193 -30 -158 -83 -111 14 25 -159 128 -87 222 -15 -2 106 101 143 -17 -168 48 -215 -250 210 -228 -119 36 26 135 -44 231 -160 -103 167 -109 -166 -207 -129 -63 112 249 6 -40 179 -64 165 94 28 -122 -114 246 -148 -95 183 225 -79 37 15 -171 69 153 202 -189 85 245 180 -68 -176 130 -141 -58 169 99 151 2 -77 -61 3 -56 -29 -139 117 136 -243 -227 83 109 93 -54 -62 208 -108 67 177 -41 -52 -178 -200 -156 229 77 -223 158 -124 -140 185 -102 -104 188 -127 -105 21 148 -204 -147 189 30 242 -120 -203 -212 173 33 -214 197 -32 207 191 -3 -218 152 72 211 -51 -50 -78 84 -226 142 111 -230 29 92 103 -138 -6 223 -194 220 172 -175 166 -236 50 52 68 -16 199 -110 236 -201 -242 -233 -190 -209 -134 126 60 115 137 -37 238 -143 -22 105 -144 -125 133 233 -235 -249 203 -197 192 213 96 -205 214 27 149 174 -85 -35 154 -8 -10 190 131 -155 88 42 164 -153 241 39 194 110 4 -191 20 178 56 -248 -130 -165 -101 73 45 82 -7 57 19 58 51 23 64 134 -86 78 -137 -234 54 -82 5 -57 -80 -121 -199 38 159 66 -59 -123 -97 -67 97 168 -46 181 49 -161 -132 125 -145 -241 61 79 187 -182 -43 -179 -27 -23 -151 -162 244 162 146 7 -152 230 145 170 -231 107 182 195 -1 -31 74 -128 -188 -170 217 235 16 -84 -4 -45 -210 243 -33 -150 139 -220 -98 -70 35 -217 65 -24 -173 232 186 215 11 17 -172 -208 -72 -187 -39 218 -90 -219 -238 132 -146 127 -42 247 -13 205 -131 226 120 -184 212 156 -167 129 -25 -133 -60 -195 -135 59 -75 -213 -244 55 -5 -28 234 76 10 175 81 -115 -181 -9 -99 -66 119 -221 -149 102 -237 89 13 113 -117 -88 80 201 -225 87 53 0 -38 95 171 -185 22 150 -126 44 -116 -246 -14 98 -113 -202 -53 -196 -69 -154 141 -164 184 34 -65 46 123 -74 155 -245 -36 -222 209 108 -11 -34 138 -107 -73 -92 157 86 200 193 -142 90 -180 -224 62 -216 -247 140 9 -229 114 219 -71 -174 198 -100 8 118 91 248 -47 228 
TEST 109 ARG:190 -168 147 237 225 -250 -155 -142 -75 65 228 -90 -43 83 31 161 248 -86 -109 -107 129 0 -192 -36 198 84 -227 148 -119 -176 206 1 30 -190 47 139 -4 124 209 -225 185 -57 -237 245 -14 117 32 -230 -103 244 191 -20 -205 -223 -127 157 112 -199 44 210 33 99 156 213 -18 202 236 141 -238 -235 168 -117 11 -77 37 -187 109 -81 -228 43 135 159 -10 34 -30 -166 -149 107 -118 187 72 -114 197 126 -195 -143 -244 -98 143 -37 -58 153 151 216 -159 73 119 -146 -85 -196 230 -245 -243 -249 -234 238 -8 -185 -51 241 -31 -132 199 -33 131 -240 -69 -138 6 195 74 136 -104 -66 149 19 -208 -88 8 138 -182 91 46 115 133 -45 -161 26 -242 -23 -122 172 66 48 -164 50 223 239 189 94 -95 165 182 246 207 -147 76 -217 232 -24 -134 -9 -84 194 116 -128 75 68 -239 42 -157 -60 92 -140 10 -26 -167 -120 29 -47 -165 183 38 219 86 196 -40 -21 -248 -156 -99 82 105 81 77 -72 -151 -74 -34 -247 -87 192 98 234 -139 52 177 233 167 13 201 -54 -231 -215 -212 -211 -202 58 -191 229 -173 -52 160 71 -53 184 -48 -216 25 -13 203 -11 221 -136 -193 97 -115 -220 -222 -79 -25 145 235 -184 -180 87 -188 -236 247 60 -38 215 -129 -50 224 -135 -96 132 204 7 -67 96 -221 170 -63 -197 174 186 -177 49 79 -55 140 146 63 100 176 -68 -141 -144 142 122 217 102 163 -101 104 -148 178 -130 -46 173 -186 -158 -102 -65 166 214 -97 64 -209 -181 16 127 101 -154 -206 39 -70 243 179 -210 78 85 -175 93 -28 -224 -22 41 4 17 -113 -112 59 -80 70 69 155 134 55 200 57 -56 205 21 114 -71 -41 118 -204 -42 -78 -59 -49 -150 -203 193 -61 -207 90 -76 171 -32 2 -89 218 -19 164 -137 227 111 -92 -100 -198 -106 20 67 -189 211 -62 -213 -131 -233 -169 -163 -241 -229 18 9 220 150 -124 89 -183 -116 28 36 130 -27 -83 240 212 -172 -218 -123 154 175 -39 -108 -126 -44 231 15 -214 137 -73 180 108 -35 -82 249 -64 14 152 -194 3 120 226 -7 -219 -152 162 123 144 -91 -3 -200 188 -2 121 -5 95 45 -153 -160 5 -110 -12 128 -133 35 54 242 -16 -121 23 22 51 -15 53 -226 169 -201 -6 -174 110 -105 40 12 61 -232 -94 103 -111 -17 24 56 -125 -93 181 -170 -145 62 -178 88 27 80 -1 -29 222 113 158 -171 125 106 -162 -246 -179 208 
TEST 110 ARG:216 -133 141 119 -41 -218 -87 155 -86 -14 -103 -46 151 156 -75 34 117 -244 -36 45 226 -250 52 76 -85 158 35 220 -169 79 6 98 85 94 202 -197 -163 72 225 -12 -11 -93 25 126 112 129 221 -200 182 -91 -158 -43 186 -137 180 -35 -32 86 40 -126 56 -58 10 -81 -146 -106 -235 -45 -49 167 -55 -33 -195 173 -183 -54 29 185 -19 -224 -226 50 -140 228 -237 -10 -120 -18 99 1 -152 -170 -138 -220 -109 -211 -99 200 240 51 -248 -110 -72 93 -104 121 -30 189 -69 196 234 20 -196 170 89 -227 -175 28 249 197 150 -23 -115 83 66 -2 190 208 -122 87 211 205 39 215 124 109 -180 -3 172 -172 -225 -67 227 -206 74 90 68 -216 127 -239 -162 -207 178 169 78 3 -173 -166 -156 142 210 -114 174 -221 69 242 -131 59 -238 -7 201 -241 -123 15 212 -184 110 -223 -48 128 106 217 247 179 -71 152 -236 -79 132 84 22 -117 -179 -74 184 209 -219 65 107 -205 168 -210 -159 183 -100 233 165 -25 195 -94 192 73 -73 113 -233 -145 44 111 114 -102 -164 -6 -13 57 36 -212 -31 108 75 222 -24 63 218 246 -37 -101 -192 81 -165 145 -88 -231 -83 -193 -8 164 -17 -34 48 118 -78 187 -187 -136 -56 -203 134 -121 70 157 -134 137 62 -245 47 229 -129 -160 -51 32 -249 206 37 153 -65 43 41 138 143 17 207 -38 -127 -61 -111 -148 13 -232 -191 -176 -151 -105 101 -208 176 -194 -185 135 -217 -68 -29 5 -204 188 0 -57 -139 -189 64 -50 -40 80 4 42 -201 -228 160 103 -82 204 144 -97 -28 162 140 -182 53 55 100 -154 16 131 31 7 161 -21 120 -107 -80 -108 -90 -141 241 -76 243 191 -63 77 26 -62 18 248 198 -230 123 239 95 -213 -64 -132 12 -60 -171 -70 -177 116 14 54 11 -188 163 -155 -142 -47 177 9 -59 -199 -178 38 33 148 231 -20 24 -16 58 -240 -186 -118 -98 236 -243 -128 115 -116 244 122 237 149 -95 136 -214 219 213 2 -246 -22 223 -174 102 -222 96 -149 166 97 67 139 133 -84 -119 -198 -9 154 -124 61 -202 125 -143 -44 -229 235 224 -247 71 8 203 -147 82 193 -153 104 88 -112 -53 238 -135 -4 -15 -215 105 -77 -190 181 -92 199 -130 -1 46 -52 232 -234 -167 -125 245 194 130 -66 -39 147 -168 214 -113 -26 30 159 60 92 146 -144 23 21 19 230 -161 27 -242 175 -89 -42 49 -96 171 -27 91 -181 -209 -150 -5 -157 
TEST 111 ARG:-197 170 -87 -29 -227 15 98 3 83 215 193 -46 -237 49 -30 -199 99 66 45 -161 -72 157 191 241 -16 4 -179 -89 -239 8 -58 -79 95 -73 -155 -193 -57 -137 -103 124 150 -83 -68 138 -54 0 12 18 -165 161 162 -172 -40 234 125 -127 -71 -120 28 -201 -5 232 93 -183 69 -146 -118 145 -173 -163 30 -67 159 64 -53 137 22 -84 74 195 -219 101 154 10 -130 -140 160 180 67 -77 104 -65 231 9 -2 39 90 19 220 -156 248 -238 54 40 50 -1 65 167 -134 -159 119 -203 92 140 -202 -23 -81 -187 32 249 84 62 142 203 35 -114 -80 -198 24 7 6 178 148 -139 -195 -125 -126 -132 -92 41 -66 -223 105 -86 213 -166 -91 -145 -12 -76 237 -153 -37 43 -240 -136 129 -111 -62 -47 226 21 -20 -14 118 -74 -122 -52 14 -38 17 143 -232 -94 132 -75 -184 190 61 166 144 26 70 113 -194 52 80 13 211 78 -185 31 139 196 -44 -176 -246 230 -245 133 -119 20 -107 168 68 239 -55 27 -226 106 -27 -208 212 -180 243 77 -135 -78 -36 16 44 224 127 -43 188 97 -64 189 182 -33 -102 11 -168 -69 198 -39 -206 238 -188 -18 179 47 -214 58 -149 177 135 -164 225 -148 -150 37 -200 -174 -182 36 -21 -49 216 205 -191 114 -99 -241 91 240 -242 -100 -230 29 115 -133 -244 192 -11 200 -4 -48 165 -167 34 202 227 -247 131 103 185 172 -192 -8 102 -250 223 59 169 -115 -189 71 -142 -147 -225 -234 173 174 -128 186 -95 -157 -41 76 -24 -93 -138 218 -220 -113 164 -190 -169 75 5 221 57 -17 -61 153 151 55 -224 94 -231 -3 -85 -249 107 60 -178 156 -170 -141 -110 -215 87 -236 -60 -31 -88 -6 53 -124 88 100 219 110 207 208 -210 96 -248 -123 -216 -177 -22 -196 -56 -158 222 176 38 204 -154 171 108 48 -205 -105 -221 -207 81 -129 187 -9 197 155 158 -101 -212 86 209 -229 199 -25 -28 1 147 245 149 -162 -222 236 121 -32 -175 116 -50 123 -106 -186 -151 -160 23 -144 -117 33 -143 -109 134 109 -59 112 -13 130 -108 201 -204 -98 -45 136 -51 -96 -97 -217 85 -34 89 -121 2 120 229 247 228 128 214 244 184 51 -116 235 111 141 25 -70 -112 163 42 246 -90 79 -152 183 175 -228 73 -131 -7 -63 -181 181 -211 194 -235 152 233 72 126 -218 -171 -42 82 -35 63 217 242 206 -82 -19 56 -26 146 -15 210 122 -104 117 -213 -10 46 -243 -233 -209 
TEST 112 ARG:121 230 63 217 -192 -1 -97 7 -2 -79 -135 -174 -172 83 47 -75 -86 97 93 156 194 120 -153 -185 -59 -158 3 190 -193 -149 77 -58 -27 134 159 151 -215 -186 123 -202 214 119 -239 185 172 144 -129 74 67 -207 150 235 -231 242 216 187 66 220 48 -175 -143 164 231 -103 135 -187 210 -43 -205 20 -224 42 35 196 130 152 -50 -20 -60 -34 -214 192 51 1 177 -195 237 94 222 -47 -69 137 76 -170 -156 14 -77 -112 -144 -171 52 -11 202 -227 78 195 -176 -10 37 175 -29 12 -133 -134 -6 -236 -242 118 71 -105 44 39 33 -52 -28 -100 96 -155 -26 -179 232 -154 -212 -81 111 -55 57 168 -40 -37 -220 208 -210 178 -164 182 5 -150 -87 188 -125 173 -95 169 -177 -15 180 -230 85 -244 146 131 234 92 19 -61 21 103 -127 72 203 -83 -165 38 -57 -145 32 201 90 -173 241 244 -66 132 157 -116 -248 -209 -180 25 -35 -89 223 13 -82 162 -71 75 43 125 36 218 -65 140 186 -237 -194 -36 -49 -191 -56 28 -109 -137 -128 -238 -206 247 105 50 129 41 221 -139 -247 -162 236 -201 79 -32 -204 -199 26 -14 -148 -106 147 122 87 -241 46 -113 113 27 18 6 -99 181 -93 -17 -108 -126 -131 -147 59 149 0 -16 243 17 -124 -54 -178 73 64 -250 -30 54 86 -39 -63 -120 -233 -64 -159 82 -19 117 204 136 167 142 226 -74 179 -90 -122 238 -3 -44 23 -219 126 -228 138 -94 70 -166 -197 84 -136 148 229 -200 56 -234 -9 -221 -33 -102 -117 -46 110 -23 29 -167 163 -88 -222 30 -243 -223 -78 -91 198 189 -51 145 171 240 22 199 191 160 139 -211 -25 95 115 174 -18 -121 246 61 213 -73 127 108 102 -163 -235 106 249 -132 55 212 176 49 -203 -152 -41 -104 58 197 -146 -138 -189 112 34 89 183 68 165 -92 211 80 -107 101 -184 100 -84 -80 -142 -72 65 184 104 40 -42 88 -4 209 -198 -24 -7 -31 10 -119 -96 -140 239 161 -13 69 60 170 8 -48 -168 -246 -240 -12 -183 248 -225 -38 107 -85 -70 158 -53 91 128 207 -21 -114 143 141 219 -208 154 -160 -151 109 -181 53 -169 133 228 -218 -8 4 -217 45 -157 -118 -182 15 -45 98 2 16 -245 233 -229 -123 -101 24 153 -232 116 99 9 245 -5 155 206 -22 -68 -98 -226 -76 -141 -188 166 227 114 193 -216 124 -196 200 -213 224 205 -115 -67 -190 225 11 215 62 -111 -130 -161 -110 81 -249 -62 31 
TEST 113 ARG:-205 178 150 -26 -71 -73 56 -80 -51 -27 -67 -49 -70 -216 3 0 -202 -7 129 -88 172 -6 40 -38 101 -196 24 173 -115 -52 -248 149 -144 205 -123 108 75 126 61 19 -238 14 110 186 -242 45 175 -209 177 -44 136 -171 -212 162 1 220 202 -85 -122 -47 60 -91 194 -64 -163 245 156 86 180 65 166 -25 -114 -76 -62 8 81 30 -224 115 -66 -230 125 -54 -35 199 -203 -160 12 -96 215 224 -119 -34 -101 -77 -247 -184 84 20 102 47 243 -128 146 -5 -133 135 184 -105 153 -29 148 -3 132 23 -215 90 9 37 -185 -93 -177 198 -33 95 171 -140 100 -68 154 -153 -142 88 94 -132 189 241 -106 6 34 234 111 -137 66 235 -146 106 236 239 116 144 237 -226 -109 -206 191 -194 38 188 216 -4 92 -1 -60 159 128 83 -111 10 -78 -218 -46 71 -188 50 -89 232 -219 -228 -57 -74 -173 -102 97 70 2 213 -197 73 174 -23 -152 238 209 225 226 -56 46 51 138 -118 242 -127 18 -227 -169 123 167 127 -151 -208 -239 -180 41 -162 -240 -246 207 -30 230 -220 -8 -11 -170 190 15 76 -36 -134 -31 49 -236 54 204 176 117 -18 -241 -186 104 206 158 195 -158 -150 -235 161 133 -204 211 -126 201 -181 -92 -250 169 96 -172 187 39 -116 -237 151 244 -124 7 -156 -69 -166 -2 203 -214 -155 -104 145 155 -63 -141 93 -143 -103 164 -39 59 -157 80 -182 -198 -131 58 -50 -12 -231 -145 -20 62 43 210 25 140 -245 -90 152 -21 119 -213 -167 57 -117 78 -148 27 212 -138 -94 124 208 -190 121 -147 -81 77 182 -154 -14 221 193 -189 -187 -191 -221 179 -244 246 68 -87 -95 -183 -193 22 -24 82 -15 -75 142 -223 134 87 -42 -232 137 31 -136 -211 -176 -149 -217 -55 42 36 44 29 53 74 130 240 112 -58 -165 248 -98 -65 55 183 79 114 32 -107 -234 -175 113 -112 -108 -195 -19 139 109 98 227 -82 196 228 -249 -129 -100 72 -59 35 -161 218 -125 249 -48 105 -28 21 160 11 -139 -13 120 -192 -210 -199 -84 -22 -32 85 67 48 -40 16 89 99 -130 -179 -37 64 223 103 131 26 -53 33 -43 -99 231 -174 4 -113 91 28 -164 52 63 197 200 181 143 -86 163 -200 -16 107 -120 -41 170 -45 -135 -229 214 185 -222 -233 -9 -97 -121 -207 13 165 247 141 122 -17 157 17 -178 5 -110 -168 -61 -159 -10 219 233 -72 -201 -225 69 192 147 -243 222 229 168 217 -79 -83 118 
TEST 114 ARG:153 -185 66 121 154 -242 36 107 163 246 81 -120 109 -67 191 -103 168 -142 -75 20 -121 -234 115 -198 -102 149 85 -19 -134 140 87 -204 197 -150 2 126 152 -183 -179 -10 134 -106 214 62 -99 170 16 45 -161 -155 86 198 209 146 138 -33 -158 9 249 141 -235 -100 108 94 -220 192 164 227 133 -248 24 -60 7 178 150 -182 147 -14 -174 -5 186 125 28 -36 -250 -54 31 142 136 189 27 -116 -57 -96 3 46 -126 -186 -16 101 92 5 -2 179 187 40 241 -249 -48 -197 -177 -95 -212 -107 169 75 34 69 -136 -206 122 65 196 -20 -171 -65 -9 180 -139 130 72 -191 -94 127 -236 -109 -165 -46 139 50 119 219 79 216 114 42 242 204 181 -170 202 -200 144 -76 123 -164 -78 105 -122 11 135 19 248 -226 -148 -31 -40 -66 -241 194 -27 -58 -123 13 -221 -189 195 -166 -187 -83 -87 -143 166 91 -244 -218 1 -112 -149 -52 116 237 -141 229 228 -176 238 -137 -118 22 39 12 173 165 185 160 193 208 220 117 158 37 -110 -34 -13 -216 -29 8 -37 -39 182 95 120 -181 54 -217 184 -202 236 -92 -172 -209 161 167 -230 -41 -192 90 -50 218 171 -80 44 -44 -6 -157 211 222 205 -232 -245 -210 -91 -128 96 -74 -115 235 -190 -79 -153 -178 -224 74 110 206 98 -45 225 143 -188 -225 -53 26 -17 15 49 221 52 67 80 -70 -88 -132 231 247 224 -42 157 -55 -213 -160 83 -219 -247 -108 -63 -124 -61 -49 -38 58 -51 48 76 -133 -62 -237 -203 230 112 18 207 0 -8 175 -231 30 -144 -127 -145 -146 201 88 -86 -227 156 188 -93 -30 124 -154 -169 -119 -90 -175 68 -184 -199 -98 -47 223 -207 243 174 176 -180 -56 73 4 -89 113 38 217 -246 244 -223 -26 6 57 -73 -85 -240 32 232 118 -22 145 128 78 -84 51 -117 63 190 -28 -18 -239 155 25 -130 -3 210 -114 14 -111 -77 -113 -163 -243 213 102 245 -168 -125 97 -71 226 234 -15 -196 -222 199 103 60 -68 -1 35 -129 89 64 -152 47 -228 59 93 -35 43 70 84 132 -147 -97 -69 -151 159 -82 -229 61 -64 -59 10 -101 -195 77 17 183 33 -215 151 239 -193 200 100 -208 82 -201 -214 137 -21 -156 -167 -43 -131 -140 -25 111 56 41 -12 21 53 -233 106 -24 -81 -194 177 -211 29 23 -72 -32 -173 -238 129 233 -4 212 131 55 203 172 104 -23 -162 162 148 -105 99 -138 71 -11 -205 -159 240 -104 -135 -7 215 
TEST 115 ARG:74 -75 -123 101 -25 49 161 55 93 246 -110 76 -216 221 -59 160 -76 207 -228 15 -242 -50 -8 -208 247 -102 -204 198 -72 7 162 66 113 -119 9 -162 59 154 4 85 -211 -217 -31 22 136 11 44 205 184 189 -65 -135 155 103 -88 -212 144 26 -12 112 -95 199 99 -192 142 -179 -131 -250 118 -9 -84 -55 -166 -51 38 88 -142 -21 149 86 135 61 31 -24 -112 -171 233 21 197 -19 1 -3 53 169 -196 129 -139 -151 171 -245 190 -113 -23 187 -49 -180 127 102 -183 -141 -158 37 206 239 124 41 236 138 -163 219 -100 167 -104 195 237 209 -153 139 229 -85 14 -54 -213 -133 157 -34 16 -209 -128 122 241 230 121 -35 -148 191 -140 -167 -77 -219 -28 -244 107 18 -62 220 -175 -137 32 -48 72 -154 -194 -60 242 -32 5 81 30 50 8 42 143 -27 -6 -193 97 109 57 -120 166 80 181 182 217 91 58 222 54 148 156 137 -189 -233 163 84 -53 -13 48 -117 176 -223 -222 -155 51 223 -44 234 -26 125 -221 170 -230 -73 -61 69 235 -121 123 77 141 -177 -145 165 140 -159 -98 -33 24 -215 -184 185 -243 -149 133 -210 -240 201 200 -69 -227 45 -114 -99 83 -199 -201 -82 214 -182 115 -10 203 -81 175 -134 -14 62 -41 -229 68 -195 -43 -249 -16 -29 -247 210 -78 -116 -235 56 43 -124 -4 -36 119 -111 215 108 -90 -150 -164 -126 -190 60 40 116 -197 28 -173 100 232 -92 -203 -156 78 64 -91 245 -58 65 -176 227 -22 178 -1 -80 82 110 244 -103 -187 130 158 -224 47 159 131 -238 -236 168 -46 96 27 -218 -136 -188 -15 -105 6 -5 -130 -231 87 153 95 -38 146 -161 34 -225 -186 -79 -40 145 173 39 35 172 177 -122 -2 -74 2 52 -178 -37 -18 75 126 3 -57 -160 -202 -87 19 193 -226 71 212 -67 -101 -169 183 -239 -70 -132 202 188 120 194 -115 -11 -97 90 105 -63 213 -246 -200 -147 67 -7 114 0 248 -174 -71 -205 151 -45 228 -191 -30 -129 -107 104 -93 -83 29 92 180 -144 -109 128 218 -68 12 225 -108 -94 -168 174 224 216 -106 132 -64 240 164 -207 196 73 208 63 -241 94 -127 238 -118 -185 -89 -47 -143 -125 17 23 111 -86 36 231 -52 -237 179 -138 10 211 79 -157 152 -172 -206 -66 70 -198 -152 -39 192 -17 -248 46 -220 -96 106 -232 -181 98 -56 134 204 -42 89 -146 117 243 13 -214 147 -20 186 20 249 25 226 150 33 -234 -165 -170 
TEST 116 ARG:6 -190 199 -248 -37 -215 -223 -14 94 55 -133 208 223 52 -75 -134 200 -139 84 40 -142 -234 164 -121 29 46 151 112 -34 82 -186 -81 -100 144 233 172 53 97 156 -209 -226 -82 245 -93 138 -104 104 -92 -28 136 -239 -111 71 -45 140 3 -195 -179 33 27 -241 -135 -235 -160 -154 -87 149 77 91 -83 -183 207 47 155 26 9 -74 105 115 152 -109 126 -58 111 -166 -3 139 -76 10 79 16 -250 226 88 195 173 78 -86 -218 160 -188 -98 -233 -65 -237 -88 241 -194 -131 186 130 -120 158 -208 -51 102 -2 153 -145 133 -180 232 -192 86 -144 -136 -84 18 212 134 -159 192 -94 12 -91 137 -126 95 117 -170 23 -67 -217 193 231 119 211 -107 87 -158 20 -249 -80 -11 238 65 -36 -206 -236 58 92 -181 -6 -123 -59 -31 129 -77 -214 170 209 225 -119 178 -169 -64 21 108 127 101 80 -177 -219 -213 229 176 -115 -50 131 -127 -110 174 -25 -70 -38 146 57 -102 165 -228 -152 66 -240 234 -24 124 244 -49 -54 -197 222 204 -117 -151 -168 220 210 76 -245 -46 203 -230 75 116 31 -129 -7 154 -4 161 206 0 -231 -48 -90 99 -106 109 35 -116 22 -130 -69 -184 235 -128 218 239 -71 73 -229 237 103 227 41 -47 147 224 49 -202 -89 -52 -242 162 -56 196 72 67 -29 -193 175 143 81 -124 -173 83 61 230 -108 -12 -22 -205 24 -221 166 -238 -17 -112 168 -15 -176 -171 132 -32 -163 -55 -198 -203 198 -57 -141 93 -30 -143 188 120 246 -66 -212 -85 89 -118 43 4 122 -78 189 -19 -201 -113 150 -21 -156 60 185 -246 171 -146 -39 249 217 -225 179 221 1 -10 240 70 -62 -199 13 -103 -207 11 -97 -200 14 -13 -96 202 69 -247 215 34 -204 -27 39 90 -147 -9 -101 59 121 -79 -125 -35 125 -161 -23 201 -149 2 247 -164 -72 163 -122 -191 -40 42 167 -244 -216 30 148 228 32 -95 -140 157 187 107 113 -165 142 -224 -220 56 114 214 -42 128 -155 -175 -61 -138 -137 44 180 219 -63 51 -182 -187 19 -227 -20 -26 181 63 182 96 -114 -153 37 36 -157 194 5 183 169 -8 248 191 -43 197 -211 -185 62 100 15 216 -167 -44 205 141 -222 135 98 123 -162 -99 17 -73 213 242 38 -18 -174 7 -33 110 -41 -148 45 64 -172 -105 74 -196 8 -210 -232 -150 -5 106 85 159 236 -189 118 -60 25 -178 -16 145 48 -1 -132 68 177 54 -53 190 243 184 -243 28 50 -68 
TEST 117 ARG:-108 151 205 -236 -206 -57 -175 -2 91 66 -202 245 236 -31 -79 -182 -115 241 -176 -26 -36 136 -125 -61 -217 139 147 34 170 17 -159 84 -100 129 132 -34 23 -161 -40 -223 39 50 -93 -154 219 -136 178 -180 -174 -41 -52 -168 -164 128 162 190 -97 193 -124 -249 90 153 -113 29 93 25 77 -128 28 -84 183 163 118 2 202 -169 211 -246 -6 -90 47 101 -212 208 52 117 227 220 114 -133 -25 -158 49 -87 -181 -70 210 200 149 85 -39 -229 232 -9 -118 -215 217 -99 -250 -117 -101 160 18 123 -134 -18 98 143 146 188 -24 -211 -32 -130 -138 -227 204 6 140 -44 -162 135 -131 -80 -63 -30 223 -132 -186 168 -187 234 -20 184 13 32 -46 161 225 172 166 206 53 -22 248 -165 -228 238 -76 228 -109 -234 233 115 -123 224 45 -231 -116 111 26 -51 36 -230 -241 -144 -21 -148 186 22 242 -179 -91 -98 226 67 65 -237 -54 -68 -200 167 8 16 -197 -209 -119 194 38 148 -58 -67 89 102 21 164 -47 -92 -247 -210 -107 -60 -49 -15 130 -11 -191 48 180 -37 155 -163 108 -190 97 181 165 78 51 24 -82 -147 -126 150 -122 -86 -96 70 83 1 -45 196 15 -185 230 122 82 57 152 19 177 -43 192 207 -12 -129 -220 -88 -17 44 3 214 37 243 -10 -248 -142 237 133 134 126 -219 -14 -195 169 35 -160 222 209 -149 -167 125 235 -193 -120 -141 100 -35 -242 110 -121 -204 247 221 -71 -8 141 -233 -81 -66 157 -194 176 -77 -232 -145 -221 185 -83 -218 171 59 56 131 -152 246 189 -16 127 -245 33 -69 -244 -196 -110 -172 55 11 -155 107 182 99 -150 -85 -62 73 -7 -28 158 -222 -239 -192 -184 -199 144 249 75 -135 156 -75 7 174 80 4 138 -111 61 94 203 -38 -114 5 109 74 197 -106 -238 137 -53 -55 -137 92 104 -4 187 10 175 -157 62 113 142 -23 12 -27 -139 42 -1 159 -48 213 31 -78 -240 -203 43 -153 -208 191 116 -64 -151 58 154 -89 -177 239 120 -226 88 -33 -140 -19 54 30 -95 -94 -216 -235 -224 -72 244 -225 14 -178 -74 -42 64 124 218 -29 173 -207 76 -213 -170 -73 0 -205 95 -183 198 46 -166 -201 79 -3 20 86 9 -243 -188 -103 195 121 229 216 63 27 -65 71 60 -13 69 -189 72 96 40 -146 145 -5 179 -104 -50 106 -105 201 -171 215 103 -56 -156 -173 81 119 -59 -214 112 212 -143 -102 199 41 87 -112 231 -198 -127 240 68 105 
TEST 118 ARG:-82 93 123 -134 199 -10 -27 -218 -41 -193 11 -171 192 -192 -189 106 -20 -40 -124 114 206 177 194 131 9 -178 -238 129 112 -190 -86 -59 -199 -98 -104 109 -212 -214 -84 -48 153 82 14 63 162 -166 105 -108 124 -21 236 108 -201 -64 -173 -139 193 99 61 48 -228 101 -88 29 83 -111 97 144 -175 -91 -45 -100 -153 103 -200 244 -11 100 -249 127 158 -129 -56 -71 -142 227 -29 -210 -115 147 183 195 -174 143 218 -123 111 -216 -128 57 53 -133 60 -191 -197 -154 -215 171 76 245 126 -145 -187 246 59 78 66 -95 204 221 -121 174 -188 54 134 -49 7 98 -81 -72 -32 50 -65 -2 -15 154 44 -226 -245 138 212 198 -222 -122 -224 -147 -223 243 116 -6 215 179 -22 67 -250 -117 -167 247 142 -163 -16 51 225 -74 168 -70 -229 -19 125 72 176 -203 180 163 -3 172 185 -23 -51 25 94 -77 -31 -126 90 62 217 -165 87 -237 182 -148 -26 128 -92 -34 -164 190 155 81 -177 233 197 232 -231 -248 226 -169 149 -179 -57 -230 -198 56 -232 16 58 230 45 -9 36 -53 237 -196 92 -73 26 -183 115 241 -113 42 -78 3 -76 35 -127 -89 38 -213 122 1 21 -39 160 146 121 -181 -170 240 167 223 52 -211 -144 33 8 -79 -12 -156 -44 -205 20 222 161 18 -246 -143 202 -66 68 151 -54 -236 165 77 141 -67 -160 110 159 70 130 210 -33 91 -204 -30 169 13 -137 -7 186 178 85 -180 -209 15 175 -132 -155 242 -182 208 157 188 -168 40 104 -157 -125 -93 -50 -186 -240 41 118 -119 -110 -219 39 -141 203 49 173 -114 -161 -149 -130 -46 -102 -101 -90 -36 -61 -135 86 -38 -35 95 207 19 5 6 -17 136 205 47 23 -105 -241 -13 -116 -194 140 88 -18 -118 107 43 189 -5 137 64 -184 219 200 148 152 -1 -107 -217 -96 30 55 -103 -150 135 65 228 -242 -185 -234 -140 71 -52 170 -136 -43 75 46 74 -112 -25 89 132 133 150 -120 231 201 22 -63 -195 196 34 -85 164 -106 -69 249 -28 -247 209 4 224 -8 -58 -243 -244 96 -24 181 -131 69 -208 166 229 -202 156 -207 -172 -158 -47 -162 -75 -62 -176 10 -233 216 213 84 239 248 -159 -221 -235 -94 -60 27 31 191 187 214 2 80 17 24 -225 119 -138 113 117 139 235 -87 -206 32 -239 184 28 -4 73 234 79 37 -152 -99 12 -109 238 -83 -42 -37 -80 -220 120 211 -227 -55 -146 -14 -151 145 -97 0 102 220 -68 
TEST 119 ARG:187 -154 195 115 -182 -219 50 235 59 246 146 -205 -120 -28 -136 -188 -61 -63 -11 101 -56 161 -228 23 131 45 -101 113 -7 -186 242 237 -87 227 -161 -125 -166 6 -57 -37 -1 210 221 169 117 -110 203 -163 -218 -145 -6 -113 172 -170 -49 69 65 -85 67 229 -78 74 -34 -123 21 -141 209 120 190 -66 20 108 103 -146 138 -58 -94 -181 155 27 -53 -155 55 -151 -36 -173 248 153 116 -21 133 26 78 82 158 -156 -74 191 66 -46 207 -152 -129 219 -77 159 -220 104 86 -92 249 -25 -71 73 -26 -18 -223 212 183 128 -180 14 226 -150 39 -118 168 -88 -55 -211 -24 -3 -103 94 4 -100 199 15 42 -159 76 125 165 71 -30 236 93 -22 -178 150 -39 233 140 -111 -65 17 -209 -184 -54 -52 185 -153 244 143 -196 -243 -14 -5 180 189 100 -162 -107 130 -60 -135 19 -126 10 240 -40 2 112 -137 -43 -245 -68 53 -27 5 -134 194 215 18 -105 -89 211 -158 182 204 -17 8 -80 111 92 -249 57 -231 135 75 -106 -35 -241 -114 88 83 -93 -4 174 -165 206 102 137 164 96 -104 -69 -97 -187 -72 52 -185 239 81 223 46 -207 -81 201 225 160 123 -99 218 34 84 -29 232 -206 208 -76 238 77 -140 35 107 -75 -230 -169 230 58 220 3 200 121 -119 -242 247 245 149 -84 -200 -15 64 47 -142 90 136 213 -199 216 197 -9 -83 -124 12 -144 167 0 95 -130 -191 -190 -229 166 -2 -239 -50 -213 -183 36 -79 106 198 -19 192 97 -10 181 -250 79 -168 -164 157 11 -42 118 234 231 127 30 70 148 -98 179 9 156 31 87 25 -31 -132 -222 -224 -204 41 -41 -70 -227 154 38 -203 -8 22 222 186 119 139 -122 -236 129 40 -20 145 124 56 80 51 61 48 13 -59 173 -116 152 -221 -174 -38 68 99 -208 -179 -189 37 -248 -115 -160 141 177 -177 -176 144 -217 170 -62 -48 -198 -232 110 -167 -143 243 176 -233 -86 72 126 -90 -216 -171 -16 -193 -235 -45 33 24 63 32 -67 163 1 109 -148 -51 -127 202 -109 178 89 151 -172 -32 -244 241 -210 -102 205 7 -226 -64 175 -157 188 196 -96 85 162 62 -133 28 -147 54 -33 -47 -215 -225 60 171 -91 -112 193 -23 -138 -175 -44 43 184 -194 114 122 44 -237 -234 -128 132 -108 -195 -247 -95 -121 -197 -131 217 29 -13 -202 -82 142 98 -212 -201 -149 147 -73 -240 49 -139 -238 -192 214 16 224 105 -12 -214 91 -117 -246 134 228 
TEST 120 ARG:-215 112 -59 -140 -178 162 128 -128 38 -123 -101 175 17 -69 -119 239 -106 -175 -249 155 -202 -143 98 -47 -174 227 183 219 165 74 77 34 -45 80 43 -156 164 52 -206 -242 135 103 59 -75 153 -234 247 -138 -241 -79 244 222 169 76 -13 -56 163 -118 32 -91 -212 229 241 -136 211 147 -225 136 96 51 172 186 -160 -17 -191 -70 -109 -200 -196 -100 14 233 -224 223 -110 -223 -103 -117 -232 176 243 -244 -116 -72 -95 -86 46 -183 3 5 1 -28 140 9 -199 91 210 -7 189 -114 121 -83 144 -171 16 54 -23 -6 73 -219 133 208 -19 161 159 -104 245 23 -238 86 200 137 -226 4 -146 -159 -80 -208 206 234 248 178 -113 -34 37 -129 157 238 -151 151 -51 30 220 -4 -26 40 -216 97 -250 -187 -132 102 -133 100 -214 -162 -157 111 -42 139 -210 27 152 99 61 11 -125 83 -115 -112 0 -5 18 205 -40 -248 240 197 -204 -135 125 -43 -77 -147 216 -50 -107 190 -88 -63 166 -194 -38 -90 -44 -66 -97 33 -67 92 -126 -131 107 191 -61 -73 231 -167 -173 213 138 82 -60 67 -203 224 -55 10 -24 -245 -9 -121 -221 -165 -98 20 13 -1 221 -64 49 64 75 62 -154 84 160 -87 -41 130 232 87 70 170 -78 -22 123 174 131 63 -84 89 93 -230 156 -82 -18 -150 -93 -233 -166 -177 134 132 -16 -237 -29 236 19 90 -54 55 167 41 202 22 -139 -53 -37 195 -235 242 -246 -164 -52 101 212 15 -92 45 -205 -105 -247 -141 -198 71 -155 -152 215 -217 -209 141 -137 -62 -149 173 -240 50 -243 -124 -85 66 -228 -96 -57 -130 -192 -142 -197 171 118 -111 230 -180 113 -188 -127 -14 119 -145 -68 -190 26 85 179 78 -2 142 204 44 79 235 198 184 154 -144 201 -10 -89 56 217 -176 2 237 6 -185 -179 143 -189 -74 -36 -76 -35 196 168 249 -134 120 187 126 7 65 116 -25 -30 192 180 57 228 48 -27 35 109 209 81 -229 -32 -239 145 246 203 -193 -31 -184 21 158 -39 -153 -158 -168 8 199 36 -231 -8 108 185 60 -182 -148 104 95 31 150 68 -211 146 -213 -120 127 -163 -170 110 -108 -122 -102 124 -172 -21 -201 -20 29 -99 218 53 105 39 182 -181 -15 129 12 25 -94 188 -227 117 207 88 -236 193 -71 -220 194 -65 -58 72 225 -207 114 -186 226 47 -195 -161 24 122 -169 -33 94 -11 -81 115 -48 106 148 214 28 -218 -12 181 -46 -3 -222 69 177 42 58 149 -49 
TEST 121 ARG:-203 -195 -152 151 -184 -181 -6 244 248 146 184 -205 -93 236 27 -77 97 -125 -197 -194 117 111 -201 -111 57 -188 213 -24 -37 38 214 4 98 -235 112 19 -102 72 14 64 -212 199 -81 -38 22 -66 12 170 76 52 229 29 -198 121 178 -49 70 -157 -16 -162 -109 165 -207 -217 74 211 -189 242 129 -79 -57 188 -63 114 207 153 -247 -240 -100 197 -106 -202 155 -192 -218 -155 55 147 238 -200 -143 71 -82 191 203 -71 -127 106 209 -208 192 62 168 -170 -75 -171 217 -99 -159 221 -90 -88 -26 136 -211 -231 -229 -177 -151 231 -58 198 -199 202 182 243 -248 225 158 125 -118 -144 24 166 -15 -22 31 130 -91 -190 -216 -145 56 -67 -23 -179 -172 113 -186 39 162 -103 218 116 164 -46 131 -97 -115 201 -133 185 0 -244 -47 -165 204 194 65 104 -164 142 -182 139 99 34 49 -29 5 143 246 61 -123 2 59 -69 -167 -117 -4 -65 108 247 -130 183 50 51 35 -55 -147 128 18 176 -149 -132 -146 102 -7 21 167 239 90 -128 9 -237 16 118 193 -86 -228 66 175 7 -158 -142 63 224 190 -233 230 -3 -10 -135 -85 -193 -20 215 -76 -5 -222 -220 216 -185 79 -12 83 180 195 30 -80 42 -56 234 -27 -25 84 -126 10 -98 -101 -154 45 -114 -161 86 150 -13 133 96 -122 37 91 -33 20 -134 145 80 205 -34 -210 163 210 -21 94 -169 -96 200 26 -225 -70 -32 -120 240 177 -243 140 169 245 232 -227 115 -178 11 -116 -187 28 127 -108 -62 -105 235 -139 189 -224 17 -174 -204 -221 -94 -213 -183 187 15 -236 157 88 81 6 -48 -45 132 69 -215 123 25 156 60 -31 148 -74 -140 92 67 208 206 -196 95 124 -19 -191 110 -234 -136 -11 54 137 212 135 -54 82 -156 8 -249 -92 89 237 -83 174 -230 -44 36 -113 109 -148 223 32 -14 -119 68 -238 196 -163 -89 249 -30 -73 -95 219 160 171 227 241 -59 -68 -232 159 152 -131 228 -138 122 93 154 -112 -64 -121 -242 149 -51 58 -141 -214 101 3 107 87 105 -104 -60 -43 -50 85 -150 -72 -180 -87 23 226 -41 -9 13 138 -250 48 46 -18 -2 -206 -107 233 -84 181 -42 43 -223 -168 75 44 -246 -52 -176 -160 33 -17 1 -129 -1 -40 -36 179 -239 -124 -153 78 172 -53 100 -241 77 -28 220 161 -110 -35 126 119 73 -78 -175 120 40 222 134 -226 -39 173 186 -173 -166 -61 -245 144 -209 103 -137 -8 47 53 41 -219 141 
TEST 122 ARG:-52 245 161 -235 148 153 -213 108 -250 210 160 -156 75 126 9 159 -132 59 46 -181 15 169 -84 -249 91 96 113 242 123 -201 41 -119 40 -79 195 74 209 217 182 2 66 -76 -120 -34 -143 -88 -71 -140 -232 228 120 -203 104 147 -209 -58 -227 102 -8 -145 196 29 -149 25 118 -150 -80 -13 -210 -35 -199 -111 132 158 -135 107 172 -109 -221 3 64 19 60 127 -37 -229 -38 200 -116 183 44 -108 -178 239 179 237 -63 230 35 -85 24 -91 4 -222 89 -216 212 109 -57 -214 28 100 122 -115 -241 175 -15 -193 163 136 176 -246 218 -164 76 -247 -158 -53 -32 238 174 62 -30 -165 -182 -98 168 -74 31 -184 236 208 221 -195 199 78 -117 150 -10 -99 -46 144 -248 68 -113 21 -207 -141 -87 -176 225 167 -100 -60 87 -95 -27 -62 211 207 -92 23 69 145 8 -180 -148 -122 121 -64 206 27 -191 -185 -154 244 -223 -17 -121 187 48 94 -245 -188 -142 0 -218 67 -16 -81 -51 38 190 -89 -153 -206 205 43 203 -39 -103 -75 36 -198 -170 -126 -152 -151 -125 -66 -31 -20 -96 -138 -162 135 -202 -112 -19 20 198 -77 181 -233 201 124 95 130 162 -72 61 110 -49 99 -194 -50 30 -130 165 -97 -147 134 231 93 112 -192 243 -160 117 133 -236 13 -68 -183 -36 -230 -166 -21 -167 32 -128 42 247 -217 33 11 77 70 -129 -45 26 22 -133 -187 56 192 88 -124 164 -238 5 7 -175 -26 141 -29 193 -73 53 12 52 83 -177 -225 82 214 -190 248 -144 73 226 -200 34 -123 10 -4 -237 -67 -136 -174 -242 -3 151 139 105 170 37 80 97 229 137 197 111 -90 184 222 166 -168 -2 -208 189 -12 186 -224 -226 14 -93 49 -212 143 -54 101 194 -234 -169 241 -48 -179 84 -14 -25 -159 216 -189 114 92 -23 142 -7 131 224 65 202 39 -239 138 155 -137 -47 103 -55 -61 81 -22 -6 -101 -28 50 86 178 -196 16 -9 -127 185 -146 -215 -1 235 -102 45 204 219 223 -43 140 72 240 63 -134 -42 -107 227 -118 -240 -78 55 -243 51 -131 1 249 98 -41 115 -110 128 234 152 -69 213 -228 -11 -56 -83 156 125 233 146 119 58 -161 157 -44 -157 173 79 -231 -114 57 -105 215 -186 54 220 -40 6 -173 -163 -94 149 -59 -33 -220 -155 -18 116 246 -205 -244 90 154 129 -197 188 232 180 -172 85 -211 -219 -5 -204 -139 -104 -70 17 -82 -171 191 106 71 18 171 -106 177 -86 47 -65 -24 
TEST 123 ARG:249 171 -61 101 13 182 14 172 -105 86 -244 -35 212 81 -138 32 -6 233 -96 -59 -140 51 234 35 -154 119 -203 138 27 75 152 -216 66 -14 -190 -237 -46 15 12 120 68 37 -180 -241 -235 124 -30 213 -124 224 18 -28 -67 22 17 34 21 -43 188 -201 221 -71 76 -38 48 110 50 -221 -41 116 94 -184 39 118 -145 65 31 82 4 -231 208 -210 11 -175 -114 162 -152 -141 92 -242 149 -109 136 131 164 -130 -156 211 -116 -147 199 -88 -27 -168 -123 125 29 165 -90 49 -146 -151 53 -136 -155 102 167 77 -125 1 107 -26 -94 -170 146 216 -238 -214 -87 -189 157 -144 166 6 61 235 -229 30 -218 190 200 97 -188 89 -197 -196 238 -137 -66 2 64 91 159 205 -173 -149 176 151 239 -128 -199 -73 -185 33 -112 130 -7 106 174 25 -16 -134 -220 -245 36 -74 59 85 -122 -95 -72 -107 197 20 -21 -167 -174 -246 -9 -172 -166 231 -182 219 198 57 8 -202 -80 -47 105 43 247 142 179 95 -135 83 46 -50 -52 -159 -219 -33 240 24 0 26 180 109 248 202 -22 195 79 73 -68 169 -195 -247 -206 -70 -177 -183 -106 230 -110 137 217 226 -132 96 90 -205 -248 41 -45 -129 -100 10 -76 -212 -23 -126 -207 112 -211 141 246 -208 -165 -227 -209 69 -99 135 181 -230 28 -56 -162 -64 204 140 218 -44 -40 -55 -15 128 -192 -62 -102 175 -11 98 7 225 150 3 156 -18 -101 52 -83 144 -60 23 232 -239 185 -171 -69 -32 237 9 -233 192 -198 -234 245 67 -204 -243 -13 45 71 187 -77 80 132 -25 63 191 -51 103 58 -34 -4 196 -186 -3 214 -200 139 134 -250 -97 -228 -1 -20 -53 -163 -81 222 220 160 -213 -42 153 -75 -49 -187 -31 184 5 186 -178 84 78 129 189 121 74 -215 242 -24 193 60 -223 72 -133 194 100 -119 -143 203 145 227 -103 -36 223 -39 -127 -63 206 16 -108 209 -169 -19 111 170 158 70 -54 99 -224 -193 163 183 -92 127 148 -58 93 -217 177 -222 -181 243 38 -139 88 147 -12 -160 210 -117 -65 -179 -48 -191 229 -158 -37 -148 -225 244 42 -29 -104 -91 -78 -82 168 123 -240 -89 -176 114 -120 173 55 19 -142 215 -157 -111 -79 -86 -226 -8 -115 47 -118 54 -113 108 -17 40 -10 56 161 201 -98 155 228 143 133 87 117 -84 44 -5 -57 -121 122 113 236 -161 154 -2 115 207 -85 104 -131 -150 -232 178 -249 126 241 -93 -153 -236 -194 -164 62 
TEST 124 ARG:99 -161 146 -3 193 93 -103 212 177 41 -204 68 174 194 248 97 -46 -185 39 -1 94 121 -140 83 -84 227 125 134 98 -56 -189 -61 -30 -170 -20 -86 18 -54 -6 236 -41 9 12 -242 -225 148 15 -29 29 48 -53 165 176 -143 -127 -193 85 -40 150 229 -121 -182 219 43 -64 133 91 20 79 220 -208 -180 -171 171 -51 -79 88 -114 -57 -199 -231 139 11 -209 164 240 64 -249 147 70 -89 -230 100 -11 -203 215 72 135 223 -47 -206 38 92 -142 201 -32 -226 -87 66 -122 -221 182 -167 238 -10 -111 183 -152 167 -100 81 143 213 -159 -133 108 179 244 226 90 -172 169 140 113 -126 129 155 -13 199 -96 -190 -45 -215 -197 110 50 104 -110 195 232 -43 -131 -50 192 161 -58 -66 235 230 -181 205 -14 107 -62 -65 -191 -106 -105 -112 16 55 234 -2 117 -229 136 30 -24 -77 -212 36 210 5 126 -169 58 239 -99 -31 -217 10 115 145 7 -109 -27 241 -136 -16 109 -129 -213 -23 116 13 106 -220 -22 -19 111 -186 14 -176 -173 -248 -174 175 60 22 87 -18 49 -247 -124 -218 151 51 127 -164 -85 -194 141 -116 -17 178 -92 123 24 -12 -153 6 86 -115 157 46 -202 -232 156 225 33 57 190 71 -223 -135 61 -34 207 -234 80 -145 -48 196 -158 159 -195 78 89 170 -178 160 128 -151 -244 -35 -233 185 -246 112 -38 -235 -207 186 158 -94 0 -74 34 -125 -83 -155 26 162 221 188 -78 74 -9 84 -177 -26 242 -21 198 166 149 217 -138 -15 -224 119 -97 246 -75 -101 -128 -91 -157 -175 -198 -71 -7 37 191 21 153 -163 -82 76 -120 -37 124 -210 -55 103 122 -201 -67 203 -243 45 -80 -184 137 -72 42 69 163 216 118 211 -156 -130 154 -119 -117 -98 -237 208 142 130 -216 197 32 -148 144 -76 -154 96 181 -60 -179 228 152 -183 -36 65 17 -90 63 -227 1 173 -238 -250 -107 231 -168 -222 -8 138 -241 206 132 -187 3 -28 -39 180 44 -88 209 -63 -147 -68 102 -93 -123 -49 105 53 224 101 59 -146 -52 35 200 -81 -69 82 -211 -95 -144 218 -134 -139 214 -165 -141 -188 204 247 62 67 243 -108 -25 184 237 -104 56 -42 -236 73 -73 -214 187 -113 249 54 25 40 77 -149 202 -205 4 -44 -102 -192 47 131 168 172 2 -200 -70 8 -150 -132 27 245 -118 -245 189 31 -239 -59 233 120 23 75 114 -240 52 -137 -33 -196 -166 -5 -4 19 -160 222 -228 -219 95 -162 28 
TEST 125 ARG:-241 72 51 -47 -101 208 41 174 -157 9 76 -218 -33 -120 129 -233 -200 -202 228 67 -95 58 -159 132 -57 -158 -171 -135 110 -12 143 246 27 106 -224 46 34 -212 -40 248 2 48 100 -242 -70 -13 -235 59 -180 -18 91 -188 139 140 238 206 88 114 -163 -238 229 -85 164 -61 -138 176 14 -155 -246 -134 167 -128 -165 74 -8 -112 -39 -7 44 -76 -240 10 -43 -143 23 -231 -81 148 128 6 145 197 -249 -66 63 141 -201 -24 -222 180 -187 -41 -83 -178 -208 220 50 -2 -210 -149 -164 -89 -30 -86 71 83 111 -176 -46 -111 146 -118 172 178 69 171 62 169 7 -203 35 -192 -63 -198 -129 102 -168 179 -250 61 -49 207 -213 -96 161 -160 -205 -78 -119 -232 -56 155 -31 -55 108 131 121 219 8 49 -211 249 194 11 196 -19 -45 119 234 -181 -34 -54 68 162 -172 -216 -145 166 -142 103 -227 -191 20 125 -23 158 204 -48 112 217 -59 24 56 1 -122 -103 31 -107 152 127 239 75 116 156 4 -226 -36 -177 235 -151 -114 -102 195 -5 -127 -116 -108 202 33 65 52 -22 154 43 157 -104 184 -131 21 173 -15 192 107 -52 81 77 -25 -185 232 124 29 218 -175 80 147 -236 82 -133 115 -50 244 -9 -140 79 92 200 226 -80 36 216 237 -153 -239 -124 -115 -69 163 -141 -28 -44 187 -179 149 -97 -11 -20 -204 -6 135 -130 -75 104 -223 188 165 170 122 -113 -174 84 -197 212 -248 -10 70 -228 225 137 -117 -110 -21 -3 55 -217 -147 130 105 26 189 203 230 40 -27 134 -219 150 95 30 78 -173 57 -42 -161 -60 -88 -126 -186 -26 -225 -244 60 -237 175 215 -65 -196 13 -136 -109 109 185 -243 -199 -207 -166 201 186 -123 89 101 -154 -71 -132 -170 -214 236 -14 -91 -184 221 47 -190 53 -229 113 3 182 133 198 -193 240 -247 -215 247 -144 17 73 245 -98 94 18 -137 -77 -156 -67 28 -105 22 -16 -121 19 160 190 210 -220 193 86 -195 -84 233 142 45 64 25 -90 97 224 222 -234 96 -72 -58 12 15 -146 42 126 54 -1 -106 181 -221 -139 183 199 -100 231 -32 -4 98 -169 -150 -29 -206 136 191 -68 213 -38 85 -183 -125 -167 0 205 -230 223 99 168 214 37 118 93 90 66 -74 87 211 227 -82 117 209 -94 -148 -209 -17 138 -53 -62 -182 32 -79 144 39 -92 -162 243 153 16 123 -245 -35 -93 -37 241 5 -189 177 -99 242 159 151 -64 120 -152 -87 -73 38 -194 -51 
TEST 126 ARG:4 8 -36 61 159 190 157 -166 -156 -34 20 198 -127 -203 1 -202 72 -89 -185 66 189 56 23 -168 123 17 -188 -114 -147 -196 34 -69 103 -146 104 246 -240 -150 -158 111 225 85 -11 115 168 -197 -238 49 25 15 40 -86 -210 108 201 -111 42 -106 135 -92 155 100 204 -110 74 130 -123 -107 33 92 12 134 -235 -124 -28 -248 195 -84 -74 60 26 -233 140 -27 -204 216 180 11 191 -207 170 221 50 -49 73 -179 -206 9 75 32 -76 68 152 137 -161 38 79 -227 67 18 -16 148 243 214 -98 -218 -77 239 -219 -18 -228 186 -250 224 188 54 -101 99 -75 -194 177 -138 39 149 -40 -59 232 -13 -120 -229 181 -139 -236 -17 248 -9 193 -182 80 -30 36 -93 -170 95 -167 175 -234 -117 -153 -135 162 83 -212 -71 144 81 102 57 -21 -198 228 -25 24 167 -87 97 212 124 -54 119 5 -50 -243 -29 -96 -126 -112 -249 158 187 107 -2 -55 -38 27 -145 89 105 -119 -32 223 -181 -231 163 -180 86 -189 77 -19 114 -61 -155 179 10 207 -152 -132 171 -211 -232 62 -201 220 -81 172 -217 176 -3 48 -20 197 -41 210 51 -237 133 16 -31 -43 -26 -116 209 59 249 -118 113 196 -67 82 -53 -149 -39 -172 -60 -64 -215 -244 -121 -58 -159 203 150 -80 141 219 234 227 30 235 -70 -169 -125 -6 -45 -174 -160 199 112 -35 241 -245 -222 -144 63 -214 64 76 6 -12 46 238 -7 -62 -108 160 236 -195 109 -131 -128 -143 -90 233 217 -142 37 -130 93 91 84 -46 -91 -52 94 -205 129 -241 153 -94 -99 71 -220 231 -95 35 139 131 121 184 -48 122 -148 138 -78 202 -47 156 -136 -51 146 43 -15 21 -216 70 -79 -115 -1 -171 169 166 222 -213 142 -82 145 120 242 132 110 161 13 -97 41 237 87 208 -191 -23 28 53 178 -223 -83 -8 14 229 45 47 247 -193 -42 0 -4 -157 58 174 101 -133 -65 230 -137 -134 -14 -176 118 127 -165 -109 205 88 -186 126 -33 2 29 165 218 173 116 185 215 -10 -105 -56 151 -102 98 182 194 78 -208 55 69 -183 -187 -24 -63 125 -224 -200 -190 -37 -242 -85 -104 -103 -100 -88 211 206 -163 -230 -68 -221 128 192 106 -44 52 -239 -154 164 117 22 -141 -246 19 -225 -72 240 90 -151 -22 -173 213 -73 44 -66 -164 244 -178 -129 96 226 -184 -177 154 -113 7 -122 -192 31 -175 3 136 -5 200 -226 -199 183 65 -162 -57 143 -209 -140 147 245 -247 
TEST 127 ARG:-105 -86 -241 -91 -210 19 -17 -35 -47 -147 230 -181 214 26 -107 -170 -94 92 -180 132 4 163 69 135 -222 247 215 -3 -64 -116 213 198 -29 21 -33 25 249 -89 -98 -53 -46 -205 183 -43 -218 -163 -55 -62 -246 185 123 145 -124 -165 -199 -145 -108 -189 245 -8 28 46 -203 56 -67 -240 173 67 219 -65 -56 -90 133 -115 -213 -126 -198 80 -78 -226 134 164 -173 99 -219 78 57 181 13 -160 -102 -9 160 41 -175 58 246 226 -152 102 -54 -195 -68 8 33 -149 -114 -215 149 -38 220 -24 60 37 9 -136 18 59 -31 -14 203 62 22 -93 -118 -243 -2 186 100 -150 136 174 68 -83 -81 5 236 29 -184 11 106 63 -37 116 238 -206 139 -127 -168 144 195 42 -182 223 97 -158 24 -151 -234 -244 155 -192 45 -200 140 -7 -69 -239 -104 6 191 -40 -96 218 -123 -52 -15 131 -63 -236 211 76 -185 52 -109 -88 -58 -82 -50 34 124 -36 177 -84 188 -242 -229 94 108 202 -156 -154 -250 -66 72 -128 -132 -183 -121 -164 162 -42 -231 -70 -134 -112 -187 240 14 43 -227 96 217 -19 209 -216 154 210 -232 248 47 141 244 -202 192 -80 -76 -1 -135 -141 206 -143 184 121 88 -130 -22 71 -166 -79 150 216 128 -172 -224 -30 73 171 -125 -237 -72 167 235 -155 -113 84 196 119 -230 180 66 201 110 -133 -49 232 -106 -99 -186 20 -97 -57 125 113 -146 75 -13 -179 157 176 -174 112 175 208 -177 -74 -148 10 225 -153 65 -139 16 126 -233 222 234 122 -207 50 120 -110 143 55 109 194 -197 -20 40 151 224 -26 229 212 204 15 101 161 -27 114 168 31 51 -45 -131 -140 142 -6 -159 -92 -225 152 -171 -87 -12 98 242 118 -73 61 -196 82 3 105 -4 166 170 -41 182 89 -48 228 17 -223 158 -138 87 -161 -245 -122 189 70 39 36 107 -95 64 205 0 32 -194 -167 -117 172 -75 137 153 -120 -100 179 -142 -217 81 -85 187 -214 -221 -209 -60 -77 -176 -101 49 221 -191 197 138 -235 -247 38 -208 199 74 -193 233 -129 129 237 190 95 -34 -39 -11 86 -144 104 169 -10 103 147 -21 23 -188 -249 93 -178 -190 231 -204 12 117 30 -211 83 241 -111 115 239 35 146 -220 -61 200 -201 -51 -157 91 48 -28 -162 53 156 -103 44 -5 130 1 54 85 -248 159 -32 193 -228 -119 -18 7 2 -44 148 178 -25 -59 -23 207 77 243 -169 -212 90 227 165 -16 27 -137 127 -238 79 -71 111 
TEST 128 ARG:-3 -146 223 38 119 -76 -93 169 -79 204 -94 96 -227 -52 11 -74 158 -19 -12 17 -118 206 -44 130 -62 -235 138 155 -125 41 113 105 191 233 -223 -169 173 0 -43 63 -178 33 12 65 90 48 -22 -246 -37 2 -216 -27 1 -56 -241 -57 100 -8 129 -151 200 -41 -35 -250 194 189 -34 -131 64 247 40 -210 14 19 214 199 221 34 -231 -245 131 136 -88 164 -49 -144 -83 176 -46 -6 -180 -137 -64 182 168 -191 -55 -11 -153 -102 -167 56 -61 -232 -69 -243 49 118 195 170 -113 -31 8 -209 -126 101 147 -107 79 -206 -228 -4 226 35 -54 -160 -60 -96 154 -15 94 71 -16 -91 89 -161 -171 -200 -196 73 -217 196 174 161 102 -225 -194 -25 192 39 84 3 36 -2 -199 -63 203 159 98 166 -212 -157 80 202 190 175 -1 -220 57 23 -148 -13 -156 -133 -7 -179 -124 133 238 -87 29 -203 -116 114 179 239 -188 -198 30 15 181 242 88 145 -234 -127 -204 172 230 224 -106 211 -136 -98 236 -233 -129 184 66 205 59 140 46 208 -18 -20 -236 20 28 -33 -77 -97 -164 209 -80 -197 -71 -5 -202 -182 -215 -163 231 112 -152 219 -143 -159 -119 -221 -70 -219 -244 163 -128 -185 -213 126 215 27 151 69 75 -115 -201 -50 13 115 -229 91 -149 85 -247 137 61 -21 44 7 188 -186 -147 74 143 185 245 -168 248 111 -193 4 125 -100 -81 -176 -187 -42 216 -101 50 148 222 -112 139 -40 -28 -38 -51 229 201 52 58 109 22 -73 152 81 -214 24 141 -165 92 45 110 153 220 -138 -189 165 -39 144 -23 241 135 228 -141 -154 171 103 -108 -166 -242 121 -208 95 -158 76 -174 -103 26 197 78 83 249 217 16 -65 240 31 -105 -205 235 -218 -173 -249 124 237 157 -109 234 -110 244 -67 77 47 53 -239 82 51 -10 -238 -230 67 183 -150 207 -248 218 25 -181 150 212 -114 232 180 -145 -237 21 -172 227 -9 5 134 70 -183 -89 -192 -45 -139 213 -134 -142 -117 -140 -82 -132 120 86 -207 -84 93 54 -104 -162 243 -190 -85 18 142 -99 -135 156 246 187 -36 108 37 55 106 -177 -175 32 -59 225 -75 178 -121 -14 -53 -123 -32 -240 198 -155 162 -78 116 -120 -170 99 -224 68 146 210 107 9 -29 123 -130 87 -48 -90 60 97 -92 -58 104 186 167 -184 72 6 160 43 -111 132 -26 -86 -226 -30 122 117 -24 149 -211 -195 62 193 42 127 -222 -66 -122 -72 128 -68 -47 -95 -17 10 177 
TEST 129 ARG:-246 78 -55 10 211 22 -22 70 33 -240 180 7 -109 153 238 129 -214 100 51 249 9 235 57 223 137 207 248 88 183 173 -21 120 143 -221 220 -217 230 28 -224 241 208 -46 42 188 213 216 177 37 159 -195 50 -37 -86 -218 -101 160 -162 -167 -185 -232 -184 62 240 -201 168 48 170 231 68 -88 -114 -80 99 84 221 115 -219 -199 165 -26 -93 157 237 152 11 200 144 136 -15 -53 -64 44 124 -45 -143 94 126 -156 -61 96 -65 -182 158 -206 -79 23 196 95 -168 -152 45 226 224 39 -149 18 210 -68 133 203 175 -33 -203 245 149 217 -70 -148 -67 -44 242 -165 53 -4 112 -1 97 86 92 -125 166 -207 -17 -160 198 -38 79 222 -54 26 -94 105 64 -89 17 -97 -121 -84 -43 247 -212 -230 -42 -226 164 63 -235 -30 205 -216 -137 -129 60 -134 -174 -140 -189 8 214 -108 -202 -163 -13 71 -159 -115 81 -138 49 212 -57 -179 -175 191 4 -75 -200 -20 114 232 -104 123 162 -19 -62 -193 -155 167 128 -124 0 61 85 -150 -211 -147 1 -23 69 -247 -90 -91 91 -99 -223 -36 47 225 -135 -63 66 -220 -153 58 178 163 125 27 -98 98 116 197 -187 93 75 21 193 35 -51 15 -2 142 -250 -158 -27 194 -161 244 -39 -5 -106 -139 65 -157 -52 218 -66 239 -77 -72 -248 -194 -118 16 195 150 -146 -245 127 -96 -29 182 -60 -74 201 148 -237 156 236 -107 -191 -34 73 106 233 -69 -120 -3 103 -188 -196 139 140 38 -166 -85 -49 243 5 2 -131 -28 -25 -215 -144 187 3 174 -48 40 -197 -183 -105 146 119 -169 -35 -92 -204 -227 -228 14 -24 -10 -238 -16 -116 19 29 52 30 109 -40 -186 -81 113 25 -222 -244 67 -76 -213 -87 -242 -239 -241 234 110 -83 219 -177 154 -209 -73 -198 122 76 131 135 102 107 -31 -123 77 -142 13 -103 -190 209 108 246 59 -78 90 32 36 -56 -145 176 -50 56 -176 117 89 -181 6 141 20 -127 -95 -6 -122 215 87 -128 41 138 -8 -164 54 151 -172 -9 -11 186 192 118 43 -151 -180 -136 172 104 -126 206 -14 -133 -141 189 -236 -102 24 147 228 -208 -173 12 80 -110 155 -225 -32 34 74 -205 227 -171 -7 -58 132 169 145 55 179 -243 -231 -18 -233 -249 181 130 202 -178 -117 -12 -112 190 229 199 -234 -229 -192 185 204 184 83 161 -210 -82 -111 111 121 82 -132 -71 134 72 46 -119 171 -130 -113 -170 -47 -154 101 -59 -100 31 -41 
TEST 130 ARG:124 -33 -95 6 -124 -50 115 82 114 -85 -46 151 -41 53 -159 -219 233 40 106 125 186 -198 10 -27 94 -83 -62 211 -43 232 241 -150 158 71 -98 193 -107 217 -182 -141 195 -121 135 54 207 61 -48 -199 119 -188 -240 -154 -161 73 21 -51 -189 -174 76 -157 -247 103 0 -133 -132 -65 -140 128 -31 189 183 168 -70 -134 -210 -213 131 199 -58 -148 204 -218 173 123 190 162 -172 -196 144 -207 -125 243 12 -89 67 231 154 78 218 15 -244 -40 86 -67 -179 -239 81 -8 120 171 -117 -241 161 -87 91 -208 134 4 222 136 -35 -120 -23 60 -151 -131 -215 49 -201 51 116 237 42 -101 -94 110 -44 163 165 37 64 138 8 137 -212 105 -28 223 -127 36 -54 242 -225 -93 68 -36 -79 -180 152 -217 -72 -147 80 -229 -64 -232 -205 -248 -153 133 -227 -119 147 52 140 17 -206 -143 118 -92 164 -139 26 -84 -7 182 113 -22 -191 -184 -105 224 208 -169 34 -144 -242 58 -45 -187 85 -186 205 150 225 238 153 156 72 2 23 47 -238 -82 -220 3 -216 -111 -156 -96 132 -21 -130 227 -90 196 112 244 160 -246 129 -73 -158 188 -71 -126 191 20 219 -99 229 -203 202 174 90 240 -68 84 -177 -170 -20 -193 248 143 -49 239 41 -221 -16 -128 -228 139 -149 16 -18 -136 97 -60 178 -176 75 -123 74 206 184 -190 148 -63 -171 -11 201 22 -57 98 101 234 -243 29 55 70 -106 31 -237 126 -59 179 -197 -55 197 236 -17 -76 -6 -200 66 -175 -112 -167 -56 -122 -138 175 -145 107 -53 -234 -3 19 146 -13 180 -5 -235 9 -4 24 -164 -160 -116 14 -26 18 -52 95 -108 200 1 -236 203 -129 -231 83 111 -195 157 -137 198 89 -74 32 -14 235 -114 181 -222 -185 -142 -34 -181 177 11 220 149 -66 187 213 62 -75 155 104 -19 108 -15 -165 141 130 43 -224 45 7 122 13 -37 -9 -163 -178 56 33 -202 35 63 215 194 69 87 176 38 245 59 185 -47 169 117 -230 99 -12 -32 77 142 -204 -183 -173 -25 5 -211 -102 -194 100 -115 -223 -91 -192 -245 210 -249 65 -97 -2 -233 221 214 230 79 -1 -113 -103 226 -29 -146 216 -118 -10 121 -77 -69 -42 247 -110 -100 -209 159 -162 -155 93 -166 92 28 192 -80 -226 166 246 -81 -24 -109 57 102 27 209 228 -135 88 44 -250 109 -104 46 -78 127 -86 39 30 212 -214 172 -61 50 249 170 25 -30 -152 96 -88 -168 -39 145 48 -38 167 
TEST 131 ARG:-39 -137 -91 -115 58 -206 172 148 211 67 -123 14 -73 -13 -249 -24 -213 142 -224 -228 -148 79 50 15 232 130 -88 -141 -203 179 165 41 37 -75 31 -237 -201 -76 243 48 -208 192 173 -186 90 40 -20 70 113 190 221 -56 159 -113 -35 213 29 -97 1 160 -177 212 24 -12 57 94 117 -160 -5 -37 -196 18 -143 102 61 -60 231 93 218 86 76 -216 244 -190 8 66 207 -84 105 -154 234 -191 -19 204 97 -150 -27 82 230 89 145 -205 229 28 34 3 11 -72 96 143 -130 -126 101 104 188 92 -61 69 95 175 -180 -140 -134 136 26 47 107 -4 -131 210 84 116 -80 -16 -102 -67 161 -15 240 -188 138 -10 -89 6 -53 -226 -112 140 183 -1 52 200 129 201 -221 77 -230 27 -93 147 -116 -96 -44 -185 -45 33 -210 125 -178 -11 203 -6 162 -59 114 25 -152 238 -100 -235 -69 -22 189 214 74 -142 -42 -244 155 168 42 -149 -250 -122 -147 100 239 -28 246 -174 111 -62 164 -51 -176 32 83 -32 -227 -214 56 -31 -83 -54 -212 -232 -74 65 -118 -168 237 226 -105 -87 5 133 -233 -242 209 248 -155 44 -94 120 7 150 -248 166 141 39 -78 -8 -58 2 184 185 71 -109 -9 98 49 -219 182 249 -18 -241 169 170 64 -48 -193 -46 -170 54 -66 167 -164 -114 16 -33 -82 151 35 194 23 112 -225 -162 108 177 -243 -64 -49 -234 20 13 -90 -136 -68 46 118 217 199 87 109 103 193 -161 -223 205 -103 -117 134 -247 9 88 -77 128 -133 -110 -198 43 215 -200 59 208 157 -43 -204 63 144 -146 146 -159 236 -217 -124 137 17 -158 202 181 4 -207 45 178 -101 -166 154 85 -184 219 -14 153 -220 216 206 -139 36 -108 186 -128 -202 -172 227 -181 149 -71 -23 -21 171 75 139 -173 -79 53 -239 -63 196 80 -38 99 -171 119 78 158 -187 -194 -127 -157 -129 -29 91 110 -25 -222 0 -34 106 -151 156 -92 -107 152 -132 242 -199 245 122 -138 -169 -99 10 121 235 -65 72 222 195 233 247 73 81 -153 228 -41 115 -50 -40 -192 126 -215 -26 -95 -125 -55 -52 163 68 -119 176 197 198 -236 -36 -189 -165 -144 225 -104 62 -167 -145 30 -57 -17 -7 21 -182 -175 -163 -211 -218 55 -135 124 135 131 -195 19 -111 187 -86 241 -231 191 174 -240 38 220 127 -156 -238 12 -209 51 -121 223 224 123 -197 -245 -2 -70 -106 -3 -98 -30 -120 -85 22 -246 60 -179 180 -229 132 -81 -47 -183 
TEST 132 ARG:-118 -110 223 61 99 162 176 -207 -231 183 -48 -106 -83 245 163 95 -164 17 -187 212 101 196 244 203 64 86 6 200 -35 123 -73 -113 7 97 -36 25 247 201 185 33 -40 141 127 -135 77 37 116 -61 -126 -154 -210 221 60 -85 206 -204 100 134 31 136 142 215 -213 -145 -119 9 149 135 104 93 -160 233 225 -195 -234 -93 102 -169 50 -176 79 189 -185 94 172 63 -225 47 198 232 -141 -184 -103 -42 238 18 -115 -221 -97 66 -12 -203 211 180 -32 -224 -112 118 -172 -239 -143 -174 -171 209 -250 248 -28 -182 83 -163 150 153 182 -205 -43 -79 -2 -214 207 -77 234 46 -229 122 -196 29 -170 -27 193 -189 52 -104 39 -44 -99 -233 -67 -47 40 155 15 -219 103 -59 -108 38 219 -190 177 -155 -173 138 143 -92 -38 -138 -58 32 20 -137 -246 220 85 164 -124 204 -236 107 -120 152 10 249 53 -26 -109 -21 119 -37 54 2 -84 81 -168 76 13 151 -65 -218 228 -3 -49 -161 -18 224 -14 -95 49 -70 -193 -13 -123 139 235 87 -243 106 36 -216 -146 242 174 169 -133 -88 121 226 171 62 55 -183 126 -4 30 -177 130 -78 -19 160 -111 115 -29 -117 -8 27 -91 131 -22 22 -215 98 19 129 239 -125 -31 -6 -96 4 24 202 -217 229 12 -212 74 -63 -149 -147 -89 -152 -80 148 157 -16 -237 158 -105 213 80 -50 28 -148 56 -17 240 84 71 -90 222 -24 -248 -81 187 -140 89 -11 -209 -62 78 -144 -242 144 165 -128 -23 -102 -151 23 -51 -150 111 -227 14 -180 -20 16 5 -206 -157 -194 -220 156 -55 159 -45 -15 -116 191 -101 -98 147 208 -222 -136 -131 -76 -25 92 161 -60 -192 168 137 -228 -114 241 1 -56 8 199 57 175 210 246 -33 117 170 -247 -64 -181 -66 -94 88 -201 145 -158 35 140 -162 -166 108 236 -7 -9 -100 154 -179 -54 -52 216 44 96 -129 -156 110 227 -200 188 -130 113 178 125 51 197 -226 -230 218 0 90 48 91 -245 173 -121 -208 -53 -159 72 128 -139 3 -82 -30 69 -199 -142 181 112 11 120 114 -178 -132 82 -72 166 -202 -198 -68 -238 167 -74 186 21 73 26 -46 -5 -134 -240 132 -197 65 -211 41 -127 184 -71 -165 42 58 -249 -86 -186 -167 -223 146 -153 -232 70 -41 -235 192 -175 214 -107 67 243 45 75 205 195 124 -244 231 -1 68 190 -75 43 -39 59 -10 133 217 -87 -69 34 -34 -241 237 230 179 109 -188 -191 -57 105 194 -122 
TEST 133 ARG:-224 -81 -123 -119 -133 -246 125 236 -228 -120 89 115 180 171 105 -151 -43 126 -32 184 -136 7 -103 -161 -91 174 153 -90 50 192 -222 0 234 216 -152 -108 -82 181 227 90 14 218 230 -125 -196 204 -232 220 -113 11 -60 -87 81 -107 -150 19 -14 -146 -22 -215 -181 -92 -110 109 -218 54 120 -174 -212 -197 154 110 151 30 150 34 -175 25 231 158 175 -189 -159 112 123 77 -156 13 196 146 -51 140 6 160 -80 -33 55 96 72 177 -186 69 53 166 118 -18 -220 111 4 229 202 1 98 29 51 27 95 124 -85 148 -114 8 198 -126 165 -69 -182 -213 -129 182 -160 -64 -199 -138 -41 -31 -45 -121 -26 -216 -96 -243 132 -47 -40 -193 71 210 208 -137 -72 -29 76 -147 9 235 -195 131 190 -38 -70 10 -209 38 142 -75 206 -169 -55 223 244 143 -8 -13 -158 42 15 193 36 -164 -202 107 -127 -229 44 159 63 -230 -42 122 152 -157 -131 73 221 -234 -52 -153 -1 -180 121 -139 167 130 61 91 172 155 245 -149 201 -204 -65 -231 103 106 176 -171 -59 -19 -192 -237 -48 -93 -56 -233 -249 226 82 -54 -101 170 -86 -71 -57 -74 -172 -244 237 -46 186 -225 -168 -201 88 -173 128 57 -17 147 100 224 232 -239 20 -163 -187 -95 -143 -145 -205 249 75 163 -112 113 -109 22 -61 101 213 -184 -68 -219 188 -21 -28 -3 169 3 16 239 99 -132 -83 -88 -241 39 135 127 -140 185 5 200 209 2 161 -10 -185 48 -97 -25 93 21 18 240 -20 205 -144 -49 217 137 242 70 233 -11 65 83 238 60 97 134 74 -115 -98 26 -141 -9 46 -210 -79 -208 194 164 32 -135 -183 -165 -99 -53 -102 -63 -166 102 -211 -170 -24 52 -84 -27 -94 -36 24 59 -148 -44 -77 195 228 -227 -66 203 -58 129 66 -179 -23 141 144 -16 -178 94 31 67 173 108 47 -106 241 -39 189 149 222 -67 -37 -117 -248 85 104 -100 156 212 -235 -176 145 -240 -122 -142 117 187 -177 -5 -223 -78 -130 80 28 -200 247 37 207 -116 -76 -247 -242 157 78 -250 -236 -194 84 -134 -190 179 -35 -217 17 116 -118 23 -154 225 58 -221 92 168 -124 -30 -207 -34 -15 41 -167 -62 -214 191 -104 114 -4 -89 -238 219 199 -12 243 40 -155 12 138 -6 -226 215 -206 -128 86 -245 33 35 68 -2 56 -188 183 87 246 62 214 79 119 49 -191 43 197 -50 64 -203 178 -105 162 -73 248 136 45 -7 -198 133 139 -162 211 -111 
TEST 134 ARG:-237 8 -215 147 -69 -130 -193 -161 -55 -183 -104 80 -144 -217 -82 -36 -158 143 -116 210 76 -113 249 125 -49 -5 146 73 -159 -86 -53 -84 -38 15 -147 -123 -18 54 245 48 137 -211 -96 -248 -30 26 52 -169 30 -101 -243 17 -148 -14 45 166 -182 14 99 162 -196 -155 -105 -99 -47 110 88 -114 140 -48 31 -178 69 -67 -242 214 60 -184 84 181 -231 -221 -107 -79 124 24 -149 -150 123 -77 33 85 202 74 216 -132 152 184 161 38 -204 247 -168 -16 -8 -205 155 -29 -102 159 130 109 -21 -73 42 112 -46 229 -141 -33 18 -246 -24 67 46 92 -118 144 -75 -31 -157 188 -142 206 -164 165 -119 158 59 28 -93 -72 90 234 -26 6 -127 120 23 -153 -228 -133 100 133 32 -239 173 -163 228 223 -35 -63 11 -241 142 242 -152 -176 79 -120 115 239 21 64 207 -74 -199 -250 -201 94 -234 -15 240 -7 -62 -171 -203 -43 135 7 194 -27 119 129 -50 217 149 185 61 -3 241 -76 101 -20 -89 136 198 238 50 -249 145 -190 -207 -134 205 -180 122 -166 -12 0 -19 -115 105 -225 118 -230 186 -64 -39 102 -78 -117 -167 -71 83 -220 -156 57 116 209 111 231 189 180 177 40 -41 171 -223 -44 -94 -140 2 200 154 113 -34 -162 -138 55 221 -172 -92 178 126 -110 108 -125 -236 9 -23 212 219 16 -42 97 68 220 199 -160 -28 82 56 87 208 -60 37 -229 -216 44 -247 -59 163 47 93 -108 -124 182 -186 226 53 -143 -112 150 -2 -245 36 233 -52 -206 117 34 236 -179 86 -232 -81 -65 -136 -146 222 -80 62 -222 72 225 -9 -235 -197 -177 -37 -106 190 -214 -189 192 -174 -175 -109 -192 127 156 -128 78 -145 107 -135 5 -137 106 -83 -219 244 -103 -70 153 35 -139 -4 -191 -100 235 -97 -154 -57 -111 246 -181 91 43 131 -90 96 77 -240 174 -224 -194 -40 -6 197 175 -131 75 -121 -85 71 19 -54 138 -173 22 27 -45 -212 237 -198 -129 -66 -208 63 104 -122 -61 -25 -226 -58 179 134 1 -91 151 81 -187 232 -165 218 -126 49 -195 243 -68 -11 -87 -88 -13 -233 65 66 -98 191 215 -209 168 25 169 -1 141 10 70 -210 103 39 -213 58 -185 132 213 -56 183 -17 121 187 -238 172 -151 193 -200 -32 -188 51 20 196 204 98 128 160 224 230 170 167 -244 12 -95 227 157 41 -227 114 -170 -22 211 95 164 4 139 -218 89 -51 176 195 248 3 203 -10 29 13 201 -202 148 
TEST 135 ARG:-197 -225 -23 132 -199 -21 233 -83 89 -150 47 -62 -131 -223 -92 36 30 -142 104 -148 58 -1 -90 -204 59 -234 141 -25 -8 -64 98 121 74 -37 -129 -28 71 -170 -109 -219 197 90 84 125 -112 119 163 191 -56 -117 -41 67 -176 10 13 202 77 177 -185 -20 100 -228 31 210 -180 -226 -198 -211 -29 243 148 179 -61 215 182 52 131 -7 -75 22 -123 161 -52 204 8 200 -122 147 -58 -168 218 101 -209 -221 113 -108 44 -113 -186 26 19 192 249 -187 11 1 -89 -158 -40 -242 -60 112 29 -140 -250 60 -55 -230 165 -43 -184 92 -220 -84 -5 28 -233 203 -231 40 55 95 -214 128 -76 176 246 -182 219 -126 -172 -149 220 -167 107 149 -248 -147 137 -10 228 15 -15 -241 129 78 123 -130 170 -110 18 159 -200 62 -179 -213 153 -175 17 68 229 -177 206 226 -18 -4 97 -244 -195 -73 79 -26 124 -65 41 -218 87 213 -239 -128 227 205 -78 46 139 181 94 217 -144 -191 236 -14 83 117 162 214 -156 56 -215 118 -9 50 -121 -174 133 -171 64 -194 -82 224 164 189 -139 -238 169 -53 -161 167 -114 -47 238 57 61 126 -106 -86 232 144 82 231 155 -196 -249 209 106 -236 -229 -217 -202 -42 39 143 130 96 53 -227 -101 -247 -164 -98 -88 -141 -190 127 -3 -77 102 -232 166 171 24 -210 -205 35 199 -80 150 27 190 -155 69 -46 -69 20 230 -206 -152 208 33 -222 244 14 -132 239 -116 -105 -63 241 -245 -173 -201 212 -235 -203 234 240 225 -162 -138 -44 235 51 -36 -246 65 188 172 -127 103 -68 186 -212 12 -135 154 0 32 -125 207 75 174 248 -11 3 93 196 -87 136 -16 -143 42 -48 247 -70 -102 63 -137 -181 116 -57 -188 -13 -45 -39 237 109 -119 73 -67 7 -32 -120 -100 34 152 -22 194 99 85 72 -59 110 45 -237 -79 -240 -224 223 86 245 134 -6 -163 168 138 120 -154 146 9 -103 6 -85 -104 -2 157 -31 140 70 156 21 80 -74 -157 -107 -50 -208 37 105 195 -159 -95 -146 111 -94 -93 180 -136 114 175 201 -160 66 -151 88 4 -49 -34 16 184 -111 2 221 -24 -51 23 216 -145 -192 5 43 -97 -19 145 -72 25 54 178 76 -66 -169 91 -243 -38 158 -189 -33 -96 -134 -124 -30 -183 151 -27 242 -99 -91 122 -165 49 -166 222 -178 -35 -153 -133 81 115 187 193 38 183 -71 -193 -118 -17 -216 108 48 -54 -207 211 142 173 -12 198 -81 -115 185 135 160 
TEST 136 ARG:227 32 226 213 60 -44 64 28 -81 -99 -181 -128 214 210 -46 -80 -19 -20 -199 197 149 68 -37 234 -61 147 132 -201 116 144 200 -130 160 95 73 -40 -188 133 -214 -177 -243 103 -11 199 43 189 -25 -100 -246 -170 -4 -41 -111 135 139 -206 106 -231 -62 181 118 -9 51 125 174 230 -149 113 112 -195 61 207 30 -88 177 -229 87 156 5 -26 101 93 50 -171 127 -67 -136 -6 241 -70 -194 -150 21 -96 217 55 -33 -110 171 -112 -228 138 10 -154 -68 -191 212 -83 225 14 80 -63 -7 -161 153 -10 165 40 229 -193 -115 -86 -97 -28 218 -91 -64 -147 -225 98 159 -87 49 233 -167 35 17 131 -218 -132 86 -210 148 -31 102 -60 104 36 -129 128 187 -221 109 71 -237 216 -133 -175 245 186 -58 -92 2 -73 -187 72 228 -45 146 99 -179 -203 -215 -202 155 -172 -53 -173 203 -196 249 -247 192 176 -131 195 -89 76 243 -56 -230 223 -55 -16 -75 0 -135 -34 -76 -198 -8 -39 -21 -65 -217 -108 219 -22 -1 183 66 -146 -101 193 124 -192 63 48 143 -103 -42 -24 -212 -47 -163 -208 134 158 94 178 -235 97 -239 -143 173 38 -30 -219 -162 -200 -127 -241 78 -52 6 -189 201 130 236 75 -158 -159 -169 -118 145 172 62 -35 24 -180 65 -106 -211 105 -2 88 235 -197 70 -227 -105 -71 170 -5 154 162 247 -15 -166 -248 205 237 31 18 196 -54 59 -240 -148 -93 114 -138 202 -140 7 33 47 107 152 -98 126 179 142 -220 81 -23 92 52 182 -107 -223 -50 119 26 117 -48 221 -49 15 175 27 -209 188 -182 -27 206 115 -178 -95 190 -134 -32 -144 25 -174 -84 110 -165 129 169 166 82 122 -109 246 -226 111 37 -249 -234 57 238 -51 -90 184 -36 56 204 41 -204 4 137 90 168 23 -207 222 91 -190 -232 67 -185 -74 -145 231 -13 163 -186 45 -151 -38 194 -85 -72 -122 108 -184 84 -59 -3 239 16 -160 211 19 -245 140 22 -213 -120 151 -79 -233 -176 34 -164 -17 161 136 100 -116 -222 3 164 -104 -155 -29 191 74 20 242 77 121 215 -57 -156 -216 -183 150 39 -250 -77 44 141 157 123 120 180 -141 -205 -102 -14 232 185 12 11 -137 83 248 -69 198 -113 53 69 -244 -224 1 54 220 -121 -119 -238 209 -117 -12 -66 -157 -139 -168 -152 13 -153 96 -236 85 167 -114 -125 -94 9 46 -18 -142 -123 89 -126 240 79 -242 58 244 -124 -78 8 42 -43 224 29 208 -82 
TEST 137 ARG:135 -18 -105 167 142 34 218 -182 -152 176 -240 149 -195 -73 -216 -56 -69 -228 -140 -97 -250 245 216 -60 -174 214 -16 -178 -132 -83 29 235 211 -184 -74 -148 -197 150 -158 73 128 230 10 -92 122 96 -249 192 -4 -233 232 -88 45 -113 199 -94 22 -29 111 -215 -237 -137 209 0 30 207 31 234 134 81 108 137 -17 6 220 78 -108 -38 126 -155 -64 -79 -242 -166 -212 42 -30 146 -176 105 -112 -154 -104 210 -196 93 -159 228 -128 55 138 175 195 -20 -77 208 206 -156 -27 213 -66 156 248 97 147 -248 133 -226 -53 -43 -1 41 -96 145 52 -46 -173 224 -160 27 -180 240 -82 -61 -114 65 169 -198 233 74 -41 -13 -57 33 221 116 -25 223 -102 -81 -175 187 -10 -241 44 -9 229 188 -210 181 247 -130 87 -246 123 102 237 184 -200 -223 -209 -101 54 85 -100 -110 190 -14 -138 67 -58 -65 -192 -86 168 -26 231 7 -170 43 -122 177 -141 -71 40 21 107 131 119 159 -90 99 186 153 241 194 -231 -93 239 165 4 -116 -68 -103 227 -24 204 182 162 -193 86 -42 37 -205 118 -115 -150 -63 -145 -217 158 15 8 -244 101 70 -40 191 112 -163 -123 -206 -2 -185 -199 -219 14 -95 77 -187 -164 166 -168 -202 198 -34 -54 170 172 225 -191 200 9 -129 180 106 -177 -144 57 -134 -165 1 -62 19 110 164 -55 39 2 -23 95 -35 98 246 173 236 80 217 92 -151 60 -111 -214 219 -99 -50 139 -135 -147 13 -22 -188 -230 -143 -190 124 -75 -204 -208 -121 -181 -207 -117 -220 -109 23 76 201 -157 -153 193 249 115 -234 143 244 178 152 -172 189 25 28 185 -84 197 -218 183 75 132 179 61 68 84 -72 171 100 -107 -236 59 -194 125 83 32 154 -49 69 -142 109 113 90 120 -229 -139 -247 51 -211 -136 -161 -85 66 148 136 -203 47 62 -6 215 243 -5 -227 12 242 -238 26 -239 202 -52 24 35 64 238 -37 -15 -222 11 163 71 -243 82 151 56 -183 -189 157 -125 -21 212 -149 114 174 -91 141 -213 -39 -89 -119 -32 -225 -11 -126 -44 -118 -120 130 -106 -51 -12 -8 88 -232 -87 -127 5 -98 48 -70 160 -33 -224 16 117 140 -124 -76 205 -7 18 -45 -167 89 222 -59 94 -131 127 155 -162 -36 -78 -28 63 161 58 -201 20 -31 -67 53 49 72 104 -48 -47 103 -19 129 -245 -171 226 -235 -169 144 91 -179 36 38 -186 3 79 -133 -80 -221 46 203 121 -3 50 196 -146 17 
TEST 138 ARG:-71 -95 -125 219 47 -75 -72 -246 -50 187 128 -173 76 -210 -204 101 -222 -40 151 197 223 -59 -184 -192 198 139 222 192 98 172 -201 200 190 -26 -226 -36 -96 -179 -237 94 -231 -152 202 157 -118 -81 61 -24 -243 -242 -54 -62 -34 89 43 -19 -65 234 -199 -194 131 -23 56 3 203 -18 90 220 -47 214 154 241 132 -77 91 -73 58 140 87 -151 93 -76 -212 -198 -123 -111 -177 67 107 124 -52 180 -167 -165 174 161 142 -124 82 166 7 -228 -53 -146 232 -14 -138 -57 -185 230 28 74 193 246 -168 -247 -143 112 -163 38 188 -223 115 -37 -3 -127 -132 -158 -142 -191 42 -85 -166 108 92 -106 182 60 52 -112 -22 8 84 35 129 243 -207 -187 30 -4 196 -5 -116 227 105 144 191 201 51 -32 248 13 -153 -94 18 -172 -144 -140 244 -141 -202 -189 48 127 138 29 -208 33 226 194 23 -209 -15 19 -10 95 119 -136 -55 146 160 189 116 156 212 31 71 145 81 -190 55 -42 137 103 -25 79 -145 100 99 228 -134 235 -139 221 -164 167 171 4 218 135 -193 88 53 206 10 -105 249 225 -107 64 -147 120 -181 85 80 134 75 136 -66 5 73 159 -93 44 164 158 -150 238 216 -20 114 15 -60 -31 199 121 -45 66 -49 -219 -215 -130 229 12 86 57 -245 -232 -101 -155 -74 49 -178 70 -133 -58 110 24 -16 -27 150 -180 40 -12 -44 9 130 -91 153 113 54 175 26 122 -63 -188 170 37 -240 247 25 -236 176 -43 -171 -87 183 -17 -51 65 126 -120 -149 -48 -214 143 -97 -205 -122 224 -135 -131 -229 -162 -176 165 -39 -86 -154 185 177 -248 -183 111 141 -126 -225 21 217 -221 -21 -249 -175 50 -30 -148 16 -35 -157 -129 -7 68 -113 242 83 -186 72 231 -99 -89 -174 106 -182 208 -169 -78 -38 -114 -241 17 -119 -234 41 -69 -121 -235 32 -70 237 -224 178 97 -239 -108 46 210 63 59 -195 -103 -64 -110 104 -159 -11 179 -197 109 245 -80 34 -68 205 -230 -244 -46 -206 39 155 168 204 147 152 181 -233 236 1 133 -218 0 -82 -88 169 -203 36 -41 22 211 117 -109 240 -8 -13 6 195 -104 -33 102 -9 162 148 173 209 -161 2 62 -117 -90 -115 -196 -102 -213 -61 45 215 118 -217 -137 27 -220 -6 213 -170 -83 -67 163 -2 20 -156 207 -211 -28 78 -29 -216 184 -238 96 -1 -98 125 -128 186 11 14 -100 -79 -56 -227 233 123 69 77 -92 -250 -84 -200 149 -160 239 
TEST 139 ARG:214 -139 -250 96 -194 -114 -27 198 122 170 145 -138 -34 230 45 -53 137 91 119 -154 -115 -64 -133 -56 -228 17 -73 -198 -21 -26 108 89 245 197 -116 -103 159 174 5 54 -155 43 243 -234 -108 -89 213 -169 -78 190 -207 -66 -181 241 173 -184 222 -32 247 -100 157 112 179 109 117 -188 186 171 -99 -60 22 -149 -213 183 156 -161 -233 120 -79 23 154 101 -225 235 -120 144 76 167 224 -15 27 46 -23 -75 59 41 48 38 -240 103 169 20 -175 -218 132 -156 58 26 -96 184 -57 -151 -110 80 151 -25 -111 220 -63 210 -226 -157 -126 202 67 188 218 168 -183 207 248 36 -187 124 140 -69 -22 -192 -193 127 -87 -176 193 -241 -197 -246 87 161 18 217 79 123 -158 24 -179 83 -38 -162 -41 113 -48 142 -29 -136 92 165 -130 204 -142 -42 37 -128 19 199 -215 138 -148 135 -1 -232 -44 -249 201 8 246 -52 -248 182 44 -205 164 14 65 187 -189 172 -18 -46 -59 63 -231 33 -165 -227 -191 -185 68 -224 -88 98 121 -107 -81 -82 -20 -200 60 -222 -101 206 102 -167 52 70 -144 115 30 -67 -230 -54 126 -170 -28 -147 139 160 -95 86 133 -33 -150 75 -68 29 -160 88 -172 166 211 -208 158 -244 1 -119 -214 231 200 111 -72 244 2 -122 95 82 -210 71 181 -137 7 -77 -212 -235 9 62 114 -238 -190 -45 -173 -5 -93 53 -237 -146 100 90 239 -211 -30 -76 -117 -109 -74 -174 147 203 225 -104 -106 -168 -55 116 77 -177 -49 -37 -12 232 56 49 -7 -199 234 -182 212 69 162 128 129 -113 150 16 -206 221 -14 -171 99 215 146 -166 -102 104 226 -121 -143 149 238 -71 10 15 -245 205 -61 -129 233 94 -145 -97 -141 192 74 148 72 155 -132 13 -131 110 -70 -140 85 78 -83 208 163 -229 64 -163 227 130 125 -186 194 -123 40 223 209 28 51 50 152 -13 -219 -6 -58 -11 -10 -50 3 -196 249 -220 47 -3 -217 -9 -159 81 240 6 -203 -80 4 -201 141 -135 0 55 66 242 189 -247 -40 -90 -4 42 229 84 -239 195 -98 196 -39 -91 153 -43 -17 -152 -47 -124 -112 -243 -202 -24 131 -118 -180 136 -19 134 -216 -178 -2 228 175 39 -204 -84 107 -105 106 -195 -62 -8 35 21 -92 178 105 -31 191 237 -242 -36 97 34 31 61 219 236 32 -236 -65 180 216 -127 -125 -85 93 57 -164 185 -221 143 177 -153 -51 -35 73 -16 -223 -86 25 176 -134 118 -209 -94 11 12 
TEST 140 ARG:-153 -106 202 -111 -125 -6 221 137 -51 43 97 -170 -9 162 -175 -186 118 -25 -234 216 0 17 37 93 -187 -245 58 169 133 -231 228 -142 -130 -196 99 171 107 -239 -140 -16 -228 -190 -48 -92 136 115 219 28 48 7 91 215 236 -114 89 -127 -211 161 -226 222 152 -52 -101 -10 6 -80 -180 240 -158 188 -219 -2 185 -216 -84 -233 -95 -107 -1 212 150 47 106 29 -214 246 61 199 -117 -82 15 40 -20 194 -207 -174 -162 225 -30 -93 -238 -88 -81 10 -157 -110 14 68 76 66 -205 234 195 176 157 -62 -21 -147 -98 -79 -160 -242 175 -166 49 90 84 -235 -83 3 172 75 187 38 -136 -176 -119 -244 197 213 -47 -8 110 -22 -40 -100 122 -24 -247 196 -87 -181 217 82 233 141 105 208 -141 -13 -66 144 63 45 117 -169 147 244 139 108 -7 189 1 42 112 211 -246 78 -108 207 210 -41 -164 145 -165 238 69 -74 8 -63 85 62 -222 57 247 65 -230 11 -193 156 -218 -183 12 -32 205 -43 127 -126 227 -184 -137 226 95 -109 -151 -173 -12 -33 -29 -26 79 129 -243 -191 23 224 114 -73 223 177 86 -201 -163 230 19 102 -171 -113 87 -124 138 -146 -17 154 -75 -69 -177 -237 -23 -209 248 -227 -129 70 -240 159 41 203 182 214 -91 73 16 167 31 174 -61 -215 -188 -99 -172 173 -46 116 113 -45 92 -71 249 164 60 -76 -197 -15 -34 44 -152 -155 -248 -195 -135 -212 131 148 -96 25 -185 -221 101 33 193 -86 -50 120 51 54 -144 -105 -115 198 35 103 34 -19 179 220 237 -143 -250 -14 83 -179 -145 50 -27 209 130 32 -241 -223 -122 143 64 165 -31 -116 -89 186 -128 -168 -38 74 149 -56 -42 200 -44 100 -94 -154 -139 201 243 232 -59 229 128 -182 104 -217 140 -103 -3 241 -132 5 -49 22 -229 -39 -35 -57 111 124 -55 -178 245 166 204 -232 30 -11 -58 168 121 -213 -72 160 181 -120 -65 126 155 39 -4 -131 218 -150 98 178 26 -224 -161 -208 20 -118 142 71 72 -121 -68 109 163 -70 -53 -159 -225 239 192 119 -202 190 -54 183 -210 -199 125 -203 55 -156 94 -78 -204 -149 123 36 -102 46 -249 24 -192 96 9 -123 151 135 -67 -104 59 -90 -97 231 -220 -148 -37 -85 158 -167 -198 146 56 206 67 -28 -60 -64 -36 242 180 27 -134 -77 -18 132 -112 -194 -189 153 21 191 77 80 81 18 184 134 88 4 -200 53 -138 -5 -133 -236 235 170 52 2 -206 13 
TEST 141 ARG:21 85 -119 -6 9 123 -152 194 -231 45 -188 -238 -98 -219 -248 -221 65 -136 -153 -185 -226 207 -225 -69 -173 -184 -132 192 -84 10 -76 -186 -22 15 73 248 -115 24 -250 3 4 -245 -246 58 -249 -11 -159 77 -38 -229 222 32 -228 -201 -73 188 210 -178 -142 88 -78 189 87 110 -204 -198 -165 249 95 -54 69 -163 -7 159 -162 -108 -135 78 -58 -57 230 180 -148 -102 -1 -181 62 -168 -47 46 164 68 175 42 -239 -205 133 -44 240 -145 118 -128 30 -32 145 213 -216 81 156 12 89 -91 208 -33 214 -144 146 137 232 -143 202 -55 114 53 209 -96 -100 86 -218 -177 -146 -40 -227 -93 200 -124 -150 2 -41 -79 -110 -20 218 197 29 206 37 170 -192 -80 31 -51 -52 169 -29 -23 181 44 -158 -3 -209 -223 -131 17 168 -200 124 20 155 165 152 60 -211 219 93 -56 138 -187 158 117 195 217 96 74 113 91 116 -241 236 84 34 -176 142 -133 227 -9 178 -87 -208 157 76 150 -134 -167 191 147 233 226 -217 -130 -169 -180 -247 -2 -81 -105 -63 40 -234 122 139 -77 25 -27 126 43 -182 -72 -164 148 5 -18 63 121 144 -46 -113 -240 92 79 -45 -48 8 167 -88 0 -94 102 -236 201 97 -42 177 198 57 -230 205 107 -59 -207 14 185 23 -233 -202 186 -61 127 105 -75 67 211 -123 -114 -66 111 -107 -95 -35 -166 -194 -97 199 154 -154 -103 50 204 64 82 -39 -106 -175 182 -82 -147 -237 -16 174 71 109 56 172 55 -170 -83 112 125 173 183 106 100 228 -179 212 221 94 163 149 70 151 -112 -157 -28 -10 103 220 229 235 -174 234 1 242 171 54 -31 -125 -15 196 -89 28 -5 -117 -120 -155 135 -13 104 -43 -213 -196 -116 -101 59 75 -8 -25 -30 -139 22 -206 108 13 72 -49 80 246 -220 33 -37 -191 -199 187 -138 -210 -14 141 90 161 143 160 52 -19 224 -137 -215 140 237 244 -24 51 131 26 -190 38 -243 225 35 18 239 132 136 215 36 19 -34 -71 -183 -92 -21 241 -160 -172 7 -195 -85 -70 -189 -122 184 -17 130 -36 -244 -126 -65 -161 -242 128 61 -149 134 -111 -4 176 -224 -60 6 66 216 16 -68 -156 -12 245 99 41 -118 -222 -99 -171 27 -129 48 179 243 -90 -109 -104 129 49 166 238 115 -141 -86 101 47 -121 162 203 247 -50 39 223 98 119 153 -67 83 -212 -214 -197 193 -127 -203 -74 120 -53 -193 231 -62 -232 -26 -140 11 190 -235 -64 -151 
TEST 142 ARG:-117 -163 -79 206 58 107 234 -141 103 -73 -37 -22 -123 -26 -227 -232 -127 -159 112 156 -170 -109 -56 -173 32 166 236 -2 -78 96 -222 2 -152 239 20 -35 -69 -165 247 154 -142 -68 26 35 -236 -94 -62 -210 180 -186 -169 -100 228 135 -146 -183 -132 197 108 -129 67 79 178 216 102 -44 -137 -71 -249 -192 -179 -47 214 -13 201 -145 202 -120 -6 93 -155 57 241 68 -4 179 -161 -171 111 -246 -33 95 18 91 41 -111 6 33 17 162 157 137 -215 -80 71 -113 -77 -224 -201 -156 -60 138 -102 -59 52 -105 -213 130 -151 -106 -160 15 -90 -29 -83 225 -136 -202 -55 -204 -84 -103 8 -162 210 45 172 -177 116 -9 -187 -76 46 229 212 -247 189 -200 222 53 -244 -239 1 -108 -214 44 230 -61 5 7 39 184 -206 193 -124 -41 -144 -147 47 124 165 -97 104 31 -115 30 187 -223 170 87 -205 73 -15 22 62 10 -250 161 -194 123 82 152 -63 176 -226 -180 -138 13 78 169 231 -114 243 -36 -46 153 204 146 64 221 80 23 160 -166 -31 -16 -21 36 48 -121 77 195 -208 131 -167 -228 92 -182 136 118 218 -43 -118 -209 -217 196 56 235 -195 133 -11 -140 -220 21 49 120 209 -188 213 -157 182 0 -133 -52 151 242 12 -14 -49 -184 244 -72 -216 -235 -207 -135 28 -174 -198 16 86 -34 171 -164 223 -98 -87 163 149 -241 226 54 65 -28 190 -40 249 105 159 -27 192 227 -50 -10 200 -119 -85 -122 248 27 237 -128 -38 3 115 -153 70 -197 238 -32 -139 99 121 -248 -7 188 -3 114 126 -130 -25 11 -45 183 -19 9 246 40 94 -23 -75 -196 29 174 233 -131 -110 -221 -67 220 -112 -143 -230 -81 -178 -51 76 -203 43 -191 -58 -48 110 -12 -149 89 60 109 84 -65 207 -126 55 50 139 -154 -193 148 -176 -88 14 134 -107 19 164 -5 66 186 -95 -53 -92 -225 119 175 -245 59 -172 -99 140 98 181 -237 -18 132 143 205 81 85 -1 -93 117 -101 -175 211 -70 167 69 -218 25 191 -211 75 198 -150 -134 141 -199 4 -91 -57 173 -219 51 177 61 74 -238 72 -64 106 63 240 -212 -234 -233 -229 -30 168 145 -89 -54 -17 -104 97 -231 -158 -96 -74 -125 -181 125 -8 101 128 129 24 208 88 -185 127 199 203 -86 219 185 -42 -168 215 155 90 147 -242 -190 -189 122 -66 -148 -82 100 83 217 37 245 38 224 144 34 158 -24 150 194 -116 232 -20 42 142 -243 -240 113 -39 
TEST 143 ARG:-1 218 -35 -173 108 -53 89 -4 162 61 -29 63 134 29 203 -115 -31 -188 -82 140 4 33 -208 19 -61 -204 -77 -116 133 -37 -102 -247 15 -91 10 -98 -223 -24 -6 -72 -250 -124 -170 81 -93 -123 -70 159 -127 -236 36 -222 -52 72 -145 -8 -182 -153 -205 -139 -212 -144 152 27 123 88 -214 246 23 232 -89 -142 219 -152 -200 -184 234 213 174 -129 192 183 -164 -7 -219 56 -28 -167 201 100 191 0 244 -19 -203 -189 -178 43 -23 -154 -242 -94 -114 20 11 -237 -112 181 91 -84 135 65 151 -218 -163 1 94 136 160 83 38 -21 211 170 80 46 -201 75 -166 -22 200 -109 -240 -95 14 -202 -177 -210 -113 114 5 50 -185 116 12 69 132 243 -104 193 2 66 187 112 102 -73 -100 -69 -44 194 249 -110 196 -169 -101 173 -146 78 -171 -26 58 -172 35 128 -141 111 -79 -231 30 -149 -11 227 147 25 -50 156 142 -195 189 -221 -58 -86 41 -150 216 179 99 155 -25 -121 210 -9 214 -2 245 -126 242 18 -106 -131 54 -197 -71 -138 49 188 -135 -16 37 3 93 -96 76 168 -186 -87 -5 -220 107 231 22 149 -107 17 -211 237 130 -147 55 6 -54 34 233 236 -48 -97 137 -18 -174 74 -99 -60 82 195 -40 144 -78 -199 117 -14 97 -249 8 -140 -85 -117 -57 118 77 -191 70 109 -213 180 -66 229 9 -10 230 182 -176 -136 32 -39 113 -190 51 146 86 176 -175 165 -215 208 -13 24 21 121 -159 -75 221 68 126 199 -41 103 158 148 241 175 247 226 95 -83 167 90 44 119 153 -74 -76 139 185 -235 171 -209 -63 129 -192 161 -55 92 40 104 -33 -122 -207 204 64 62 98 -43 115 145 -217 42 -230 -103 -30 -67 -179 -183 -125 131 -246 31 -32 217 -162 110 -248 -134 -194 239 -20 -118 -233 28 -187 -157 190 -90 106 238 -151 -241 -158 -59 -181 -133 198 -130 -168 -92 184 -245 -234 -238 -232 -148 -229 -224 -3 220 -160 39 223 57 177 212 -244 -36 16 -88 -17 -49 -42 197 215 -137 172 143 -243 154 240 -216 26 60 202 -143 -27 127 206 -62 164 -47 205 125 -227 96 -156 186 235 52 -105 124 -198 -206 87 150 166 -128 67 163 225 -81 -15 222 -38 -12 47 48 -120 45 -46 178 228 157 59 -239 -165 -80 105 -226 141 -155 -228 -65 71 79 -45 53 -161 -111 -225 7 -119 122 -68 248 -193 85 209 -180 120 101 -108 169 -196 138 224 -56 84 -51 -34 73 -64 13 207 -132 
TEST 144 ARG:-23 -201 -144 -171 135 -55 235 199 127 -9 -6 -7 -40 22 -61 -237 123 -247 244 154 -190 -145 -157 -232 -223 -139 218 231 50 -65 -25 175 125 117 -229 171 130 145 134 20 -8 7 225 -194 245 162 -124 93 166 236 51 -207 238 -28 -14 1 105 107 150 233 -68 -249 18 55 232 -148 -47 -69 -230 -115 75 -119 -51 193 152 -110 168 -38 -248 -30 -22 -143 -161 132 -170 -197 -80 -31 -120 153 -116 -160 -50 174 224 -32 -168 82 41 31 -164 77 -224 205 60 -100 -48 56 142 -29 177 84 -221 195 -1 -82 187 76 81 -92 -59 -74 -209 102 144 -219 32 -177 -205 106 -169 -101 104 -162 176 128 228 226 -192 -89 111 214 29 65 38 -187 112 52 -127 99 79 13 220 -3 78 -220 -199 -87 -97 -141 -67 -106 179 221 5 69 -159 243 -109 148 167 -72 -58 -60 -135 86 -198 223 -132 158 -43 -186 203 189 109 191 44 194 -108 178 197 183 -81 184 -203 -173 -193 201 204 96 188 229 -146 227 -129 -18 -123 -90 141 -142 -238 247 -24 -42 92 242 67 85 210 -235 -49 12 39 -44 -231 88 160 35 -153 119 10 0 164 -211 -86 90 -183 -5 202 139 -36 -196 129 -176 -213 159 143 157 -70 146 -78 -165 -104 108 -212 -15 -178 208 -45 -114 -20 -19 -64 216 121 -215 206 -21 37 -147 185 113 -102 -245 95 -34 -174 -12 -149 170 -208 122 80 89 173 -239 103 83 9 45 -241 -167 -77 61 -11 -121 -250 249 -107 -93 47 211 36 -66 133 116 34 -222 30 -79 -136 73 -236 -128 -133 -113 72 -210 -103 -88 120 209 -84 151 182 -122 -217 200 207 24 16 -206 -226 -111 2 213 -96 -184 -10 -181 165 -39 71 14 241 -138 -227 136 180 -53 212 3 100 -134 -175 -62 -214 -155 -118 -140 198 -191 239 -189 64 -150 -4 140 19 59 23 6 -27 17 217 26 215 190 48 -16 161 -130 -75 110 27 230 246 62 163 -202 -243 -152 -163 124 126 -137 -85 -126 -98 63 -218 -76 -35 68 -26 15 -73 234 -234 222 196 -216 155 147 -37 -117 169 -46 25 74 -246 -13 -158 -17 219 115 -172 46 -94 -57 54 -125 -204 40 -95 240 248 -99 -156 21 28 137 98 87 186 -112 114 138 42 -2 4 -71 131 -182 101 192 237 -233 -41 -195 -185 -240 -52 181 -33 57 58 -225 49 -105 -83 33 -180 -244 -151 -166 53 -242 -91 -200 149 70 91 -179 156 172 66 118 -63 8 -154 97 -56 94 43 11 -54 -188 -131 -228 
TEST 145 ARG:201 -247 -78 27 -57 29 7 206 16 -104 184 -92 174 -115 38 15 -121 68 139 186 132 133 -131 -184 94 66 241 -194 -41 217 -81 -86 20 239 162 194 -123 -138 160 -249 -13 -94 -175 233 46 -137 -243 -182 -222 -1 -171 232 82 159 249 191 136 198 -59 137 129 -148 49 -42 -118 -241 -120 85 148 -191 179 -174 -187 -122 97 -152 104 -227 238 108 73 -135 -111 -60 -25 -173 -39 166 67 -68 -31 -30 197 52 -188 -136 12 -74 24 -56 221 203 -73 -201 -89 -19 202 -49 216 -96 131 -154 180 55 6 185 -76 -87 167 112 -208 32 215 130 -199 -170 -144 58 158 1 170 96 -82 -50 -228 118 -143 153 205 95 183 188 10 -141 89 -93 -117 126 -108 -63 227 -156 168 -231 -100 86 75 145 187 90 -232 -220 -69 -54 -178 -161 -196 169 -47 -77 -116 177 -221 35 74 -65 240 172 237 21 242 -230 62 77 -12 19 -153 30 -16 100 23 245 135 -238 56 -66 -180 26 -98 -211 -36 -55 51 -172 -134 42 -235 124 47 247 59 -75 76 -103 -119 -198 -212 -215 235 -129 142 72 -10 39 156 -169 105 -9 -46 192 93 44 9 57 40 -226 -179 -51 -150 -112 -72 -242 53 -107 -14 109 128 164 210 43 -29 61 115 -234 222 176 33 -8 213 -236 236 141 111 243 -124 -53 -113 -52 31 -218 -168 -176 220 -48 -186 113 212 -126 -217 -225 -127 60 -62 -151 28 -102 165 37 -200 78 -37 -26 -43 -239 -80 -35 -125 64 199 -139 69 80 189 114 70 -181 99 -21 -130 79 -158 -229 196 209 -38 63 -146 107 230 -223 -207 178 211 248 -195 88 -114 -193 106 25 0 -128 50 246 123 -27 -88 -167 -40 225 -97 150 125 -149 -210 -163 -101 -11 87 2 14 224 -64 -23 -162 231 154 -3 119 -84 -4 157 200 161 5 -166 -70 -189 4 -85 84 -24 -160 -145 117 -240 -216 -224 -203 22 -214 152 18 143 -83 101 120 -61 -34 -58 -197 -164 -33 229 -95 -246 54 207 34 -5 181 122 182 -204 138 214 -71 -190 -110 -185 -18 -205 81 36 -79 83 65 171 144 -219 155 -15 234 -106 -165 -6 190 71 -155 -44 -45 173 -132 -140 -67 -17 -99 -250 -177 -244 3 -159 -2 208 -91 -142 146 -206 244 140 13 175 218 -105 -28 219 103 -245 48 17 -209 134 -202 -109 -157 -22 195 127 228 -233 151 -20 8 11 -7 -147 98 -183 -237 -32 204 193 116 163 147 102 -192 91 149 -213 -90 226 -133 45 223 110 41 92 -248 121 
TEST 146 ARG:-212 -72 -233 -135 -164 -91 8 47 -45 3 -65 10 -220 -145 237 101 118 147 -54 208 154 -124 -240 78 -118 -14 31 -97 24 -157 -146 -150 1 226 233 170 102 220 153 -94 244 53 57 232 -95 -209 215 -89 115 -5 106 234 -109 -16 77 -66 -215 73 230 200 -221 93 -247 27 132 -249 -140 94 -214 -60 91 -108 -70 196 62 84 51 81 137 128 162 191 231 -147 -218 114 -107 -189 207 -36 -76 54 -161 -200 -137 141 131 -180 -38 125 189 67 -83 21 -243 -98 127 66 -126 -210 -8 69 -43 30 7 148 204 150 134 -88 -93 -134 113 169 -110 -250 -176 175 -75 -19 49 -52 144 -115 179 -131 -207 -59 20 -57 -129 209 16 206 111 140 -2 -174 -31 120 -156 218 178 228 -56 2 116 193 -133 -122 -116 -151 -10 -216 223 -195 -32 -139 -163 96 -61 171 -238 -206 -123 107 -191 87 -34 157 117 -171 -175 182 184 -144 216 -53 104 238 -90 225 6 177 63 -227 80 -64 205 79 -104 -199 92 23 145 130 212 168 -208 -62 28 121 227 139 -173 -105 -181 -141 56 -82 -246 -63 -165 -99 -224 -22 -211 -40 -190 -229 -187 -152 248 -231 -136 181 -192 -44 -74 44 -170 5 221 167 45 52 17 195 158 -248 -7 187 82 105 22 48 -15 217 -13 -159 -149 -203 183 -225 -6 -142 71 -18 -132 166 173 174 165 100 198 12 235 143 103 -217 -178 202 -26 43 -73 -4 -194 97 -169 -222 -29 124 240 172 -168 74 152 -167 -86 25 75 33 -228 39 109 15 161 42 0 -58 -242 -244 214 -125 -201 -33 160 68 135 142 197 149 -11 -49 -78 37 201 112 90 -85 -92 -193 -111 -30 -239 -162 -204 -28 -196 -17 155 211 -186 35 -120 222 249 89 224 126 -241 46 -24 -77 -138 -87 242 -219 18 239 -179 -106 -148 -3 -114 -235 -183 192 14 -166 36 40 -158 -119 176 88 95 -197 -153 136 -154 83 70 108 -127 -130 -128 -236 163 203 -237 188 -9 65 -25 110 -12 -39 138 -100 61 38 243 60 -184 -177 59 34 -230 -198 19 164 99 98 245 241 119 -46 -1 -113 -67 -202 -121 199 -96 32 -84 26 186 159 41 -185 229 -37 -50 -102 -41 129 85 -172 -51 -232 -79 -103 151 210 -23 -205 156 -223 -143 58 -245 -155 180 236 13 64 -48 -117 76 -182 -35 -101 -68 -47 -226 9 -160 -188 -71 194 4 72 -21 -27 -20 122 -55 55 123 185 219 29 246 86 -69 11 -234 -81 247 133 50 213 -213 190 -42 -112 -80 146 
TEST 147 ARG:-183 -234 -223 -3 -238 -202 -149 166 -88 -158 -123 -68 233 163 -122 -142 -11 95 124 29 -22 -197 -231 -232 -96 -180 64 -69 198 60 -30 -247 -64 -35 -196 -107 106 69 170 19 222 -151 -47 -170 -26 -228 -136 178 91 197 -110 -74 -239 3 -76 -116 -129 53 -226 -134 104 -109 52 20 40 113 -143 230 -71 -95 132 218 -73 87 145 -34 -31 156 -21 196 80 -29 -168 -56 171 203 -24 -6 165 123 247 -48 49 -193 130 195 -128 92 -44 34 43 208 0 -206 177 25 -1 51 -60 -8 -230 -46 15 117 67 41 -59 211 -249 -169 -181 -186 -61 182 57 -211 -187 13 72 -148 -77 -111 -246 190 -195 159 -92 201 -13 -98 239 -217 -233 237 199 110 164 35 1 -106 242 -153 89 -150 -125 213 -140 125 -139 155 -97 -87 -113 54 -43 -244 90 56 -190 246 -165 -10 -105 -156 -37 21 129 -15 -192 128 -17 14 144 -171 31 -65 119 96 192 -108 -103 176 -72 206 -213 142 -91 220 -14 68 -49 -174 235 -222 -207 115 -245 47 240 -25 -84 -114 223 18 -85 88 58 16 79 -82 26 -28 122 2 100 131 244 -80 187 -62 11 -159 -157 -194 200 -38 146 -99 32 7 157 98 181 193 151 75 -127 -70 126 -160 -155 -130 232 -53 -250 103 234 209 9 33 -79 -9 -229 -172 73 84 65 108 -115 -242 148 241 236 -208 109 12 -132 50 23 -184 136 231 127 -218 194 6 -40 180 183 5 175 63 -135 141 150 245 168 185 70 -19 153 224 45 22 -209 -121 107 219 111 -145 -42 -12 -126 210 -32 -225 86 78 -188 -146 228 152 -112 -16 62 -86 -101 -161 -75 -104 -191 59 112 133 139 71 120 -58 77 -152 -124 8 238 -120 -219 186 -210 27 -216 -89 36 214 39 -164 -119 154 -227 97 -2 243 188 229 184 143 -94 -81 216 -51 -220 -7 93 189 81 207 -117 -166 -18 55 -201 191 -175 -41 -131 -198 -102 -224 -57 -176 -241 217 140 -204 99 179 -167 -100 -236 -179 85 10 -189 205 -90 -20 -185 158 74 101 173 134 42 24 248 -199 116 -67 -178 76 102 -235 61 -162 -133 138 -78 -93 37 -205 137 204 44 -5 -138 -214 169 -66 227 160 147 -248 167 149 215 -182 46 105 -4 -215 221 -39 -54 4 83 -141 -55 28 162 202 94 249 -137 -144 -163 118 -237 -200 -212 -33 -27 212 -203 226 66 135 -83 225 161 82 -63 17 -154 -50 48 -177 -45 -52 30 -23 121 -243 174 38 -118 172 -36 -147 114 -221 -173 -240 
TEST 148 ARG:-60 -17 19 -85 -53 97 -65 15 192 -160 46 -15 48 -133 -199 -143 126 -209 -110 -224 219 -161 -165 -148 45 104 -141 -112 62 112 163 150 -61 -159 -19 -136 24 120 -250 -32 231 55 -99 -105 -242 -201 103 -134 160 -167 190 -66 -153 221 161 59 66 -28 94 -44 -67 38 182 86 5 6 90 57 -51 159 -196 44 -211 -70 228 -232 89 -29 3 28 -23 111 125 56 18 242 30 140 232 -14 20 177 -132 -108 4 -84 -163 -220 -157 47 -149 136 -40 54 214 218 194 -98 14 -203 -37 -183 -78 64 154 -90 133 109 -249 100 -212 196 208 -197 -131 -31 60 88 -173 -130 124 229 239 -216 80 -96 -57 -231 52 -233 -171 -114 149 191 -107 49 146 220 69 117 -181 51 25 -30 -176 8 -97 -9 147 -111 -146 185 -210 81 145 -20 -33 144 -59 101 98 164 95 -101 162 205 123 -189 184 189 42 -113 114 -137 74 131 -139 217 -239 -49 -62 -42 248 -164 -155 224 132 -226 -115 134 37 -207 203 34 -188 -156 -39 138 156 -100 -109 198 -103 -246 -63 -241 22 -205 -147 2 152 215 -8 127 50 193 181 -219 -195 26 -184 -46 141 115 -122 -91 -129 27 246 -223 -6 -86 85 93 -208 29 -172 71 -38 183 -214 72 92 -179 244 40 -229 129 -52 122 -68 153 -150 96 171 76 -240 169 167 -4 -238 58 -123 75 -169 -227 -235 143 -166 222 -50 -234 79 166 -73 105 -35 -145 -198 82 -12 241 -200 -92 227 -106 121 119 -162 21 41 -71 -126 -64 -175 -58 12 9 -75 -48 -27 -218 -124 -69 -95 -26 106 39 139 67 -144 36 201 226 195 -81 99 173 209 65 116 172 233 -7 -225 234 -11 178 13 -125 -202 174 -118 -2 137 -24 237 73 -56 -135 151 -104 -215 168 155 84 91 -194 31 -10 -74 102 -138 -5 -248 0 -221 -72 249 -204 211 -76 200 11 135 157 53 -187 -193 -116 -13 -168 -177 -102 197 -93 -206 -89 83 -36 -119 -180 -79 -128 77 -230 -217 -247 -228 238 216 142 170 247 -192 7 -236 230 188 32 179 -25 87 -43 43 210 148 -82 -186 -237 165 -151 -88 23 -213 -41 70 -182 130 -18 61 -158 206 -120 -94 240 10 204 -1 235 -47 -191 -154 -174 113 -34 107 236 -45 -77 33 -185 -142 108 213 180 -222 -245 17 -80 63 -83 -55 -152 -170 128 158 199 -21 -117 35 -87 1 -244 245 243 223 -243 -190 110 -140 -121 -127 -178 212 68 78 176 -16 -3 -54 118 187 16 186 207 175 -22 225 202 
TEST 149 ARG:-66 63 102 27 -177 82 95 97 190 30 199 -211 -110 167 150 224 -48 165 -243 -86 189 22 107 59 235 -113 211 70 -105 146 96 -121 -224 64 88 141 -142 -101 -24 -95 227 161 124 200 -147 173 175 221 16 159 -124 -133 114 184 -227 -155 -37 -218 191 98 66 -73 -131 -136 -188 156 213 203 225 67 118 -154 -138 171 -169 -111 -64 43 -62 -17 172 231 -180 -45 138 -205 -53 94 -168 -118 -108 206 -63 -193 -152 26 -78 90 109 -236 14 122 -92 -125 -213 -198 -237 73 91 215 -225 -25 -127 196 -82 232 209 -164 -65 177 -221 -81 169 210 99 50 33 -80 236 239 204 -36 -230 78 -9 -179 178 -158 62 148 247 71 -143 60 -43 -137 249 -229 -149 214 192 -69 87 11 68 -70 -166 -244 182 -160 -120 32 -35 -84 -102 10 -93 -150 198 84 -106 21 -176 -117 100 219 125 1 183 -209 76 154 170 77 218 2 139 123 243 -123 207 130 176 -29 135 58 228 -240 -141 19 -104 194 157 45 -223 151 15 -91 -20 -156 -181 54 133 -184 -114 230 -94 8 -52 -60 -246 -203 65 164 -4 -210 -87 -56 166 -76 17 -132 -15 129 -161 -245 -90 7 -178 -99 181 -173 -231 -197 0 23 35 147 61 -16 -128 49 -96 103 -194 212 179 -226 -11 -162 117 188 155 -27 222 -186 208 12 31 -40 41 -34 229 -6 -109 40 69 -151 -130 55 -83 -58 180 152 -39 -19 85 142 248 -172 -174 52 86 -32 241 105 104 47 195 162 -228 116 -38 -112 5 187 -22 149 216 -175 -57 81 -144 -219 244 -85 -21 51 -46 -119 144 -234 -140 -61 234 -232 120 -249 -195 -135 29 -18 127 202 -54 79 217 -97 -146 -233 132 -167 -222 -44 246 -212 46 136 -8 37 237 101 -170 -67 -153 -235 -165 -30 -247 -202 201 -116 174 -77 -129 -23 -71 -89 119 44 -171 -28 111 -159 -12 83 -134 -148 -207 -14 -192 160 106 80 -51 -242 28 -248 163 38 193 113 56 -3 48 238 24 36 -68 -122 -98 -182 -10 -7 -42 112 140 145 -55 245 93 -238 -115 -201 9 -208 -126 242 110 168 -216 -241 34 75 13 -103 72 -215 158 -239 -1 -200 128 240 -26 185 233 153 226 -75 89 6 186 223 -206 -50 -2 -13 197 -72 3 92 -59 25 -157 -250 137 39 126 143 -5 108 -204 -196 -47 121 53 -145 205 -31 -183 -33 42 -74 74 -49 -190 4 220 -220 -107 -214 -100 -191 -79 -199 -163 -217 57 -187 18 -139 -185 20 -189 115 131 134 -41 -88 
TEST 150 ARG:-172 124 70 -33 162 240 207 -156 85 -192 -177 146 32 114 239 216 -170 227 -129 -9 159 -217 1 105 225 137 176 170 4 -248 125 13 220 -231 -88 188 -110 -61 217 166 79 -59 89 -210 -174 96 90 28 215 -136 -65 223 -119 -176 140 126 -38 -43 -142 -191 -105 143 229 -36 -163 36 -160 187 237 120 52 -140 58 -103 119 3 -50 248 67 61 69 -72 107 110 206 -20 -235 -220 194 -111 234 -249 -60 24 -118 20 236 -221 117 -31 -225 -200 -154 163 35 218 -215 -143 201 5 -182 -218 131 213 -89 7 -234 -34 121 17 19 63 145 -161 57 151 189 -151 100 60 10 -230 -201 -58 -209 68 246 -37 -81 98 195 -134 -67 -8 -10 112 -66 152 175 -197 49 -171 242 46 122 -125 -158 -157 115 -62 245 56 155 -178 241 47 233 108 196 42 135 -115 158 -47 22 -30 219 -90 -82 101 86 199 -14 81 164 173 -46 21 127 -241 -6 -190 -237 -166 167 238 -180 -124 -53 -123 138 178 -132 0 -146 33 -107 72 193 40 -137 -213 -205 -98 118 -15 94 59 -243 -122 -148 -51 171 -141 91 -16 64 -80 -68 -93 -149 202 6 136 169 109 75 -57 -42 -208 -79 221 -116 -155 129 205 -202 141 34 -23 -236 142 23 16 -25 192 99 77 232 -185 -91 -78 224 -179 -12 -198 -135 222 247 -5 -86 209 -169 -56 -204 38 50 -17 208 80 -226 -207 -247 -203 -21 116 204 82 65 11 181 -222 76 186 97 -85 -238 113 -83 156 -84 -108 -109 25 -167 -74 -94 -64 -120 9 -114 -168 54 133 111 -3 231 130 -77 157 66 -100 39 -70 18 -199 149 92 235 74 -40 -153 -244 172 2 87 226 -96 -164 73 -126 -152 -48 -95 8 -69 -162 -232 -87 -184 -27 -189 211 -195 197 -194 -73 -41 62 -147 -76 -233 12 -106 -245 -92 185 -29 -104 93 -214 -63 144 -99 -101 44 88 -219 203 150 154 31 -102 -183 95 -193 -196 -22 -138 161 -18 -28 132 -1 -240 -224 78 198 228 -127 153 -228 55 -250 -117 -130 -181 -35 177 -128 212 -133 180 210 249 244 84 -97 -150 37 43 139 45 -7 165 148 184 -159 -165 -187 160 71 -229 -212 182 190 -113 214 -54 -139 134 174 -188 -242 103 30 102 51 26 243 230 147 -75 -186 48 104 -175 123 -39 83 -211 14 -19 191 -121 -223 -144 -145 -55 29 -246 41 -71 -24 -206 53 -13 -49 183 -173 -239 -216 -52 -11 -44 128 106 -32 15 -2 -26 -112 179 200 -4 27 -131 168 -227 -45 
TEST 151 ARG:143 158 -134 140 -9 -109 144 -45 -82 106 70 -59 54 -79 -229 246 235 -152 -185 -98 182 -56 -70 -6 -193 110 57 175 104 241 -161 211 -215 -241 41 155 156 84 68 157 112 85 -234 159 -204 -1 -54 -140 48 31 -182 134 -138 -133 23 172 7 83 -192 -199 248 -136 -80 -222 -55 -203 -32 91 -99 55 -57 73 202 -179 245 135 -17 72 -187 -205 249 19 0 -217 44 -123 111 188 123 4 71 -250 11 171 -178 -191 -52 -100 -63 153 217 16 -25 -118 -245 -108 -64 -87 -238 40 -15 30 -158 60 -200 37 -27 6 92 1 -75 -13 200 181 113 -130 220 -219 -160 -120 -163 -243 -58 166 137 12 15 -40 228 204 -189 -170 62 -34 225 -165 -231 -29 109 -194 -206 165 17 -226 128 -48 121 -214 101 86 26 -148 -3 187 -153 210 75 -10 22 -85 226 49 95 178 221 168 -188 -147 -102 -216 47 138 126 -166 -208 160 223 136 -111 -150 -221 146 -167 116 -90 238 164 43 5 -16 206 -119 -46 151 227 82 213 203 -91 -162 -89 10 195 -183 -11 59 -110 -127 -164 -181 -66 53 -14 8 234 -65 -227 81 58 -95 51 74 -149 -96 212 197 -146 -47 152 -212 45 -73 -239 100 124 125 -137 -228 25 -195 33 -33 96 38 -69 77 -177 -4 176 -145 133 -223 -207 -220 -12 29 -101 -142 242 42 108 -28 -72 78 162 35 130 147 66 -93 76 46 174 50 -18 -154 230 -176 240 -20 -235 -172 183 179 118 201 -174 -114 -190 -49 -156 122 209 -122 -196 161 -8 102 65 119 -78 -209 193 207 192 196 -202 64 24 -126 208 -211 -237 9 142 -35 114 -104 -62 214 232 -43 191 -128 27 -94 131 173 -210 218 180 -7 98 -42 -41 132 -106 198 167 -232 185 -31 -83 -131 -74 14 117 21 36 107 93 103 129 149 -105 -68 -180 127 97 -37 120 -224 -169 3 90 67 150 -92 247 243 216 -225 219 -125 -213 -124 -76 -23 -21 32 -2 148 -230 -175 -157 -50 233 -246 -151 -143 -117 -71 -30 -24 -51 88 205 236 -5 -168 -61 -113 -22 -97 -38 69 190 231 184 194 -84 -233 141 52 -121 94 63 -36 -244 224 -86 -249 -132 18 -112 169 -116 -107 145 229 154 -103 -77 -139 -60 -173 186 105 2 115 -171 13 -236 89 61 -129 -159 163 -184 -186 139 56 -240 34 99 170 -19 -135 222 87 244 -67 -144 -53 237 80 -218 -247 177 39 -115 -248 28 -88 -39 -155 -81 215 -201 79 239 20 -197 -44 -242 189 -198 -26 199 -141 
TEST 152 ARG:-121 -39 -207 -221 131 190 -164 12 201 118 176 -27 117 -163 -201 -161 174 -245 -88 -239 121 101 -48 -206 -99 -12 85 204 154 -61 -125 99 120 -237 215 227 -142 141 -18 20 -168 -113 -154 109 -70 150 133 -11 -2 74 137 163 193 -149 219 -120 59 -102 220 -34 230 -78 162 -135 180 -178 -182 -209 146 -242 86 9 249 -189 -40 0 216 72 173 -194 196 -203 -93 29 -215 -147 200 -148 -234 -25 54 71 159 -146 -131 -238 6 178 107 -45 -240 244 -211 -29 -152 -100 -20 67 49 240 -134 232 -96 177 -214 -205 136 78 -43 -51 -193 -84 -226 87 122 -58 66 -41 -158 202 181 115 203 187 -66 46 90 108 -246 113 -172 -162 241 -188 -236 188 55 97 16 69 53 -187 -137 -56 -217 -8 -184 70 -44 -230 83 14 -80 63 -200 246 61 -21 23 -1 -83 127 95 41 -176 -54 -67 79 -190 -180 -71 116 27 -156 -232 -32 206 -53 -69 194 -35 -159 -36 -63 -31 -114 -181 198 -208 143 104 51 -141 233 -77 -108 -185 -117 -183 106 -229 -202 25 -128 152 64 -186 -118 179 17 148 138 5 -90 132 2 21 151 221 -177 -151 22 60 96 -24 -204 225 -191 -33 110 -4 -55 -3 -249 105 -123 30 214 -223 -220 -22 128 -74 -82 -139 213 -218 -174 -124 226 56 -224 -247 134 119 -13 -73 48 8 -130 195 153 242 -140 50 144 -106 32 186 -105 -227 222 182 102 197 142 62 -150 10 -233 189 -222 88 -5 149 -165 -94 26 -7 82 171 -122 -87 237 -103 -250 -198 161 238 -14 -112 37 -143 -104 -133 57 -241 -138 -192 73 91 -197 -65 7 -244 -228 155 -129 157 -175 -86 28 211 -235 -157 126 45 210 42 -59 44 207 -37 112 -170 34 77 229 209 185 156 139 -195 123 166 -231 38 199 -225 -119 129 -68 43 228 -219 -169 208 -10 4 18 218 -153 -91 15 -111 183 -60 130 11 47 -248 158 191 36 -95 -17 39 170 -127 -212 235 81 172 111 247 -16 33 184 -92 -155 -50 -171 103 -76 224 35 -101 169 168 -28 -216 231 -107 192 40 245 -81 -75 164 167 1 -166 98 175 31 234 -145 -110 -199 165 243 93 248 -15 114 -179 -132 -160 -47 160 -213 80 -19 58 -23 -57 84 -30 145 147 -109 76 -210 -79 68 -64 239 -72 205 13 -116 -115 -243 -85 -144 -62 -196 75 -26 212 135 65 -98 89 -46 24 140 3 -126 -167 92 124 -42 125 -38 -49 236 -6 -97 52 -89 -136 223 -52 -173 -9 100 217 94 19 
TEST 153 ARG:-30 -28 -233 -29 -93 -146 202 218 37 -219 86 -141 -165 88 28 -31 19 171 188 212 44 -199 -17 27 106 76 -191 -21 -86 135 -83 185 173 110 -238 -203 -230 -122 -116 43 100 -50 -206 -202 -181 180 -170 48 -61 -46 -18 -8 -131 107 -34 194 -66 -109 -72 121 154 216 66 5 52 -44 -81 233 73 -64 92 20 177 -70 -103 -118 186 36 240 -78 158 189 12 79 193 198 232 60 -208 -10 -49 70 127 -55 -223 118 114 78 81 -210 -160 -37 -85 -40 83 128 159 156 195 -92 -176 245 -249 -151 -132 184 -53 99 -133 0 175 -32 190 -134 -211 204 -57 14 13 206 130 18 126 -187 199 -119 -245 -63 145 207 143 163 -102 219 1 -41 72 -115 -227 174 -152 161 -162 -104 -126 24 172 139 125 -25 65 191 33 -59 56 -232 -195 50 53 168 -3 -194 108 182 -196 -183 234 38 236 -138 -204 201 -33 231 -147 -4 151 136 -90 -120 -229 -225 150 -228 9 -158 222 -19 -113 -111 153 -190 39 49 -178 142 95 -175 -224 103 -38 241 41 84 243 -244 -192 -209 -15 176 47 -121 -250 224 -71 -51 -84 -95 -99 211 183 169 2 -214 129 -201 -73 29 -82 3 -246 -236 -12 235 138 229 21 -79 -9 82 -6 -97 77 -88 -43 -144 -248 102 -161 109 -128 165 104 -110 120 220 -35 205 -142 -240 34 -169 148 209 -235 -117 -216 -177 -155 -48 -16 57 54 15 68 152 -7 98 40 -185 -123 203 -157 -136 -247 51 -13 157 30 -241 -167 248 -150 97 -11 178 -220 -68 -130 117 75 -5 227 -207 119 -91 217 85 -27 228 -145 87 247 -239 -62 -164 -242 22 -47 -76 -108 244 111 58 55 -149 -94 123 246 45 -156 61 -148 -58 -159 -39 -215 59 42 197 -2 112 -65 -213 196 -168 208 -182 -166 80 -101 -87 4 -186 6 16 192 -163 133 237 164 141 249 -106 213 -60 -205 162 -14 69 -184 -135 116 -127 26 223 -20 -189 144 -77 -112 -105 -234 -22 214 8 -174 -198 149 -54 122 225 93 -188 -75 -197 179 124 -69 242 -124 -100 -114 -200 -221 105 35 -217 170 131 10 32 181 -26 64 -129 -212 25 140 239 -24 94 215 -52 210 -80 -180 -172 238 -96 23 31 187 -153 113 146 17 -89 221 62 11 -139 63 155 115 -56 -23 -218 134 -137 -222 -171 -107 91 -226 200 46 -1 -243 -179 67 -42 160 -173 7 -193 166 -140 -67 147 230 226 137 -143 -237 89 167 74 90 -98 96 132 71 -154 -45 -125 101 -231 -36 -74 
TEST 154 ARG:104 -48 -97 177 -78 205 123 145 -107 236 -168 128 209 -129 -172 178 -152 135 -156 70 65 -139 223 159 -246 85 -41 196 100 39 -232 -73 -250 -114 14 83 -219 -124 -236 139 136 -67 8 68 -245 -154 -110 2 -200 105 -194 -206 -15 -106 -6 26 -201 -223 64 167 -87 -74 -185 161 60 101 192 163 -202 191 -140 -244 49 44 233 69 114 138 246 -209 -164 -133 -65 115 77 -229 23 91 -179 76 182 143 52 113 124 149 -192 -45 -99 54 -134 -221 155 189 -126 201 -119 -27 50 -151 202 -143 78 -20 240 230 -155 102 232 186 -208 111 -198 134 -40 180 -92 -56 -116 -184 -83 216 -222 195 -60 -228 -242 -197 -248 107 -66 -211 7 35 24 -33 132 -130 241 22 -125 -231 158 140 -109 174 -24 33 -25 -141 45 93 164 -42 -238 -167 -165 -72 141 116 -57 -101 51 -174 -86 -127 -187 -47 -137 -144 -205 -39 -69 197 92 37 -103 -203 -104 -199 -63 -118 169 -204 12 -112 -218 211 130 212 -147 -190 -234 58 -148 -71 42 -82 -235 185 137 -247 204 -95 -120 200 21 -115 187 90 -43 -19 172 46 -90 -233 -9 -58 -135 -35 176 -213 -161 74 190 -146 63 -220 25 -36 -153 -98 80 -81 -163 82 -175 168 203 -160 154 89 -180 28 147 -51 -159 -210 -108 -52 6 -54 181 131 -50 213 118 165 247 -224 97 194 -142 166 96 16 -26 -150 -178 88 156 -243 248 -183 17 48 151 -59 87 -18 -91 55 -79 -31 108 -28 -226 127 -16 59 40 41 -240 34 231 -111 84 -85 -177 199 81 99 193 15 86 19 -38 -96 227 183 -123 112 -249 31 30 -182 146 171 -22 221 126 -215 36 210 219 121 56 66 -189 225 -14 -55 67 109 -53 173 -46 -64 -34 61 -11 62 11 29 -131 1 53 239 0 237 -171 13 -193 133 -241 -8 -68 9 243 -230 -225 -80 73 218 162 4 234 -61 -7 -21 -30 235 -169 249 -132 -237 27 -44 -105 -162 217 153 -10 160 215 3 -176 -128 198 20 -29 -113 117 -158 244 -173 -188 -2 -3 184 228 -1 -76 -4 103 245 -166 175 206 -102 18 71 148 -239 94 157 57 224 -121 -157 150 -77 -5 110 -196 229 -100 119 -186 -37 -136 -70 -207 214 220 -49 144 5 106 -138 122 -214 226 208 -12 -217 95 242 129 47 -195 -62 38 32 -17 -149 -88 152 -89 43 -145 142 -212 98 -122 -216 -32 -181 179 -227 -23 -117 -93 170 79 222 -84 -170 75 207 238 10 188 -13 -191 -75 125 -94 120 72 
TEST 155 ARG:-166 183 28 -81 -46 52 -130 199 -100 -139 63 69 235 -127 136 208 156 192 -21 238 215 123 105 166 -25 -205 170 121 -38 203 219 -34 -35 140 -8 70 125 73 102 233 -16 176 117 -50 -216 42 -229 43 212 10 126 101 -99 109 -138 -194 88 -123 204 228 46 -183 14 -159 82 -222 -113 84 72 205 83 165 -196 -163 224 -108 -202 -59 211 -20 -237 -172 -211 -43 -107 -118 -176 162 -47 -60 -182 -179 -249 216 147 -91 -162 -197 -33 48 -67 -12 108 12 -210 229 132 120 -220 148 -240 4 -53 -185 -171 -105 195 -17 -234 -64 -174 17 24 -86 -206 50 -28 -54 119 129 -85 -225 -98 232 -141 -103 118 37 93 -36 161 76 7 -241 -218 77 177 89 218 -83 74 -97 96 190 182 85 -1 19 -137 -44 -149 -93 -136 -244 -247 1 -82 -135 149 64 55 86 169 -18 116 185 202 -142 -173 20 15 -187 41 171 -193 62 -186 -131 -223 167 237 124 153 214 -188 2 51 39 -209 90 27 144 104 -15 13 -189 -27 -126 -92 -32 33 25 226 -235 -115 87 152 -156 225 80 200 231 -22 -77 6 -29 -157 -242 227 249 -96 175 81 172 -102 -168 -147 242 -31 -14 222 207 130 -4 78 -66 47 -65 -243 -124 -80 194 -230 -199 111 30 -128 60 26 107 240 -71 -250 -200 220 -169 106 5 57 -114 -10 113 -48 217 -233 -5 -161 -178 151 -231 -45 22 -68 -104 -109 -212 -133 -24 -72 -146 158 -204 -219 3 -90 -78 131 -145 247 243 164 110 -165 223 181 -192 143 201 -213 137 236 16 95 -151 -175 31 -76 150 133 206 -201 -226 -221 196 -51 100 245 -42 241 189 97 -58 61 71 -101 186 -49 56 184 122 -89 -122 9 36 -2 157 -30 -37 174 35 -158 67 -40 -7 160 -120 -61 -69 187 68 38 8 -84 191 -246 98 246 -13 34 114 21 180 209 -55 -164 -167 244 -238 -106 -217 -148 -154 45 -56 -207 134 -132 -57 32 -239 154 -75 -111 -198 -19 -180 -227 -73 99 142 75 66 0 127 -214 -39 -70 -143 -153 -191 163 193 145 91 139 -245 -63 -87 -236 -215 -224 197 -121 155 -116 44 -160 -117 178 248 29 128 -140 -177 -181 141 -88 -155 54 -23 103 94 -195 230 49 179 18 168 59 -232 79 11 -228 135 -248 -170 -129 -79 138 -3 -74 -94 92 -110 40 -52 -208 -152 23 210 -11 -150 -203 198 -190 53 -144 -95 -9 58 112 221 146 -119 -6 -184 188 115 -125 -62 239 234 -41 -112 173 65 213 -26 -134 159 
TEST 156 ARG:-24 130 243 -154 140 -23 57 -214 181 221 6 36 -230 105 92 89 48 -38 -75 229 186 131 19 -10 -223 77 -161 59 -235 -241 -16 64 197 31 -4 -210 -175 -124 -65 -25 110 101 95 -188 235 20 -105 38 2 106 162 90 -159 74 191 63 -202 -31 -182 7 26 -99 -216 28 128 218 -227 29 -149 -160 -111 190 230 8 -37 16 -68 241 -119 -13 -211 -166 -17 88 -49 167 -80 123 -47 236 -170 134 -117 107 224 -126 126 -110 -51 -206 -113 247 245 -78 115 60 113 187 174 207 -184 185 -217 -208 155 109 13 -183 214 194 -189 150 15 -229 -2 -36 201 219 -50 -242 -181 125 -240 -19 94 -219 -61 -132 -198 -193 222 -88 80 136 164 -162 4 204 209 30 180 -40 -148 -123 -153 43 -89 -59 147 232 169 121 37 -85 242 -63 -232 237 215 -222 -22 9 99 -165 108 -152 -79 156 102 25 54 100 143 34 -102 -67 -5 -151 -15 193 -116 -46 97 157 66 -224 61 -194 -97 238 161 55 -93 189 -131 96 98 -196 -81 11 -243 68 -137 -245 -221 -74 -195 -53 -201 14 138 81 178 -42 -247 75 -169 220 -90 -101 52 -14 39 -91 127 -32 -204 53 -215 -191 -87 -156 -139 17 -200 145 32 112 35 -136 78 0 -129 146 212 -18 196 148 188 -44 133 183 244 -104 139 3 -28 -128 -35 -83 -27 -171 223 -6 91 5 65 116 -94 153 87 18 225 -199 119 -120 -20 -56 -163 173 23 -77 206 -158 -155 176 -1 -103 226 172 168 -238 -135 62 211 44 -12 227 -146 -122 -185 -39 58 165 69 -115 -142 -228 -52 46 -76 21 -9 -71 -173 45 179 122 200 -43 163 192 -141 84 158 -177 24 -34 132 -3 198 -233 -144 246 -21 -248 42 -220 -54 142 111 195 -237 -58 -82 -134 199 83 -96 -130 -218 22 166 129 213 159 -174 -118 -192 233 86 -186 73 76 -212 234 -72 -106 -70 -84 82 -143 151 120 -138 -207 177 -209 -180 170 -125 -168 -164 141 49 210 114 -30 -57 41 -250 184 -231 160 -145 27 -157 -190 216 -60 117 12 -114 239 -98 -234 248 1 67 208 231 71 -246 93 203 152 -108 240 -107 124 -29 -239 205 40 -213 -121 -112 154 182 85 -66 -133 135 -92 -95 -69 -150 -127 70 -147 -225 103 33 -109 -178 51 -8 47 -62 -64 -55 -236 -187 -73 202 -176 249 -41 -205 -179 -26 -203 -197 72 228 -244 10 -140 -172 56 137 175 144 50 -249 -100 -167 -7 79 -45 149 171 -11 -48 -33 -226 104 -86 217 118 
TEST 157 ARG:-36 -32 166 113 173 -124 -44 -115 2 -76 -116 8 -215 17 225 52 -74 -230 71 3 -109 237 -117 189 148 -23 -73 112 -102 174 86 -185 -89 -249 202 157 95 -209 247 160 -212 141 -91 -75 220 -7 90 -38 -246 143 171 -142 92 156 88 159 -67 -130 31 75 20 176 -206 137 144 236 35 196 108 -66 30 -149 -58 -26 145 -250 26 -197 126 36 163 -139 -110 243 29 32 -183 183 -178 -243 -216 -47 -21 -195 169 -6 -226 21 -12 84 96 -202 37 -192 -92 62 115 175 33 -43 -57 -172 -107 12 235 146 194 74 -247 61 -157 53 -114 147 39 -68 203 -15 127 -171 212 83 -5 -219 -162 248 185 -122 106 -232 201 132 123 -201 -126 -222 193 -131 -61 241 -81 105 130 -147 -22 -111 -223 -105 -145 -188 103 -196 167 -46 65 50 182 14 81 -94 57 -242 162 -182 -156 -174 -28 97 227 198 -112 -90 117 -237 -189 178 -79 -158 -16 59 110 7 -155 100 -72 -236 -120 -248 -10 -53 54 158 240 -14 -136 6 116 -19 228 213 -213 -31 -50 -205 -113 18 -29 219 246 -210 19 -59 -177 46 76 -133 234 -186 -217 -20 -104 56 70 79 -39 128 170 9 142 -35 25 -83 -235 102 114 200 23 -64 -176 -168 -165 -95 -60 164 0 -33 192 -118 44 118 208 -150 85 -166 63 165 -153 60 -34 199 249 151 41 -1 224 -86 -132 -119 188 34 -13 -173 -233 80 -77 91 -128 232 43 239 -169 87 -199 238 177 99 217 -203 -137 -144 -11 22 211 -138 197 -51 -8 152 181 -93 150 47 24 -204 244 -97 77 -65 16 -141 -17 135 -103 -125 -193 223 -140 -191 78 82 -52 180 -9 134 -194 245 -143 231 214 -167 -100 -208 42 218 -200 -159 -211 -71 89 -18 -78 49 -207 5 -161 226 -54 -234 -42 -56 -3 11 -106 222 94 1 204 -108 -228 -24 187 -98 28 -227 -160 15 -146 68 -179 207 215 -221 190 153 93 -87 -48 -148 72 -239 136 107 -121 139 109 161 230 -231 122 45 149 -37 -45 -88 -25 -82 73 138 -240 -101 -225 -2 -198 98 55 -135 -41 10 -241 125 -214 -4 -245 69 -70 -181 216 131 -99 -152 242 229 -49 -187 205 129 -180 48 195 -69 27 -40 155 233 -184 168 -129 119 111 186 38 -224 -63 -220 121 -27 -238 133 -62 209 51 184 -127 -190 210 64 172 40 -55 124 -134 191 67 -84 -218 140 120 -170 221 -85 -154 -80 66 -96 206 -164 154 -123 -244 -229 58 -175 104 -151 -30 4 -163 179 13 101 
TEST 158 ARG:-145 -87 -137 -246 166 13 175 157 -27 -206 225 -213 215 176 -227 -12 -169 -84 139 -83 -194 -229 -151 4 163 37 14 74 81 -220 144 -98 39 131 -205 -178 -249 196 155 -53 91 211 -74 30 6 17 -187 151 -73 23 -234 41 180 99 184 -78 -28 120 -92 36 158 177 35 150 149 -154 -36 231 -44 -149 108 202 -62 -125 -34 -100 -59 -31 179 79 -130 227 -192 -236 181 126 -124 -23 95 -38 119 248 232 146 230 128 -76 -93 55 -225 123 34 212 -141 -162 138 7 -239 106 -172 -33 60 -128 219 -198 182 -118 -159 -97 -6 66 -115 -69 -65 156 233 -147 140 -216 -116 109 134 -202 57 -232 133 -180 -57 114 173 -39 -71 191 186 132 -224 -9 237 -235 -4 197 103 -45 115 135 -13 -160 -22 223 94 209 46 -155 -204 63 3 -104 160 -237 50 47 -113 -5 -139 -109 218 203 45 69 -121 65 164 44 113 -240 206 -67 -29 229 16 -122 85 93 -219 213 87 -37 29 67 -168 238 -146 -14 195 -63 170 148 62 -107 189 -243 100 -129 -144 -238 -96 -86 0 116 -218 125 -176 236 -142 239 249 -7 -223 -171 -102 111 -117 -188 61 1 -20 -95 -195 -50 207 -153 214 198 43 226 178 -51 -68 -158 77 130 -190 -106 168 194 243 31 -47 80 82 -72 -165 -19 159 -111 129 -156 246 -114 73 -143 -248 -79 19 -185 -191 86 48 88 18 188 -41 49 52 201 104 2 -103 -245 -89 -157 241 121 96 64 -193 -152 143 -161 -58 161 -21 -173 -233 -42 -214 -82 -15 -94 70 -186 -244 127 171 28 -126 -40 102 -101 -25 -140 -228 -75 -46 -16 217 -150 84 187 -164 42 222 141 -54 -241 185 51 5 -189 190 -133 -85 -166 167 112 -132 -48 107 89 -127 -136 193 -11 78 -123 -17 145 22 -221 -105 -201 -199 -119 15 -182 25 -66 33 142 32 -64 -222 71 -120 -35 40 -250 137 210 12 -211 224 -163 -81 136 75 8 -247 -56 38 97 -88 -217 -55 9 11 220 -90 216 -208 -70 -167 174 59 124 98 24 -24 -1 90 -174 208 221 147 152 76 192 -10 -18 204 105 -138 -242 -77 118 -148 -80 -112 -2 -52 -183 110 153 200 -230 -210 183 -99 58 -197 -181 154 26 -49 247 -43 -179 -226 162 235 122 27 -110 -61 92 -170 -177 -8 -135 -196 21 165 -134 172 -108 10 245 -203 117 -91 72 54 -60 -3 -215 -26 244 240 -200 -30 199 -231 228 -184 -212 205 101 -131 68 -32 20 -207 242 83 -175 -209 53 56 169 234 
TEST 159 ARG:29 -112 -50 183 156 -148 -192 179 229 24 27 5 -113 112 72 -105 -74 101 84 -137 125 36 241 -109 -54 34 62 199 51 -71 25 149 77 -147 -68 6 -119 123 -4 -110 86 57 -156 -168 18 -118 30 -106 -221 107 249 -83 -17 -234 127 206 -201 -159 207 -184 44 -164 -133 -203 94 54 -104 74 230 15 98 -143 214 111 -214 142 -208 -212 140 -141 226 194 -162 21 -223 118 160 39 91 222 187 -193 124 -222 99 -58 151 4 -57 217 108 -48 144 22 208 87 -86 -127 -238 218 46 148 32 -140 43 -20 -190 201 -231 182 1 120 237 105 85 -126 -216 238 -44 -15 -96 -75 -178 178 -189 -89 -198 97 55 159 -11 45 -235 -176 -62 -244 -95 166 239 -134 -79 33 -64 170 -76 -67 135 -226 158 -139 -163 -80 -227 23 -142 -183 167 -7 -97 -77 -117 132 -42 75 -13 -107 -1 67 137 203 141 -180 -160 -229 -246 171 102 -206 -220 -182 136 -236 70 -204 -187 83 -82 16 103 41 -28 248 243 -195 -55 59 -46 -144 192 -85 -39 -228 186 113 -92 -155 176 246 -132 -165 71 210 38 -59 100 -100 -240 28 -63 80 -116 -108 95 -202 -249 -69 -170 -248 -242 10 -232 -166 -211 37 -124 -151 110 -40 35 -230 -30 219 106 -120 236 -146 42 -24 17 247 96 -129 53 -123 -150 -61 -194 -215 11 63 -122 145 184 133 -81 66 157 -175 -32 -239 -25 -136 109 139 240 60 -35 -250 175 225 68 0 204 233 232 -47 -157 -60 -26 235 -29 -3 -101 216 92 -247 -34 -207 9 -135 -43 -217 52 -31 81 -128 -177 -224 153 -125 -12 -243 131 -87 -52 8 163 2 119 82 173 -73 -36 -90 -91 220 181 164 88 245 -200 -94 -23 -53 -179 -114 90 -49 -51 -18 122 -56 48 13 -186 -14 40 47 12 3 -72 177 -191 -98 193 -37 197 188 128 189 76 -111 58 126 -213 -2 -9 146 -138 64 168 -197 155 -103 209 104 20 165 147 -102 234 56 -33 -209 89 -99 180 231 213 138 228 -70 161 -181 79 -173 -154 244 -41 152 174 -210 198 -245 -115 -174 202 -5 65 205 -8 223 211 129 -161 169 -169 -199 130 14 -152 162 134 116 -130 -241 -21 227 -45 -171 -78 212 195 -153 215 78 115 -10 -93 191 200 -19 -233 -88 -172 -66 31 117 -196 172 185 69 242 -167 196 -185 -149 -145 -65 -84 -6 -219 121 73 -218 -16 61 93 -158 -38 224 49 154 -225 -237 26 114 -22 190 19 50 7 -27 221 -188 -131 -205 150 -121 143 
TEST 160 ARG:-77 92 135 -38 231 196 158 -120 50 -116 83 -233 -228 69 -136 -216 -166 -78 -161 -18 0 -117 76 -139 125 114 91 -247 -55 137 35 21 87 178 18 47 -171 116 194 -129 -162 -203 104 90 163 -176 167 45 -100 174 -62 75 -112 -123 171 -43 3 -175 112 -20 -234 181 -187 -154 -193 -37 192 58 24 139 -235 39 -45 71 -243 193 78 25 -8 -214 29 159 -246 165 160 72 27 207 138 -245 166 235 177 -2 164 113 175 99 180 -16 -205 74 108 60 -59 -54 -113 30 128 -137 215 102 157 -19 -231 36 97 82 61 212 -73 224 -31 -9 172 -11 79 -84 149 151 205 226 44 43 -114 26 38 1 -183 204 -126 169 -44 -213 -108 232 -61 229 168 -241 133 162 147 -3 -189 66 105 2 -71 -23 53 -64 184 -181 186 14 -239 185 -178 -226 -163 191 -28 80 85 -220 22 -158 -170 -168 -191 54 145 -14 -39 -151 -52 65 77 88 -230 48 150 -58 86 -194 40 -144 -34 -182 -148 -224 -209 243 -26 -207 -22 -30 195 154 119 234 -208 -217 209 227 -119 -169 -244 155 -4 201 -46 183 -128 -157 -248 -249 8 9 -147 238 -238 -92 -184 -66 -12 144 -210 197 223 141 -200 -99 124 -107 -7 -63 68 -131 179 -121 37 129 -133 70 -237 -156 -174 -85 -150 -68 -109 -72 -124 245 31 221 198 -152 213 -141 206 -89 219 230 -185 -95 -10 233 -93 161 -86 -82 -204 4 111 121 67 -221 -105 103 -13 -132 -118 -146 152 -199 28 -47 63 220 -60 134 101 73 -53 -88 -25 109 -188 -240 -81 -101 -6 -80 -87 -111 -110 200 -127 84 203 -50 -215 182 222 187 -212 56 -103 225 -222 -42 -177 42 19 228 -206 81 -160 49 214 -5 199 236 -227 -201 -138 51 -122 170 -125 122 -197 -134 107 -21 -98 -36 -145 -51 -140 -57 -172 5 -65 -96 -102 -232 -115 -94 248 126 12 -196 20 217 -250 146 120 -192 23 11 153 188 -74 117 123 -79 173 189 -67 -229 -219 -70 106 -198 237 110 -32 -223 13 96 -142 216 -97 -69 59 118 249 211 218 89 -242 -35 -159 127 -24 -225 242 142 -155 62 -149 33 16 -15 130 -143 -165 156 -180 -29 -135 190 -90 55 -167 -104 -33 115 -164 94 57 -56 -153 17 -48 41 -190 -40 136 202 52 247 148 241 -1 7 34 64 -106 -75 -202 246 -211 93 -173 244 239 -17 176 -179 210 100 46 208 131 10 15 -83 240 -49 -195 -91 -218 6 -41 -76 -236 140 32 -186 132 -130 -27 95 143 98 
TEST 161 ARG:-92 -42 -140 -65 167 -80 -29 -44 102 -4 221 71 187 44 182 -52 14 -5 -204 -189 118 11 244 -188 -183 169 183 -238 81 19 214 -93 -111 38 57 76 211 -158 247 227 24 12 28 194 -12 -15 129 -117 148 84 -155 -246 58 -161 34 235 104 0 174 -228 -168 -71 -220 -2 8 -133 -122 -250 210 75 202 59 92 -97 20 186 -210 196 -77 157 -17 -115 208 -74 33 193 -196 -195 -24 131 77 -244 -225 220 13 -91 -108 117 -68 -172 61 -40 53 -214 239 -106 99 -243 207 -241 228 -121 176 54 141 -118 83 -148 100 -145 3 25 41 -231 -187 -199 178 -55 134 -88 55 -170 -35 185 -216 -27 -100 -201 145 -162 107 203 16 -184 -25 -119 -38 199 -175 149 -85 139 225 -31 56 121 138 -107 -62 184 46 229 -233 -193 198 45 -125 156 127 95 109 78 -90 -232 18 73 1 -105 -70 -209 -53 51 -163 -123 -203 60 105 -109 222 29 49 -63 -211 170 231 168 2 -143 116 192 -58 9 158 -191 -54 124 67 -185 -33 -30 21 -9 70 -96 26 -208 -160 -129 -236 -1 -95 -67 110 66 -206 179 -18 -156 72 125 -8 204 240 -113 -213 -124 -147 -205 -47 232 153 180 140 -7 -57 -150 120 113 -141 226 115 79 -79 126 143 22 27 -149 241 -37 97 -61 -197 166 -51 -157 89 -152 144 -174 -32 91 -99 -165 130 -190 233 69 -226 -164 74 -103 -242 -142 161 -247 -146 -151 -194 136 119 -69 94 154 101 -81 160 165 -3 -78 -218 -72 -87 177 -11 200 230 -235 216 -28 -249 190 217 -126 238 245 -219 191 -130 -127 -138 122 -245 137 201 -217 213 -239 108 135 -39 -19 -166 -144 234 -171 -222 -64 -20 -134 -86 35 -223 123 248 -202 188 142 146 -116 6 133 249 -229 -101 15 -179 205 -83 86 -167 7 -192 212 -56 219 -112 -221 40 47 -234 -102 -22 -84 -6 -137 43 -75 36 -34 -10 215 -120 -45 -215 39 87 236 23 -248 237 65 189 -159 -178 164 147 -154 37 80 175 181 151 -114 85 -21 -212 17 111 172 218 -13 128 159 195 -198 209 31 -94 62 -132 -176 197 88 -73 223 -131 206 -36 171 -48 -16 -89 96 152 -224 173 -182 -136 162 -186 -207 90 -14 -46 246 48 103 82 10 98 -177 50 -41 114 -181 -49 -240 243 -50 242 -135 -59 106 -23 63 -169 -110 -43 -237 150 -26 42 112 163 68 5 -82 -153 224 -104 155 4 -230 -60 -66 -180 -173 -128 -76 93 -98 52 30 32 -200 -139 132 -227 64 
TEST 162 ARG:-182 87 -127 -150 -224 7 -18 32 111 -124 141 60 34 -57 -206 31 -85 226 -183 -203 -87 -92 -59 76 58 -235 94 170 -65 -239 205 -52 -197 132 45 -53 -82 -237 -17 -171 -141 83 160 -12 -119 -165 -28 26 201 -32 -164 -174 146 79 -11 243 237 113 -148 -116 -97 38 89 57 -192 -58 194 56 -74 -244 -151 149 154 -160 169 40 168 15 -191 -22 -102 -68 140 -43 203 104 184 54 236 81 95 -137 -123 -212 -210 122 74 -199 177 16 196 172 -232 -91 -170 135 66 -117 -209 -88 -143 143 3 -5 -250 -207 -1 72 -21 -23 166 86 -8 120 -135 -31 -60 -95 69 -176 129 25 -83 235 228 148 -40 -194 67 126 -201 -219 219 49 -211 142 -10 232 -161 145 -118 92 -196 -246 227 44 -226 136 19 -113 77 239 223 -107 -96 11 157 -128 -157 -138 -78 -166 101 -26 161 110 -185 -202 91 225 211 27 217 -213 -153 -173 119 -48 208 -214 -125 -122 186 -9 -55 173 -104 -242 242 152 -240 -16 -231 162 144 -67 -61 -155 197 -238 150 209 -45 -222 -90 50 -217 214 185 6 14 -81 -144 -111 238 -47 -44 139 -216 36 -179 -72 -136 -225 61 -115 -56 -69 28 164 -243 4 -189 -106 -130 213 -112 -120 -134 -99 -233 116 -132 133 62 -162 121 -13 -175 59 99 33 96 52 151 -94 -84 2 131 78 42 -200 -33 -145 -41 -46 -142 -177 -25 163 -188 22 -62 5 -6 138 1 -178 -228 -154 21 -70 190 65 187 -156 -163 37 -184 84 220 -51 70 -73 75 210 85 -50 -34 192 195 -218 204 115 230 218 43 88 127 159 -7 189 -35 46 -248 -64 -101 -167 155 188 -190 158 -100 147 -208 -168 -159 -221 48 -89 -14 -98 -27 103 8 -195 90 -71 73 -63 55 -15 100 -158 -30 -220 175 134 244 125 231 124 -186 82 233 -24 23 -105 -247 246 -198 -29 153 137 240 221 20 -36 -152 -147 174 171 9 -3 29 -49 10 35 167 -229 -126 107 234 183 248 165 64 108 41 207 212 -19 -2 -234 112 -54 63 -204 202 199 -146 -42 30 -129 128 156 216 13 -109 0 93 -80 -76 68 -227 193 -230 -236 182 -114 -38 200 -37 53 123 114 -133 -241 102 51 12 -110 18 -140 -215 -79 249 -86 -245 176 118 105 -149 -77 -66 224 178 -4 -121 206 117 80 181 39 97 17 179 180 -108 -103 -93 47 191 130 -39 -205 24 245 241 -169 -139 109 -131 222 198 -187 -75 106 -20 -181 98 -180 215 247 -193 -172 71 229 -223 -249 
TEST 163 ARG:-30 -168 -17 129 -19 -232 -113 -64 -115 232 -185 124 -1 -212 -199 -233 -104 -192 -164 169 34 152 141 173 -236 200 -216 -99 2 147 -163 -35 12 53 -195 125 -181 211 188 -121 96 231 -57 39 -81 110 227 -150 156 -158 -125 -102 -108 -132 176 246 178 208 243 -116 186 -194 128 -7 21 69 -8 -250 132 -55 -241 -177 74 -190 13 10 -221 240 70 -187 -63 78 -21 -135 -88 206 -85 102 -66 -154 -245 71 -67 -222 -149 137 149 -213 -14 -40 -225 -72 -77 245 28 88 -178 219 -220 24 -184 145 229 117 172 101 89 -179 62 -37 -174 195 -167 27 -5 14 72 48 -29 -156 -46 -27 162 -68 60 31 112 -93 -240 32 -82 154 1 -211 -122 66 82 7 218 189 -143 4 -45 202 90 -50 -89 95 -217 177 64 187 79 116 -110 35 -191 223 198 -75 36 -59 -24 77 166 -183 43 -224 65 182 217 -127 134 207 -141 146 -15 -83 85 122 119 -210 -146 148 -242 236 179 -100 -162 115 212 63 165 26 140 -33 203 -126 123 57 -239 -86 17 -188 -151 -248 163 -215 19 84 226 157 139 -166 -70 -175 -124 213 -203 46 -148 209 49 -214 56 -227 -247 210 58 -207 -49 -48 -218 50 -246 -172 -204 -74 -160 51 239 180 201 192 9 241 247 242 -76 -219 238 -161 214 181 -56 -80 -170 -153 -90 98 -4 38 -131 -206 -228 -120 -23 -140 73 20 91 225 -62 100 -123 -243 -230 -109 -237 -25 94 18 25 153 155 -42 222 159 -95 15 40 -10 -139 113 16 -65 -180 -11 121 -118 233 -133 -198 6 -165 -103 -235 120 -78 -39 76 185 61 -142 -44 167 -209 -114 -97 -193 158 -223 -171 -144 -229 193 194 -238 44 41 -105 -6 -87 109 -69 108 103 151 -91 -147 -244 -101 -119 -152 175 -136 -189 -128 -157 171 55 215 0 -20 -186 -176 -159 -226 249 -129 191 220 -134 -54 -249 -92 8 138 -34 114 -53 67 45 234 -38 -13 228 196 -200 221 -41 131 -182 5 197 205 244 142 184 33 -130 -2 127 -28 47 170 204 -112 235 54 -52 -96 -73 23 -3 -107 -208 -197 118 86 -18 -137 22 160 92 -12 190 -155 164 248 68 -196 144 -22 -36 -71 174 135 107 -84 97 3 -202 -111 168 143 -16 -205 -231 -61 -169 106 -43 -26 161 199 -138 -79 150 37 224 230 -117 87 183 136 99 216 -32 -60 30 237 -31 -234 126 -47 93 -201 42 -94 80 111 29 -51 83 -9 11 105 -173 -58 130 -145 52 81 59 -98 104 133 -106 75 
TEST 164 ARG:226 -210 -85 52 135 -114 34 -140 -11 82 122 -107 -200 -133 248 119 237 -171 49 -188 98 205 130 -246 -182 -139 -227 -109 -247 158 -119 60 -185 -116 4 -66 -134 -27 142 -229 -142 220 -245 183 240 127 -83 -191 218 -19 70 146 -204 136 3 159 230 88 -70 227 -22 116 155 -24 141 85 181 68 108 39 -57 97 -143 221 -113 59 206 174 169 -36 -12 -138 171 -202 154 201 132 66 -235 -82 182 -104 -121 -230 48 238 21 212 245 2 86 133 8 131 -67 50 -77 -75 -162 192 -145 149 163 100 -4 7 -250 -92 -21 -224 -37 123 -7 -216 202 -205 -81 -215 54 -106 -242 -9 -51 67 -225 -90 217 -172 162 -15 37 -178 13 -110 148 210 28 106 241 175 -3 -187 -228 179 166 -249 128 -165 -153 -1 -177 114 77 92 -97 -207 1 200 -181 -103 -78 -33 184 53 112 198 143 177 107 -98 -168 -217 150 118 -17 -211 -184 242 -192 80 -124 -63 -86 -196 -244 -154 233 -128 249 -213 111 -175 -179 121 188 103 -194 117 -123 -61 -149 -32 36 187 -10 -25 -199 -80 26 178 -180 29 -126 -89 -157 -166 -71 -69 5 57 -163 -238 81 -144 -231 -155 72 -156 185 -5 -64 0 -189 -44 -212 -186 189 9 20 239 -18 16 120 90 32 -130 -112 186 -20 -56 -214 99 -193 27 -108 246 24 247 204 -16 -13 145 45 -65 207 -243 -96 14 -73 -23 74 -222 -237 -111 -118 -131 23 104 244 -240 -26 -198 -151 -233 -74 124 31 -208 -8 55 164 58 180 -137 140 -173 151 -115 -2 -101 203 41 -209 84 -42 -47 125 6 46 101 -136 62 93 -91 213 113 -174 -160 -232 157 -88 147 196 15 -54 56 19 -169 137 -159 156 -135 -72 172 -39 173 211 -234 -183 -34 105 -102 236 44 194 -45 -127 -94 -150 -29 191 -84 12 -221 -197 144 109 -53 -105 -38 79 -158 -132 134 167 129 -62 219 152 -99 -95 231 -30 33 -164 176 78 -117 -201 -60 -6 47 -79 94 225 170 -203 95 -49 -31 197 -146 208 161 -40 -93 71 -46 -176 73 -206 -35 193 -48 43 223 63 83 199 25 -239 -76 -125 10 -129 110 -190 96 222 -152 -55 -248 215 -14 -68 243 232 -58 -226 61 195 51 89 -122 87 11 102 -170 -52 75 168 -236 190 153 -120 -241 -220 228 -148 76 69 126 -59 22 -87 234 165 17 -161 209 -141 235 65 160 38 -195 -28 216 18 214 115 64 -41 -100 -219 35 -43 30 139 91 -147 -223 138 42 -167 224 229 -218 40 -50 
TEST 165 ARG:134 -36 -30 -76 45 -180 31 -205 -178 97 -229 28 90 2 -136 85 104 -113 191 -127 234 208 131 -81 -104 190 -67 -84 -195 -203 -233 26 186 -209 -124 -22 -96 -135 219 30 124 -42 -206 -95 223 -15 70 -186 -177 -117 201 11 -147 -170 -146 82 -142 -29 59 -25 108 141 -143 -59 116 133 154 132 -116 -62 62 240 -134 -175 202 233 -13 -159 146 57 100 -48 226 -237 -231 101 -49 98 -60 91 83 -174 60 -55 -156 222 38 160 -51 -215 -155 158 -123 130 -1 32 224 225 246 -197 -126 102 145 20 -45 -11 54 -221 -21 95 -20 -216 178 -185 -190 114 -3 1 155 -58 249 -132 -43 -162 -118 -24 115 -101 -83 48 0 139 -50 10 -54 18 -184 136 87 200 -125 13 -28 -208 211 181 -86 -18 173 -165 -109 -128 80 -2 187 44 176 35 -243 -173 -85 33 49 235 195 -61 -9 -171 -122 213 -75 27 -227 248 -250 81 -232 227 65 -176 125 -194 -202 78 206 245 -183 41 22 96 228 -108 119 -72 -14 -244 -196 -7 229 189 147 39 241 -139 -207 -35 -157 171 185 64 -57 218 -158 161 184 -5 -163 -80 238 46 -226 15 -99 -160 76 -71 144 199 8 -23 127 6 -224 -201 -114 -168 143 212 -93 203 -100 19 -78 120 -241 -192 142 -32 61 -107 -129 -154 -8 -17 -121 47 -98 -12 86 73 -188 -119 -238 148 -141 220 -169 -172 -225 -52 138 -130 -79 42 7 -199 -242 207 -103 179 -91 112 14 53 121 -19 25 -33 67 43 37 242 -110 118 -88 75 77 197 210 -167 126 164 -44 151 -193 103 -69 149 193 106 107 -214 167 -191 93 50 -27 -210 69 -34 -16 137 152 -228 128 -56 -89 153 -65 -73 84 3 205 99 40 163 63 122 109 -111 -213 56 230 72 -115 129 -219 -247 -90 236 -87 -106 36 -77 -66 -151 -102 -138 -212 -189 -161 -120 -37 209 -92 -145 157 -40 -144 239 166 -6 214 -53 -10 172 -164 169 -220 -204 -39 51 177 17 110 221 165 174 -217 215 71 -223 -152 180 -235 192 16 55 4 -153 231 9 -46 94 88 -150 -198 66 217 182 -218 -249 -181 194 -246 -140 -47 232 92 135 -211 111 -240 -166 -105 168 247 117 -149 216 244 79 162 -236 -182 21 -239 5 159 243 23 -64 -26 -131 -63 68 140 89 -74 -137 -82 -94 29 -200 -234 -222 -31 -148 237 -230 170 34 -248 -245 52 -41 113 204 12 24 175 183 196 58 123 -97 -133 74 -38 -112 -179 198 188 156 -4 -68 105 -187 150 -70 
TEST 166 ARG:-110 74 -51 216 156 -92 -93 -237 -187 233 -191 89 222 -77 -9 -36 -194 -116 72 -172 194 91 47 25 -201 -69 157 -239 -245 -248 -229 -57 -134 82 75 -104 -99 -250 -79 -206 81 20 241 -143 -238 -22 -106 190 35 -105 13 -216 143 -32 -80 208 56 -119 -6 197 -4 76 55 8 -182 24 125 -46 249 175 -196 -184 116 104 135 31 -154 -60 -218 -94 50 -235 -49 -176 -142 44 -189 -114 36 237 -16 -76 54 174 134 188 115 -190 23 -72 -155 43 51 -232 -5 101 40 -39 146 -50 -108 -124 221 121 227 205 126 -20 113 -85 0 130 14 198 181 195 -66 226 -199 -223 230 -70 141 139 182 -21 9 -44 -228 -12 -164 -65 240 193 112 6 -42 -7 -141 -137 -8 -59 -125 245 73 59 70 -47 -31 -160 -1 -221 -165 77 21 26 -133 -200 -158 -28 86 -115 -41 -97 154 60 -171 -209 105 168 -62 -128 -117 -52 -147 158 -246 183 -156 -225 61 -90 102 -13 -144 11 209 -241 163 -40 94 -101 58 196 -249 243 151 -11 144 189 28 -183 90 3 -48 207 -152 -107 -81 -67 148 -177 184 140 244 109 -157 -27 110 -208 -113 98 -230 49 5 119 -192 -109 111 -140 178 27 -45 -181 120 68 -103 41 65 -231 180 149 -75 -71 53 133 87 -19 -135 -18 2 -203 63 -132 -169 -149 -100 150 99 -207 179 152 129 -166 -162 -120 -161 215 -151 -219 10 -170 231 95 186 -2 100 85 -68 -197 213 142 -82 -61 162 42 -247 52 235 -53 -167 103 7 -243 145 39 -145 -153 -14 165 203 -10 247 171 45 -244 118 132 -168 71 106 19 -55 16 172 -150 -126 29 -54 -78 -131 -127 84 18 225 107 12 -220 -43 -98 -83 -210 -186 212 124 137 4 38 -188 192 -222 -179 -217 22 -227 -129 34 169 176 -87 -224 187 153 -139 69 48 88 131 138 -64 122 83 202 -195 159 -88 166 -3 -138 217 214 79 200 123 147 -202 -63 -118 17 236 -29 -174 -213 117 211 -58 46 -163 114 30 167 57 246 218 93 -25 97 223 229 204 206 -193 161 80 -111 15 78 -212 -73 -112 67 220 -148 -23 -185 -211 -89 239 66 37 -74 -233 219 -37 191 -180 -17 62 -198 33 -214 232 -234 -95 248 160 128 -96 -24 164 -38 92 -34 96 -84 -123 -15 64 -240 -91 127 155 -236 -121 242 -205 -159 201 173 -146 234 -30 -242 -122 -86 -173 -35 -178 108 210 -56 -102 32 -226 136 238 -26 -33 177 -175 199 -130 -215 -136 -204 1 170 185 228 224 
TEST 167 ARG:-100 -132 152 79 42 -137 12 -210 2 204 -222 159 233 -118 -171 218 46 -184 89 -152 201 -77 -205 -165 -7 84 10 -217 -11 -52 -220 -37 -127 -50 19 137 -227 228 -176 -79 61 162 245 -202 173 -40 -58 67 185 -23 -204 100 128 -180 247 52 160 44 -106 -229 8 110 115 -168 -33 51 -120 -245 -134 -148 15 -198 -70 -219 4 -110 141 232 1 -25 -177 194 246 161 -244 87 -74 -126 121 34 35 -78 170 221 48 172 88 133 62 209 -215 -247 -41 216 -141 78 64 -129 -89 72 -75 57 -55 187 -15 18 7 66 -73 37 -27 83 -237 211 -122 148 -236 -84 106 -82 -211 95 147 60 124 244 205 74 223 -1 -29 -182 -85 23 -48 -51 -81 238 -53 -109 24 234 86 69 -45 -20 -216 249 97 107 33 151 184 -234 136 -179 -158 -61 85 -44 116 -239 54 11 -92 -195 17 -138 -162 90 -90 -96 214 122 -156 242 178 -62 -240 186 101 -98 -83 76 77 98 248 222 70 -206 -188 -248 -64 -71 -8 -181 -209 -2 30 105 -207 231 199 -250 -80 215 -5 207 -213 -10 -128 -212 182 80 81 230 229 -146 -140 -246 226 21 -228 123 225 -31 180 -199 39 -119 -145 191 -172 -87 -136 -102 -142 208 -14 167 -113 -35 -94 -192 -174 -19 198 149 130 146 200 -86 155 -159 -63 224 -154 189 -221 -203 156 47 -97 -26 203 -194 -226 240 -42 -111 22 53 31 3 219 -243 134 144 -68 -116 -230 26 28 -30 235 -65 59 -117 179 58 104 102 -24 -170 -178 206 -147 -193 92 -93 65 45 -223 197 131 181 56 236 117 -143 183 27 210 -197 -232 -125 20 165 193 -218 -249 142 -133 -196 202 171 174 82 -69 -157 -189 6 217 -49 158 220 49 196 -155 -139 91 41 25 -115 241 -36 126 -46 -164 -190 29 143 114 0 -72 113 -112 14 -123 154 153 177 -151 140 40 -95 -208 -149 243 145 -13 -187 -56 112 -224 -39 13 -103 -242 -163 135 -28 96 -105 108 -131 38 188 -235 -167 239 71 -32 94 -150 213 118 127 50 -66 -173 63 -38 -101 -99 -22 -104 75 73 -175 68 -3 -12 192 -186 -60 -169 93 109 175 -185 227 120 -231 139 -153 -34 169 168 119 -67 -241 -183 -233 -135 -47 9 -214 -108 -4 -59 163 -21 32 36 -114 -88 -9 166 43 -121 -18 125 111 103 99 -200 -57 -166 -107 -17 -201 195 -54 55 -225 190 -191 132 -238 -144 5 212 -160 157 237 -43 -130 -124 -16 16 164 138 -161 -6 176 150 -91 -76 129 
TEST 168 ARG:-221 -163 153 204 196 -31 -63 -116 246 62 -26 147 240 -218 -213 -233 -164 83 -187 -83 -18 -94 29 -250 -239 148 -44 -57 165 -206 35 -205 225 81 -10 -200 -15 34 186 -245 -113 4 242 33 -201 134 151 -21 139 -146 -241 89 -39 170 0 -217 114 118 -58 146 -171 -183 -90 -29 44 180 71 108 64 135 212 -78 158 47 -53 -25 232 82 182 -137 110 249 -177 57 226 -51 136 3 18 142 109 -166 218 -175 -74 -246 175 -41 -34 -197 42 209 -128 -24 238 -122 45 233 -124 -135 70 -203 -174 163 217 206 173 97 38 -159 157 192 -142 -150 -207 -227 -243 -224 195 -46 -47 94 -61 113 -98 -103 -148 115 92 -82 162 -229 214 119 -105 -104 -95 -125 -69 74 155 -119 26 191 -28 -35 48 -219 -138 -188 190 20 -48 -247 -27 243 78 -237 -167 164 183 -248 103 220 -65 -165 181 -244 -156 -43 143 -33 219 176 235 102 -20 -49 -75 51 -50 -160 -186 -7 231 -179 -180 112 -154 221 125 80 189 9 -234 211 -214 -204 184 145 -40 43 2 -102 210 -38 111 16 -235 128 152 -178 -1 -114 54 76 193 58 -97 46 130 -198 -93 91 -192 36 96 67 205 59 -232 99 172 -168 -107 -172 -60 31 -240 -184 -182 -4 178 156 10 185 -226 24 229 -176 93 60 -76 161 236 -14 -169 12 19 -52 27 197 15 202 -223 101 -228 241 -22 -209 245 -99 -249 -71 177 73 6 174 66 -72 213 56 75 144 194 -121 -194 50 -131 -143 -134 -30 -216 23 -133 -173 -56 137 -220 -145 166 85 107 52 -195 123 104 63 22 -157 61 -117 -230 -12 -170 120 159 -161 -2 106 124 -236 -88 -147 -196 126 224 222 -9 -242 179 167 -80 203 -110 150 -139 121 25 -191 -5 -84 138 -79 -64 -68 21 -129 53 -77 -185 234 7 132 215 -225 -215 13 237 227 -212 -66 -208 208 -19 228 201 -158 239 -149 -96 14 84 -120 55 -141 -162 -55 -155 -123 200 -87 -73 -140 -151 86 -153 116 98 100 187 -86 -36 -130 -127 -6 87 -190 -16 207 122 -144 -189 32 -81 248 41 198 129 49 -152 -106 -181 -222 -109 -231 -54 -8 -111 188 -11 -37 -112 149 40 -70 -3 171 -126 -59 -136 -89 1 -42 -101 17 -17 117 28 79 223 30 -92 -32 65 90 95 199 127 -13 140 131 -199 88 160 -85 230 -67 -62 -132 244 141 -118 105 11 -45 154 -202 -108 -193 8 -91 -211 77 68 -210 72 37 -23 5 216 169 247 133 69 -100 168 39 -238 -115 
TEST 169 ARG:-16 112 -21 82 194 -123 -220 -72 -12 -93 -181 -28 -132 119 160 178 -46 56 41 -144 -20 -146 -189 113 81 -208 -161 43 66 204 60 -69 34 -29 97 37 85 -139 248 -143 -192 121 240 -222 111 127 115 -142 -212 200 -30 241 130 10 -8 -88 6 -5 40 166 2 -60 -198 -214 20 -127 87 159 93 52 -38 203 -87 39 184 -90 -137 108 216 88 -240 192 125 -107 -77 -54 -74 -104 151 167 226 0 191 246 -169 7 236 155 -117 -217 -17 -230 32 247 -92 124 26 12 249 -152 23 -76 219 90 -133 196 -66 107 -182 45 -125 -23 -26 142 -126 36 176 -244 84 -233 -109 -138 -164 -81 105 -243 -135 -19 99 185 -155 79 133 215 -248 89 -237 -145 211 -175 63 -114 -51 245 165 161 76 58 137 -136 208 16 172 193 24 67 75 180 80 -71 -170 -206 -103 -32 -2 49 -247 189 149 218 -6 83 -14 33 221 171 173 188 -201 -50 35 -153 -112 134 -91 -99 -25 152 135 -250 -242 -89 -229 -226 228 126 217 77 -129 -216 -196 -85 187 -209 -188 -35 -162 -148 154 53 -218 -171 44 -157 146 148 -33 68 143 145 -215 -98 -235 9 62 -234 -131 -31 -121 98 73 117 -9 156 42 50 92 -84 -151 -10 15 69 -34 94 61 59 -172 47 -120 114 -238 -70 -167 71 -197 103 -59 -245 46 144 -241 -239 -176 -105 -195 110 -3 220 -160 25 -118 70 225 136 -156 -187 -166 -58 235 186 -174 -24 -94 -79 179 11 22 209 -18 -173 -219 -221 229 183 -150 -101 19 57 -78 91 72 202 123 -140 129 -95 -68 -246 -227 78 -115 153 212 95 -204 -116 -178 -211 101 102 -7 -48 195 -113 -100 28 -232 30 238 116 182 -210 147 138 1 -184 230 214 -225 222 14 -168 -52 243 -205 -53 -13 -61 158 128 -4 74 64 -27 -223 232 -177 -224 -128 175 -106 -1 4 -43 174 169 -186 -108 55 -80 -231 206 197 -39 -236 -193 -96 -163 -207 -119 234 -122 3 239 109 13 181 -124 163 27 -57 177 -62 201 213 -202 -141 -191 -86 -149 -185 17 96 210 -44 -249 29 54 120 -180 -63 -154 227 -49 162 -183 131 65 139 -190 190 -67 -55 207 205 8 -228 38 -41 -97 -102 198 -40 104 -73 -47 -194 -130 223 -165 118 -147 242 -37 -65 -64 86 48 122 106 -200 157 199 -75 -179 -82 -22 21 170 237 233 5 -213 -203 244 -134 -36 -159 100 -199 51 -56 -83 231 -110 168 -158 150 31 224 -42 141 -11 -111 132 18 -15 -45 140 164 
TEST 170 ARG:192 -46 174 -151 -33 -19 -156 97 -41 235 -32 229 -227 133 -4 2 -212 -25 246 245 95 112 88 -215 -176 122 69 -24 54 136 114 -124 31 36 -59 173 -114 -247 -145 211 113 168 -250 -73 8 148 -191 226 205 128 145 -99 -182 -47 59 -168 125 -5 244 -91 153 109 51 105 -163 -28 72 -14 -64 154 -184 -199 -238 240 -135 -68 -6 195 -159 163 -78 33 21 -123 -17 -16 227 116 -232 7 -43 118 144 -10 232 9 -58 -80 -187 120 83 -30 -67 170 -93 -240 110 -239 -233 179 108 -108 126 41 -249 68 156 -8 -188 208 43 236 230 231 107 -172 -98 150 -107 -15 -160 100 164 220 147 213 -144 -218 1 -171 -74 172 22 210 228 -102 178 -229 -76 176 24 -66 -82 -179 -162 142 89 -122 -149 200 -70 -192 247 -133 -7 -200 177 -157 -105 -210 -11 243 -193 13 -88 -244 76 -245 -175 28 -50 -40 -205 -180 -119 -95 -97 34 -34 -120 -87 102 233 -161 -109 53 221 -207 101 -22 143 15 -27 -138 -198 62 158 238 219 23 187 38 47 -167 -131 6 152 140 3 32 184 -173 -216 79 -96 191 -126 -141 11 -143 -211 -86 -134 -104 -209 189 -65 -29 5 -150 -77 -94 77 209 207 12 169 -89 4 -221 -234 17 222 -75 42 -103 175 -26 139 -237 -38 -116 186 218 115 241 -183 193 -132 214 60 -113 103 -170 199 -92 212 -165 98 -213 -225 149 -9 225 80 90 57 -127 -214 -2 49 -242 -177 204 -81 160 -236 249 -100 37 130 -154 82 96 162 81 55 215 94 -31 -142 -197 196 157 165 44 -146 -72 -158 -169 -190 -204 -57 -60 19 63 14 129 64 -246 203 223 197 -226 16 10 151 99 -90 -55 -36 -121 239 -235 -53 0 -228 216 87 67 -35 -125 161 -129 -18 -45 -155 206 -206 48 171 146 56 -101 -13 -3 -189 181 -148 132 202 -185 -69 86 119 -83 29 -224 -243 237 78 -186 -42 -241 135 92 -52 -39 -115 -112 -201 -54 -79 -139 52 -106 137 -56 180 -71 -48 -117 -20 185 159 121 248 27 141 -178 93 91 46 -181 66 85 106 104 -194 167 201 198 -208 25 -153 190 75 234 73 -85 -248 -166 -140 182 127 45 -231 -23 61 -51 35 -203 -196 40 194 -128 -147 20 -49 166 -220 117 183 71 -222 -230 50 188 131 -136 -62 -137 111 58 -12 -44 -217 217 -21 70 84 -1 74 -174 -110 -84 -118 123 18 -195 242 -63 30 134 -130 224 -37 26 65 -219 39 -223 138 155 124 -111 -61 -152 -202 -164 
TEST 171 ARG:-243 -218 -32 173 13 245 -166 -202 123 -64 50 -15 -78 34 -169 -129 -135 85 -248 -200 53 23 91 -12 143 -180 156 65 -50 63 16 184 20 -8 -19 -23 78 -124 14 -55 -44 198 183 168 -164 56 -99 15 -116 136 134 -160 210 -123 241 26 111 -187 -244 -65 118 -58 -73 -196 -105 -48 -71 197 -119 -159 -104 -109 37 129 35 -56 -140 46 -227 235 160 -2 -206 -192 100 141 72 -95 216 199 193 -1 -29 -3 -144 -197 -128 -59 132 74 -141 -246 181 -232 79 -223 147 12 6 161 150 209 -108 -136 99 73 -233 -111 25 -117 -131 -106 4 -149 -182 -152 140 31 45 -36 62 30 -112 -93 -81 -154 -46 191 190 -204 -14 40 81 -39 -173 -230 -17 187 -213 -9 -25 164 151 -224 -4 -57 -208 89 120 -217 -80 18 152 248 -22 144 -193 -5 234 -68 -34 -236 -228 -199 121 244 -102 -134 102 -103 -70 -38 -89 -90 249 170 57 11 -171 -86 21 94 97 29 88 -250 101 119 180 240 -237 -18 -239 222 59 214 -165 239 9 -234 -6 -220 113 223 169 2 82 -127 155 -167 238 159 -113 41 42 54 -153 -137 -170 -189 236 -183 -130 -66 237 -77 146 -175 17 -91 -62 195 96 -96 225 76 114 -210 128 69 -181 149 -49 -157 43 231 153 115 -168 125 122 -247 -98 28 -207 -150 -209 228 107 -158 208 -126 -21 104 -76 -139 138 220 -16 215 247 103 212 -178 227 -219 192 230 171 206 -7 70 -231 1 -72 98 3 -97 172 8 154 61 -69 -60 -101 27 -52 -61 22 -33 211 -84 217 -79 -115 229 219 77 -235 -133 -27 19 95 -190 -92 221 157 58 -201 109 -51 246 -194 -241 -110 -156 -114 -195 -191 -85 68 -176 87 194 224 -24 -161 201 39 -67 71 47 176 55 165 92 -118 86 84 64 38 -146 189 -82 -45 -13 7 186 -229 75 52 51 112 139 24 158 5 -222 -11 200 179 32 -198 -203 162 -163 -120 83 -188 135 166 -177 -179 105 -88 -40 -249 106 -132 -122 -145 127 -211 -151 205 -83 -148 -30 185 -185 177 -147 -42 202 48 67 -216 -63 207 10 226 133 -35 -245 203 -174 -205 163 233 60 196 -142 174 218 -53 -26 44 -184 -87 -107 49 -41 -37 -94 142 90 -240 -43 -214 178 -125 117 131 -20 137 -121 145 -186 -47 232 204 -238 213 -155 108 80 -54 -75 36 93 -143 116 -225 130 242 175 124 33 -10 -212 110 -162 167 66 -226 -100 -172 188 -138 -28 -215 -221 -242 148 182 -31 126 -74 0 243 
TEST 172 ARG:164 179 29 89 234 217 199 -118 120 -38 25 177 -179 -70 -5 117 44 -37 137 59 -231 -41 109 46 105 72 -225 -116 114 78 31 166 -129 86 222 49 93 -173 141 99 -187 54 181 -201 -243 191 -175 88 -152 22 188 165 -237 92 43 103 0 60 40 -27 219 -83 149 -134 -227 -104 -108 -126 -45 -121 -90 -135 -209 229 -98 244 -234 249 90 -221 -112 -75 2 -238 -189 -177 82 -66 -68 192 186 53 -96 -25 224 -232 106 248 -222 -110 -186 -248 -74 135 225 -63 -250 -19 136 221 -6 -194 115 -159 -220 161 124 -35 -9 -163 -107 125 -54 61 -130 -61 -195 100 -192 237 33 -31 14 -28 20 162 228 87 -34 -117 144 142 -71 -127 85 -174 -44 -246 -57 -182 157 -82 48 -122 198 197 -97 -228 18 116 -125 204 68 245 -51 113 104 -190 182 -40 -22 -151 -239 -161 133 -55 -216 206 183 41 -69 210 110 -1 180 143 -59 -52 -178 235 -233 -205 36 -166 -29 -26 169 132 -154 -176 -2 -131 167 156 -105 178 -30 24 -245 -202 -39 -15 -137 172 32 -99 -16 -149 -128 -33 152 -203 -142 -211 -95 21 126 220 213 226 -18 -235 38 91 26 -3 121 -206 108 51 -23 246 -85 -109 102 -155 83 -171 96 241 163 74 62 -77 6 -94 -242 189 131 203 3 -224 145 158 34 84 -193 130 -88 97 65 -53 -14 190 1 -188 -213 9 58 76 -87 208 35 185 -241 -79 -226 -169 205 -56 -92 128 -73 17 129 -113 -4 202 -143 70 107 216 223 154 -217 -170 175 -168 134 -81 187 123 -24 -204 -48 -78 50 64 201 -91 238 153 -132 47 -32 30 -236 -120 81 -72 39 239 140 -80 211 101 -181 -119 -167 -183 -219 23 -191 75 98 -218 112 -184 56 16 27 69 -153 171 -136 247 195 45 -138 7 -93 -164 -58 12 28 -165 19 -8 119 63 215 80 42 -115 240 -140 13 -101 155 -11 66 -172 -150 -42 -144 -145 -247 -49 -60 118 -147 -214 150 -208 4 94 -244 196 233 200 -64 148 242 -229 -84 73 -102 -123 176 160 -230 -17 -89 243 -157 8 -13 -67 55 207 218 79 71 194 236 -141 -185 -148 230 -215 -46 -146 232 -180 151 212 122 -36 -196 -10 227 -86 193 170 -62 -50 138 173 -158 -160 -20 214 168 159 37 -47 231 67 -156 -106 -7 -111 146 174 11 -139 52 57 139 -100 147 -124 -162 -21 111 127 -210 -212 15 -200 -65 -240 184 -197 10 -76 -133 209 -12 -114 -199 5 -223 77 -198 -103 -207 -43 -249 95 
TEST 173 ARG:-114 -77 -73 -116 3 240 104 -150 110 -69 128 -4 -15 -52 -161 130 85 -184 -81 9 -249 192 21 236 -152 -143 -110 52 37 -34 231 -106 -140 -113 -127 -219 227 241 207 -242 178 -99 -234 -84 -241 107 94 7 -22 230 172 -67 108 -131 137 24 -80 47 -50 239 53 -89 -229 -202 150 -78 49 -222 -183 116 -115 -48 -17 136 8 28 -9 -149 219 -18 -90 -101 191 -244 -45 -51 103 203 134 -224 -181 114 -5 -86 190 214 29 143 -158 0 217 4 212 189 63 -155 112 2 197 -36 -19 139 -225 -243 185 -208 -237 248 74 -189 187 205 14 -82 144 -12 -154 36 -245 98 79 31 77 106 -132 -151 155 -130 -247 184 93 83 87 186 51 89 68 206 -43 195 96 -93 121 -76 -123 -59 -147 -232 -64 -160 -216 151 -100 -85 -207 -31 -28 174 40 -58 75 -62 81 61 -103 33 -172 -138 166 88 -109 158 -133 198 232 -40 -148 -92 -107 23 71 27 -66 -74 216 -235 221 -162 -88 -112 -173 34 -194 122 -231 -60 -102 -218 -16 -72 -228 -56 -238 119 159 -125 -135 -176 12 163 82 11 -21 92 -1 84 -65 97 208 22 -14 -177 -24 105 -49 224 20 -47 154 59 78 -57 -55 -156 235 -227 -96 -165 26 67 237 95 -206 -159 86 -197 -230 209 -195 183 146 225 -121 -83 -126 153 101 242 18 -70 222 -178 127 38 -39 194 170 -213 123 -179 -108 -157 180 226 -111 113 -128 76 -10 -120 80 199 109 -182 56 -122 215 -8 164 -141 43 -75 -223 -30 138 -212 244 115 48 -167 -46 135 -168 -239 200 -137 32 -105 -188 30 -153 -53 50 -233 131 246 202 179 -7 181 -35 176 -170 10 196 141 -211 -20 -104 62 -145 -38 -246 -250 44 57 177 223 64 238 142 126 -95 220 73 168 243 -226 91 100 218 160 -87 -11 -44 148 -204 245 -215 72 -61 5 -142 249 152 -236 -210 156 132 -117 17 54 204 -203 157 173 99 -42 60 188 -134 -240 -186 -248 42 -187 -164 -79 -190 133 -63 -180 65 175 15 -205 -171 229 149 162 39 -199 -136 -124 69 -214 -13 90 -119 234 -37 111 58 13 -193 167 35 118 -201 -200 -26 -166 165 25 233 -185 102 129 -118 -217 -220 46 19 147 -33 -23 124 -71 169 41 210 228 117 55 -129 -209 45 -196 -54 -98 1 182 193 -91 -163 -29 -144 -97 171 -41 16 -191 161 247 -2 -169 -32 145 -192 -198 66 -68 -6 201 -94 70 -175 -146 -25 125 -139 211 213 -174 -27 120 -3 140 6 -221 
TEST 174 ARG:-111 -135 225 -12 64 -170 82 28 191 152 -191 -83 -125 146 121 -90 222 -153 -35 -145 237 221 156 -126 -203 -79 -18 -46 61 -7 -205 94 162 -48 -206 -37 157 -159 -198 83 -65 -133 173 7 137 12 -99 -130 129 -167 139 -74 109 -165 97 -76 -13 -236 -44 -238 -4 204 181 -43 136 -239 32 -152 -175 219 -109 198 -162 -194 -215 62 154 200 81 -19 -136 -9 -166 77 -108 -94 208 228 -41 -150 196 -176 209 -249 -229 49 -57 -157 -195 214 117 -216 -242 226 -232 -69 216 -67 141 -32 126 205 27 -156 -82 80 -52 14 143 148 -95 -2 130 67 210 -117 220 224 -248 59 44 86 -47 74 151 -110 -219 -171 -250 167 46 -26 106 -234 -84 -180 -103 108 240 -54 35 -115 6 230 -60 -173 -127 -40 -200 179 33 88 223 71 -30 -49 20 184 56 -235 -8 -192 -186 -98 176 -75 10 -246 -128 -240 123 -80 -228 101 138 217 125 98 45 -196 52 -134 -112 -149 119 -20 -182 13 -92 -24 202 192 -241 -88 96 116 110 -210 89 -225 -6 29 215 -36 -202 113 165 73 17 -15 -222 -93 -172 -160 105 40 8 -208 -163 -114 -14 233 171 76 51 -188 -68 -121 -179 -158 155 -81 -187 -1 211 103 -16 60 31 24 4 203 75 -207 -104 -218 -107 183 -214 90 127 201 -89 111 190 131 -181 -29 23 159 -226 -139 247 -132 -169 -120 -58 85 -137 19 -212 -211 -140 -11 -10 -119 -164 195 -185 -189 34 -61 -204 -220 -178 248 -161 95 140 244 -243 -78 91 145 193 142 -154 134 149 232 133 9 15 18 243 -190 239 249 -168 99 36 -199 -50 -142 -231 -118 160 168 -72 -201 194 72 185 53 -247 25 170 54 169 112 -105 164 236 147 188 55 241 135 161 107 245 42 -129 132 234 -237 -155 150 -31 238 -141 114 69 -71 -227 -233 87 231 229 -22 227 206 -102 -5 -3 218 -45 -177 174 -27 -96 41 175 37 -221 172 3 43 -55 -148 92 178 -73 5 197 39 21 79 -34 -230 118 -77 16 -124 -116 -53 26 38 124 -144 -146 -223 115 -17 213 242 144 1 199 -97 -143 30 -39 -62 212 58 -100 158 48 0 153 166 66 -217 122 -106 78 -21 -91 2 -25 128 207 -244 70 -64 -59 -113 -85 -213 -224 180 246 186 -183 84 -174 -197 102 -28 50 68 104 -56 -147 -122 -38 -86 235 11 47 -209 177 -101 -66 57 -245 -23 -123 187 -63 120 93 -33 182 -42 63 65 -193 22 -87 -138 100 -131 -70 163 189 -51 -184 -151 
TEST 175 ARG:-92 -238 -198 92 111 118 211 191 147 236 16 -149 -99 -100 59 -42 -114 -236 172 137 -197 -121 192 -98 -1 224 -68 -56 64 132 104 177 245 97 -129 93 -30 -27 194 99 -206 -237 12 86 50 69 51 -6 143 -43 -89 32 220 -44 3 -138 -142 -19 58 -202 233 -171 -95 8 103 17 -110 -91 -240 -168 242 -41 52 -58 -181 -157 -101 -69 -2 -84 -190 -7 152 19 235 -14 -210 -188 -231 -119 145 21 -192 49 98 146 -211 -164 209 -196 -38 33 -179 -175 -201 27 47 193 94 -203 -67 65 -123 182 -59 -113 161 249 -221 -70 -250 -17 -148 198 -151 -127 120 100 -136 -61 85 -153 -180 -161 -28 116 -187 -48 -212 -146 78 -13 -235 -117 -23 53 248 -223 243 96 46 -189 57 -54 34 -18 -22 -204 71 35 -162 48 -216 189 -64 -165 -166 232 -71 -133 168 218 -94 -139 -29 22 28 -35 -177 80 176 -134 -20 178 -3 -122 44 239 -37 67 165 -21 155 -79 110 -193 45 -15 40 73 -65 -182 204 -108 -214 -154 -26 -16 20 -248 -80 -194 -8 123 -109 -209 89 -11 56 31 -53 105 -158 5 225 -174 43 167 88 -82 -60 112 -205 240 -145 -199 1 -88 -126 181 -169 130 -116 -74 246 -167 -232 106 102 -244 101 95 -47 38 244 82 -224 199 150 -233 124 237 138 39 -52 10 -83 -97 68 214 125 -230 -76 128 -141 180 144 206 -135 207 -45 -81 126 -220 24 -10 -155 202 84 109 -163 159 -143 210 26 14 121 142 247 -115 229 135 60 -249 -4 241 119 -150 197 -57 54 -130 -247 114 -173 -207 219 29 231 113 -131 185 -51 196 7 188 -5 -50 -178 25 83 158 151 -93 228 -34 -107 190 205 -140 -39 127 72 -24 162 -241 -219 75 -105 -46 76 217 -242 30 215 4 171 -75 108 173 42 -147 74 -227 122 -228 -185 -124 148 -120 -176 -172 -208 -152 36 153 -112 -217 -132 179 -72 -63 -245 6 129 66 201 166 157 169 -160 -86 -85 -234 -200 -102 140 -104 -137 -111 117 -243 41 -31 0 133 15 222 -118 149 208 62 13 -36 136 131 -170 61 -215 11 -78 174 -87 154 87 -184 221 -225 -246 -66 156 -90 175 -159 107 164 226 81 216 200 -96 63 195 -62 23 -128 238 223 163 212 -9 115 70 -73 -213 234 -222 -25 -40 18 186 -12 -218 -77 139 -32 79 -191 183 -186 55 -103 -195 230 160 187 -183 -33 91 170 -239 -156 184 9 37 -226 -49 -55 2 -144 213 134 -229 -106 141 90 203 77 -125 227 
TEST 176 ARG:194 245 98 -184 -48 -76 -24 13 54 163 203 -29 -137 -93 75 143 196 42 228 40 87 111 -229 202 112 225 214 176 -216 110 247 -124 -35 61 174 219 -15 -67 141 -204 222 102 5 -102 -221 68 97 33 -145 62 -38 -161 155 -147 66 161 -173 35 151 -146 -231 215 -83 -209 -250 19 153 199 139 -11 84 -18 -205 100 146 52 220 -248 -7 -71 -37 -9 148 -16 -149 124 28 218 93 -211 -101 -238 -117 -61 53 -115 157 -103 77 -143 206 -176 -80 67 -208 -177 -41 212 168 7 -116 -212 -247 164 -119 92 -111 -68 230 185 236 201 -4 -194 191 -99 -39 -132 231 150 140 166 -239 -109 165 193 0 -110 -236 106 240 -72 1 -60 -75 -30 -104 116 -59 -130 -98 -95 205 78 -113 197 227 81 130 204 -58 -125 -182 -70 -191 -107 -8 207 -235 2 208 -210 -42 -28 47 113 210 213 181 -6 8 -52 -163 26 239 -164 -245 -242 -169 36 96 221 -233 126 138 -47 9 -227 74 -97 43 121 -25 -148 -142 224 172 131 -195 123 -170 167 16 237 -127 -154 60 127 79 -31 -224 -240 171 21 -183 -128 211 182 -134 -114 217 129 -66 -186 -46 -1 -222 184 6 -207 -179 188 -36 190 216 76 183 -84 -69 -172 -34 80 -55 -199 159 -215 -171 -57 -244 134 -223 -151 135 -77 -243 27 -168 -135 -218 -5 162 56 154 -13 238 241 -27 120 103 -217 20 70 -118 -144 37 18 88 119 -89 22 55 17 12 243 -159 -138 31 38 -214 -225 -181 48 105 -129 44 4 -158 -122 -202 63 49 200 10 -232 -166 -120 90 -112 15 -188 -12 -21 195 -22 104 82 11 -192 41 -50 232 -90 160 23 -160 58 107 -220 -133 -79 30 -33 -92 -213 -44 59 64 198 209 -126 109 -64 -200 -26 95 -56 -228 101 -17 -81 -105 137 25 114 -63 -165 -32 -74 -241 99 229 122 223 -136 -167 32 246 -219 -96 132 -193 179 144 128 -249 -87 -180 -153 -174 24 -3 178 -121 -234 -14 -206 108 147 -178 -230 71 57 -88 -62 115 192 -49 72 -100 85 136 -78 -157 117 149 244 3 -51 73 -175 -10 -65 -156 152 169 86 51 -190 156 -2 -106 -185 -141 145 -203 -189 180 69 177 226 -82 39 -162 175 -201 -226 -155 -131 248 -43 186 118 94 -40 173 -196 -94 -246 -150 65 91 242 249 158 189 -23 -45 -140 142 50 29 46 -54 -152 -86 -237 -53 125 -187 -139 34 133 -197 -85 233 170 -123 235 187 -73 -19 -198 -20 83 -91 234 14 -108 45 89 
TEST 177 ARG:144 163 27 -23 77 -242 198 -116 -85 -61 -66 -172 -146 -50 4 -67 127 -112 168 -93 145 -43 32 69 130 -210 233 83 -194 -9 -161 -40 178 165 21 -18 172 -193 -215 19 157 62 -143 125 -106 211 -129 -180 95 -243 175 -218 54 -241 17 192 -11 -96 155 -57 189 40 -130 -184 91 207 8 -22 -150 -234 195 154 -65 -134 -238 -132 227 -212 -117 -156 226 222 -213 -249 46 137 -52 43 -88 -110 164 -27 50 87 156 -179 -221 -204 -118 -214 -64 187 29 116 -51 -224 248 98 193 140 -188 -160 -227 18 120 -163 47 -111 -167 25 -63 184 12 97 -29 159 -55 124 162 188 23 -222 186 111 101 -70 -46 -220 -54 -124 103 -26 74 237 129 -175 -209 99 -137 -102 202 -128 133 240 -82 -165 34 -162 -83 241 152 82 -205 -208 -115 135 -72 -122 174 166 -35 118 -10 -121 194 -47 93 -49 84 -199 -8 -107 244 -114 -140 -149 70 -155 -200 -187 236 33 42 14 -56 -3 -99 -44 -125 183 -58 -109 5 -198 -166 138 -201 161 -152 -192 -81 -36 80 -6 179 -53 -185 -77 55 238 209 190 2 119 -62 151 -147 92 -228 -39 -144 139 215 246 219 -84 -76 68 122 247 72 -104 177 -225 78 51 -69 76 63 173 -232 88 -1 148 171 146 191 -16 -31 153 36 206 -100 104 -60 123 -2 -226 -86 -153 -59 197 37 79 -174 -127 -183 217 210 115 -42 229 -177 -202 203 11 -229 170 -168 -68 134 64 22 85 -246 3 41 239 -80 31 -216 221 71 -126 249 -240 44 106 56 -154 141 49 -196 113 -169 -71 -247 185 -79 218 75 110 112 128 -120 -235 -24 96 -157 61 -189 -87 213 -78 -17 -135 105 90 0 -203 58 176 -142 136 60 -239 231 -5 -74 -30 -105 -219 224 -119 30 -164 -13 -133 -28 -233 -236 89 -230 181 1 38 -75 -131 -171 158 -113 -12 -20 212 -94 117 230 -195 86 -45 -89 220 -92 199 -231 48 -139 114 39 -248 -108 -136 6 -14 200 -145 28 45 107 -48 -217 -33 169 -4 243 -159 -207 -173 -15 10 -37 143 -38 126 -245 208 167 245 -95 182 73 131 180 -223 108 -19 -176 67 -90 -170 94 57 201 223 -7 232 -91 -211 142 65 -151 -41 -181 225 214 9 -148 -21 -101 20 132 235 234 -103 16 -141 66 -197 -98 228 7 216 -182 204 59 -244 13 102 109 -178 -191 205 196 -206 15 160 -250 -158 -34 -32 26 -237 35 -97 -190 242 150 149 -73 24 -138 81 -186 -25 147 53 -123 121 52 100 
TEST 178 ARG:-243 93 -193 68 -100 203 -133 63 -87 116 66 -74 84 245 -208 -115 -178 -232 -222 111 -28 -127 -130 -73 -217 -194 187 198 -156 -135 242 62 87 190 -212 -186 -119 17 218 122 -90 -57 -55 104 78 -162 -13 101 -20 124 25 -169 -227 139 -237 -149 -172 74 -102 160 -214 131 106 188 -140 210 110 48 -224 112 248 99 85 -141 -154 206 -66 6 170 143 -21 -16 -86 -188 4 233 -170 -50 247 -183 -32 141 -51 121 217 -198 -223 163 -62 -206 -48 -163 -128 -216 -225 177 -26 38 7 67 75 238 -221 214 -43 26 -126 -24 -173 -148 35 -136 -204 58 -155 -34 -179 -122 91 -218 -75 228 202 -123 -111 -150 -189 56 79 -199 14 -211 196 128 -210 28 10 -72 86 235 -181 -248 120 234 94 162 72 5 113 -250 -68 207 231 164 -176 -190 11 23 -71 144 149 -11 39 223 -236 -231 45 -76 80 200 -244 109 -23 176 185 -89 -108 -85 44 -46 95 224 -242 12 191 -152 27 169 21 -64 54 166 16 22 -215 158 -60 -180 -145 151 216 173 57 -10 175 226 -112 -229 -53 -4 236 115 76 53 -157 -138 -106 135 -233 -103 232 201 97 -209 243 172 -166 -81 225 119 89 43 -82 -147 -146 117 -203 132 65 195 -54 -192 -65 -116 96 107 181 60 -47 -29 134 77 -182 103 220 -101 204 240 71 -143 -161 -45 239 -63 157 37 88 -42 209 152 -15 -107 -159 -9 -164 -35 165 136 102 -118 34 -5 -94 100 -120 61 -1 51 64 -31 127 0 -196 -200 -7 -230 -241 -93 -246 83 118 -105 31 -121 150 -114 -240 -56 179 18 -134 140 -234 30 184 147 -70 186 33 13 -69 59 -195 142 213 -39 -151 174 229 -168 -96 19 -52 32 205 49 -235 199 192 126 -197 193 52 227 -207 -22 -38 20 241 244 -88 -84 -79 69 148 -80 -139 -247 182 -19 -110 246 -160 -184 208 -99 -226 -129 154 -167 -124 -158 -49 70 -238 -131 41 -249 29 -175 -37 -91 55 -239 50 -187 145 161 -165 219 159 133 105 -67 197 183 -36 -33 -113 230 171 167 15 -228 215 -6 -58 -185 -97 -17 189 -61 129 46 -205 36 2 130 -25 123 90 8 -30 73 3 -174 81 212 -245 -117 -104 -109 -132 -219 -3 47 194 -153 -95 1 125 -202 -8 -12 178 -2 40 -144 -14 42 92 -201 156 -177 -142 -41 138 -44 24 211 -213 -92 180 -18 -83 146 9 155 137 -220 237 -27 82 -171 -78 222 114 153 -59 168 -98 108 249 -77 -191 -40 -137 221 98 -125 
TEST 179 ARG:-100 43 186 105 -158 -82 -91 230 -248 183 7 -204 -194 124 -176 -198 211 -103 75 -79 -142 -210 196 -222 -224 160 87 48 -223 175 -205 -108 -87 137 246 -104 -69 -129 83 -249 -214 53 -127 77 -18 240 -167 209 206 -218 110 170 24 -105 -135 182 8 -31 237 74 -132 -24 221 -81 67 -10 199 -62 161 46 -178 -4 -124 213 -98 26 -117 229 -48 146 247 30 86 203 18 68 -184 -35 130 -12 -118 -207 -41 -7 -3 -156 5 91 -25 -126 132 -42 -147 -63 -157 -59 216 106 -247 -244 64 -202 224 150 118 235 -225 153 97 -85 191 210 232 -240 231 226 -58 -144 36 214 -243 3 -32 -141 155 -101 166 126 202 -209 104 21 -116 163 89 144 -94 -185 -187 82 -47 4 116 197 -197 195 121 98 242 -137 -148 -111 -191 1 238 156 -215 -61 -38 -155 -67 131 178 -37 -115 -212 136 101 6 -181 94 -45 -226 184 -234 174 -30 -125 -201 -221 -77 -235 42 167 -241 -15 -238 143 -229 49 -44 63 -119 -16 -186 20 -206 -74 -196 181 61 -131 -70 47 56 57 92 73 122 -65 168 51 -13 -130 -120 217 88 208 228 164 -113 -60 241 -239 215 -64 96 54 185 -134 117 -163 34 -6 -208 119 -95 -165 95 177 108 154 31 125 55 107 148 172 236 -49 249 33 -161 244 -233 141 -232 -122 192 -179 -193 -227 193 80 248 169 145 -114 -96 -242 -213 -200 -14 -216 220 -83 -140 127 50 52 -162 -231 162 -106 -220 233 -88 -143 -237 -173 28 -160 -52 -164 -159 -150 -86 -217 62 222 -51 135 200 -76 -2 17 109 -56 15 66 114 102 -80 -8 -112 -90 -151 138 134 -236 -203 -93 -36 69 -46 -33 -152 29 -99 2 58 85 10 -246 -22 -57 12 39 207 212 151 165 -219 -175 -102 113 -169 -17 -180 45 -68 25 37 112 139 59 -11 11 -250 -166 176 -89 239 -190 133 180 158 223 -138 -177 -50 -174 -192 79 38 -39 171 -73 -54 140 198 23 35 -20 -168 -53 173 -136 22 -211 -19 -75 123 99 -146 -72 0 -123 204 -171 187 190 -195 -188 -34 100 78 84 157 -153 -149 -109 60 -40 142 -154 32 -128 194 179 -27 -145 -1 188 -189 14 218 -71 -92 -245 159 -172 44 -199 16 120 111 201 234 -183 -133 -84 -9 225 147 40 -78 90 70 219 81 115 -139 -110 152 -170 -21 -5 205 -66 93 19 128 71 227 -29 -23 9 13 -97 -43 41 189 -121 -26 129 243 -182 -55 -228 65 27 -107 103 245 -28 72 -230 76 149 
TEST 180 ARG:-14 97 -239 52 -102 -124 105 153 90 4 194 43 245 -9 18 -13 -171 187 29 -93 183 -27 149 106 22 143 81 -142 -97 -23 72 199 -38 -34 -11 240 -5 -153 233 -227 -19 -61 125 -152 67 234 211 174 113 129 154 213 -237 -210 -71 -44 -57 198 219 49 -168 -31 73 197 -184 14 -186 -139 -190 -149 9 180 -240 10 -84 37 176 -113 -104 27 247 59 19 -8 -172 115 -161 71 -114 84 -51 226 16 -241 -183 -194 148 -20 -232 -83 -169 214 -42 217 104 -185 64 218 8 108 58 208 50 -166 42 53 140 25 -128 -87 -64 -156 -28 -29 -223 161 203 185 -235 118 75 224 6 -49 62 91 249 -174 -41 20 -62 -158 238 130 -50 -130 76 -92 -108 -226 -218 103 -193 -238 -7 210 117 -182 102 -247 191 138 -122 -167 -118 -125 168 169 212 12 -3 -86 -75 28 41 -129 -117 188 134 -6 170 66 44 221 -145 5 0 -191 -133 -132 -160 -39 -198 182 179 -143 24 80 74 235 -162 166 -217 -245 46 -228 193 -180 177 95 51 239 -233 107 15 87 -178 229 -112 -224 -32 144 1 246 57 13 -126 7 -173 241 -179 206 -246 -155 -17 -74 88 -148 35 -68 -96 111 -200 -236 -208 63 -56 -53 110 -159 232 -206 205 -192 237 127 131 92 21 248 139 136 -59 222 -25 48 109 -99 150 60 54 -15 77 -197 -150 -67 56 -250 -231 -98 -214 132 69 228 79 39 -216 186 34 -24 225 -81 -222 -21 -177 68 -138 230 -116 116 126 123 231 -157 -137 -134 -82 192 244 -94 165 26 141 -12 204 122 -202 -95 -58 114 -175 -65 -203 32 227 -163 -243 -209 -80 61 223 -40 152 -248 30 -204 -35 160 2 202 156 85 -85 -54 173 -109 119 38 -2 -229 83 -72 -151 101 151 -45 157 -110 112 -30 -90 -220 -1 -196 -63 -100 145 -154 146 -230 99 -79 236 -101 -115 184 167 -164 164 -215 31 175 -146 -213 -4 201 -22 47 -225 86 -18 220 -176 82 -78 137 70 -16 135 -131 -66 -201 -212 -195 89 40 120 189 23 -77 -107 128 -105 93 -88 17 -70 190 98 200 -48 -199 -207 -73 158 -187 -135 243 45 -144 -91 -60 94 121 3 -249 33 -170 -26 -136 -140 -189 155 -37 -141 -46 78 147 -89 -181 -69 96 36 -123 142 207 209 -165 171 -120 124 -36 178 100 195 172 159 -205 55 196 242 -103 65 -55 -127 -33 -244 -188 -211 -106 -52 -111 215 133 -119 163 -43 181 162 -121 -47 216 -10 -219 -234 -242 -221 -147 11 -76 
TEST 181 ARG:208 -54 200 -78 -169 -90 -182 130 -10 -68 81 -149 247 -233 57 -50 -206 -219 41 -137 90 -97 -246 158 123 219 222 -160 -204 -29 -7 -100 189 -170 221 -225 -176 39 135 48 4 149 -248 231 -114 87 -157 -73 -212 -143 229 96 154 51 -155 -164 175 18 191 -151 -197 43 202 -232 176 -87 -105 -48 -2 -211 101 66 -12 155 92 14 104 108 188 -72 55 -177 173 215 171 -227 196 -38 61 161 -86 71 30 -215 -112 -65 -85 217 228 -121 22 -89 -230 -242 89 -44 160 183 187 105 -190 -153 120 -14 197 -9 -75 19 -83 -146 -76 -52 -125 174 116 181 -20 99 63 -175 234 156 -51 -46 148 -98 212 213 -62 44 91 100 -168 -202 136 -120 -188 -247 -106 60 -209 -171 73 -138 -183 -84 54 31 11 -117 -236 32 27 225 -102 47 26 165 -216 205 199 131 -122 -244 3 239 179 147 137 -60 79 -239 216 -101 -231 194 -214 -113 -80 117 -126 -243 128 -19 -130 122 -107 20 -11 -8 172 180 -103 -191 21 192 -92 140 -186 -207 246 -133 242 -41 109 -39 209 -250 -108 190 245 -165 151 170 -127 29 223 -88 -58 111 12 -158 150 -166 16 230 36 -178 -174 45 -18 -67 -139 80 163 46 76 86 -152 65 153 -198 -238 -213 166 94 56 97 2 218 78 -24 233 84 8 145 107 -147 -49 15 -40 -104 95 114 224 -237 74 207 50 -123 -34 -70 -82 -240 103 98 -21 -245 126 -131 7 52 115 -64 -185 23 37 141 -3 -35 -163 195 -16 185 167 25 144 58 -1 40 241 -129 -220 157 240 -124 -136 -30 -148 -57 33 -180 1 -47 184 24 -99 -156 69 -33 -71 -141 -201 0 -116 248 28 -192 210 127 -140 110 -6 -109 102 6 113 -208 -45 -150 -199 -205 214 -37 77 168 -61 -224 238 53 -17 83 162 -249 -172 -66 -110 -181 88 -15 -134 -161 159 -167 17 -193 237 72 125 82 49 -173 193 236 227 -81 -94 -194 152 -32 -53 -189 232 10 235 -13 186 146 106 118 -159 182 -179 -200 249 -187 -184 -223 -234 177 -135 -56 67 -222 -145 121 133 38 -154 112 -119 -226 42 129 -221 -93 206 -4 244 70 -43 -27 -229 201 -91 -195 93 -59 85 164 -95 35 134 -79 -26 211 132 198 142 68 5 75 -235 -218 -36 -63 -196 143 119 -111 -28 -132 -118 138 62 -25 124 -128 -241 220 -22 169 9 -210 139 -74 -203 -55 -115 -42 -5 -23 204 226 13 -144 203 -77 -162 34 243 -217 -31 178 -228 64 -96 59 -142 -69 
TEST 182 ARG:-186 -10 -72 -167 -14 26 15 63 -75 178 -77 -123 -98 -40 148 136 24 86 -69 156 -38 145 132 195 -215 -64 68 -222 -46 34 -111 14 168 -129 -92 79 22 -220 -204 159 90 -20 -207 -24 27 89 48 -187 75 93 19 212 85 -243 -229 118 57 -5 164 -157 54 -181 -242 -236 150 91 -230 -7 206 -147 160 -159 117 230 104 -235 241 142 67 -171 5 -133 -245 46 -216 -81 -197 -104 43 -71 -97 41 88 207 130 7 -105 77 3 30 -76 -237 182 33 209 135 -112 -192 8 -139 -188 66 -165 196 40 -73 211 192 125 -119 -140 -151 183 -250 144 25 166 231 248 -246 49 -29 -150 -80 225 165 -36 222 -185 162 247 32 -79 -110 -163 -60 16 -244 -143 38 151 -49 -169 102 -18 -168 -17 -221 -91 -9 -203 155 -125 152 200 -126 -223 109 227 229 -115 202 -189 -142 -214 226 -42 37 221 233 -162 -128 131 18 201 71 -16 20 116 -84 191 -118 -226 235 -155 -99 -153 -136 -114 -22 83 -249 149 158 213 -193 129 65 28 198 58 98 143 146 -48 -141 -195 -93 105 101 242 -173 119 -35 17 11 -68 -160 -6 53 -247 246 -148 -152 -89 228 -43 72 -175 -210 139 -15 -44 -61 -191 -134 220 -161 -130 35 -52 -11 -88 -231 -145 175 170 243 177 -196 -164 122 -154 -86 153 55 161 36 12 97 73 59 120 138 193 140 39 -87 -54 6 -113 -25 238 -95 237 2 180 217 -190 124 106 197 -172 -2 174 123 -4 -146 121 31 -217 -208 -219 194 190 -26 74 -19 -234 42 234 -121 -213 -241 -27 -96 -28 -85 52 245 -158 47 111 69 236 154 95 4 -107 -30 80 -200 94 -239 -232 100 -201 -182 189 -206 157 82 23 -65 -32 -31 -41 126 1 81 163 -176 -194 181 -47 -124 133 -58 244 -170 87 50 -13 -132 -12 239 -184 134 -228 204 61 218 -127 -83 -202 187 -106 199 219 -211 -156 9 92 -180 -144 -67 108 78 -82 -166 -117 147 -177 29 -198 -57 -23 -102 172 -240 -62 173 185 -70 137 64 216 -94 -3 -205 -78 -8 -179 44 -45 249 128 13 76 0 -59 167 10 -224 -122 -199 -225 208 -51 -66 -138 240 -116 -183 -90 51 110 21 205 127 210 186 188 -53 114 99 113 -33 -238 -233 -131 -178 -227 112 -21 171 60 -109 70 96 224 62 203 84 -108 -34 -74 -56 141 -135 115 -248 232 -174 176 -212 223 215 -120 45 184 -103 -137 -101 -149 -100 -50 -1 107 179 214 -55 -209 -63 -39 -37 -218 169 103 56 
TEST 183 ARG:-142 169 97 213 121 196 -220 -236 198 -122 -196 9 -26 -216 -193 69 -141 104 60 28 77 168 203 -200 -60 210 72 -88 -235 -7 249 128 129 -39 -198 -3 184 83 186 -199 -219 160 70 103 181 -147 -176 171 56 16 -85 245 19 222 -186 -173 -144 80 -32 197 124 -239 -136 -210 -103 84 46 200 180 122 192 63 23 -231 187 -1 -36 -248 5 -24 -223 -79 -185 38 232 109 154 61 -49 183 133 75 88 4 92 -123 -158 25 145 -108 179 101 166 -14 144 173 8 -192 -205 234 143 -91 206 -112 -98 47 1 -211 10 -21 185 -224 248 -150 -67 17 -82 105 45 11 -189 216 -57 -44 -188 -207 126 -156 -107 -110 162 -87 229 161 -177 74 -195 159 -96 -240 241 -12 239 -69 -86 -129 13 -213 -145 -138 -11 -80 153 191 29 -155 -64 -93 -75 -222 -225 -74 49 -115 147 -47 -94 227 -135 115 36 6 -131 -159 27 110 -54 -28 -41 15 240 -197 -151 -140 2 177 81 18 26 157 100 242 94 116 -23 -242 190 -18 136 -73 174 112 -63 158 130 -132 135 -101 -208 -163 85 195 79 -114 41 -228 188 96 238 132 -71 -125 111 199 233 -238 -245 98 -37 106 -202 -65 -20 22 -55 207 134 176 -59 211 125 -8 -90 -170 209 89 42 -226 78 -247 218 -203 118 -187 -130 172 -81 -139 189 155 202 -19 -194 -40 -148 -229 123 152 -46 205 -166 -160 -83 -31 -162 -99 -119 -4 -34 40 -15 -183 99 31 -143 193 247 119 -165 -209 215 73 -175 -29 -109 170 102 -133 -13 52 58 141 -241 223 -52 -97 51 91 -126 67 -16 -48 156 244 -6 -76 14 33 -167 127 -134 194 -217 -161 93 -111 -5 -84 231 -43 44 53 68 32 182 237 3 -61 -204 -106 -51 54 226 204 -68 43 -27 -154 -38 228 20 -113 50 120 -174 -53 62 76 66 12 138 48 59 214 -124 164 -50 -153 37 -22 -45 -249 140 -118 -172 178 90 -100 -149 117 -137 150 -92 113 -62 -179 -234 225 -117 64 131 -70 -10 7 243 -164 -33 -215 -104 -72 -171 -42 146 220 95 34 -232 -120 235 151 -58 -182 212 230 -201 -246 208 21 -56 -127 -221 -233 -181 -66 163 71 82 217 55 137 -128 -230 -152 -244 224 -95 -25 -190 107 86 219 -77 -78 -157 148 139 39 -2 -227 246 -9 0 167 -212 -116 175 165 -214 -237 -102 -218 35 65 -180 -206 -30 -191 -105 -89 57 -250 -168 221 -184 149 30 236 -243 108 -178 24 -169 114 -35 -121 -17 142 201 87 -146 
TEST 184 ARG:157 -135 64 124 -245 0 53 -148 197 -42 -49 110 -2 24 -109 86 -4 -122 83 76 -207 204 -226 -3 -246 -74 168 -48 -39 -158 236 25 -192 240 -75 -89 -147 69 -155 166 120 -6 85 170 -178 -220 215 -168 92 46 -55 31 122 227 -102 62 21 113 -76 -69 -1 -123 178 -28 -179 -13 -162 -117 87 125 172 8 18 36 -149 -38 226 246 -139 -18 -35 -170 -100 57 -201 -120 -121 162 229 -206 59 112 118 -138 -40 90 65 61 -44 -210 186 171 44 248 -134 -128 -145 91 -56 -216 -7 17 -67 -59 39 245 -174 -185 -165 26 -239 106 78 144 154 130 160 -106 180 -221 159 179 -233 -41 -198 -37 167 -250 184 15 -9 56 203 199 -62 -203 -236 -157 117 111 247 217 192 -197 138 156 -78 137 233 22 -166 208 -58 -70 -17 -63 71 -141 -196 -188 95 175 -235 -249 -200 121 3 -43 -111 -19 68 123 -5 -95 -127 75 173 165 224 196 -224 41 -161 136 30 -218 73 -52 -219 -29 -195 135 11 54 14 49 -146 134 -20 -33 109 1 82 127 -107 -10 -247 -225 -22 -142 182 -57 10 105 -108 48 -81 -21 158 -34 -96 -152 -180 -144 -113 -194 -159 50 249 -163 193 202 -124 140 146 101 19 70 -36 244 -94 149 200 93 6 -209 -150 60 -172 -15 -114 12 -8 -190 -191 228 155 216 79 242 194 -202 218 -217 -24 212 -71 81 205 142 29 131 -151 -116 241 -87 164 -101 -204 -176 40 -51 -64 -160 -238 107 -183 -68 201 -237 -110 -79 -99 235 133 -213 213 -181 -187 114 4 128 37 189 72 -86 115 147 225 239 88 -242 -26 -227 174 -60 -177 -105 -244 220 191 -25 -47 198 -133 148 97 -66 -12 -154 210 231 -229 176 -115 38 102 151 -73 -80 -31 66 -215 -156 77 33 -103 -91 195 47 190 45 -77 58 43 -98 -182 188 -199 152 185 209 -61 -129 67 -223 -243 96 -248 42 32 -82 100 222 234 -167 -205 55 -92 -132 150 74 103 163 232 132 -184 183 -169 23 139 -228 243 -208 -173 238 51 9 2 -131 126 -118 -32 89 -189 177 -231 -11 161 -175 16 -164 -65 -119 -212 35 -45 13 -104 -125 98 108 99 20 -88 -222 219 94 -193 223 -211 145 -143 63 -137 -23 84 -241 -84 -186 -153 -171 -53 -140 -136 27 34 -85 181 -83 221 214 -232 104 7 -54 -27 116 153 141 237 5 52 143 -93 169 -16 129 -130 -50 -126 119 -72 -230 -14 -97 -214 230 80 -90 187 -240 28 211 206 -30 -46 -112 207 -234 
TEST 185 ARG:-27 172 -121 123 230 102 -239 65 -9 28 34 -8 240 -91 82 147 -60 -148 113 -128 14 -113 41 229 -102 10 224 26 44 187 150 -215 33 -49 174 -39 27 -232 -137 -32 243 -238 -22 16 -179 -184 84 83 -236 75 -135 193 2 -109 -11 210 -157 225 -47 135 43 -158 -175 202 -185 156 92 9 -226 60 36 -94 -213 -54 71 68 239 -24 125 -200 154 -105 -88 166 -55 45 23 237 -38 144 -246 -63 207 81 114 48 50 -153 -240 -45 -107 141 -167 -79 214 -50 -196 -99 -3 94 -210 215 220 -81 -127 133 126 -218 -1 93 13 -59 -103 139 -115 -64 -216 -2 211 -186 -37 -217 145 -76 -171 241 -203 46 180 -129 -111 -169 160 -19 175 235 -108 129 32 -181 -211 -245 52 4 -151 -229 119 -25 142 179 -6 62 -146 168 -112 -101 -140 -149 -106 -139 -41 29 -174 20 -83 -95 223 -75 -62 159 -165 79 209 86 231 -209 -230 -168 -82 212 134 55 208 -160 17 246 -51 5 30 -122 -53 234 -207 -188 -67 21 -224 -97 195 18 -132 -12 -143 249 -61 132 -183 -189 -4 198 77 -77 149 -57 -68 -40 -204 127 -85 -242 91 -177 191 -243 233 -98 0 -73 155 -14 228 73 -52 -190 -125 -71 143 -5 -119 171 -36 -156 165 -231 -141 -43 72 -58 -46 227 -142 58 -42 -100 185 226 118 -193 -221 151 95 -30 177 70 -219 -162 116 -187 -56 -225 -178 1 61 -110 163 -28 158 -164 152 -173 111 236 35 197 103 40 -192 -120 63 -123 11 -84 -87 124 -163 128 -33 -147 -92 -198 53 148 203 153 -166 169 204 -72 -195 -150 -170 104 -227 12 232 -16 -152 -18 131 -116 -20 188 -248 -233 182 15 196 -65 -199 -222 117 -48 74 85 56 183 -17 -80 115 8 -155 238 38 -118 136 -117 49 -136 -228 7 -34 -250 -89 78 -26 161 107 42 157 162 173 247 -172 76 -124 108 -86 -70 206 -180 -144 -7 -247 189 54 57 186 -241 22 -130 -15 146 248 194 -21 164 -134 -161 199 -154 178 167 106 6 -78 66 213 -214 -194 -191 245 -114 100 122 -182 -104 176 67 -212 31 -201 140 205 101 24 -31 -208 3 221 -35 121 87 99 -205 -66 -206 -96 138 47 201 -244 200 98 -249 -197 -237 218 217 -69 -145 -220 -234 -13 69 105 -235 222 192 -29 -133 190 -74 112 -23 64 -159 170 -126 -90 137 110 -202 59 51 219 80 184 -10 25 -223 89 97 37 -138 130 244 39 216 -131 181 120 96 -176 19 242 90 -44 109 -93 88 
TEST 186 ARG:195 153 126 -190 -195 -213 45 -15 140 -25 -95 -115 22 96 223 -184 15 245 -129 77 90 -84 93 237 -31 -1 -105 -104 -209 124 -178 113 129 107 224 -177 225 -48 175 -90 -50 -207 -192 99 227 61 -137 -246 25 -97 -153 -22 -101 40 -110 136 247 -83 187 -123 -204 -82 110 231 91 -107 -165 70 -217 -240 -56 146 188 173 148 -224 -212 149 -46 -201 -199 -182 -120 -215 157 -8 214 -68 127 -237 -250 -91 125 -16 105 -167 230 -235 -158 -132 -193 -154 -166 4 120 -116 73 -188 161 119 -18 -77 165 -70 246 -135 68 16 65 208 -7 197 128 143 -37 -29 -14 72 -180 -54 -33 229 -30 -164 215 -109 -168 85 191 -21 -124 162 -222 -175 -93 232 236 221 -183 194 12 -5 249 83 -226 -55 -117 112 -52 28 -35 35 174 -161 -99 -88 -170 -149 -118 171 98 21 -130 55 32 59 154 104 26 177 -138 108 -221 192 -72 156 122 -151 -163 52 75 92 9 -223 -218 244 64 -89 -73 -242 -179 82 117 57 106 -85 211 -125 20 6 222 100 -205 -106 235 169 103 -75 37 -45 -20 -194 -197 198 -185 168 62 -233 36 -248 -34 201 -42 -191 -144 31 44 182 -147 30 -86 118 17 -126 -172 199 -148 -227 24 -214 155 -174 152 56 -200 142 -11 13 189 46 242 -232 135 -66 -139 -208 -26 23 226 1 130 121 206 38 51 -140 43 -63 -28 7 -146 166 147 -247 2 -24 -156 -43 200 -206 -27 63 -145 -64 184 243 114 -210 -239 79 -169 -181 -203 203 -187 8 -60 -159 -220 172 -100 -81 -3 42 -112 -69 -53 3 109 219 -78 -47 29 216 -160 49 94 84 -236 -231 101 -225 19 -40 -96 207 134 89 111 145 -80 233 74 -186 -245 -216 220 -143 -230 -32 133 139 -62 228 54 -108 -58 181 159 -150 150 66 -12 180 209 76 -136 -196 123 5 18 217 131 -141 67 -61 -111 132 -98 -76 176 34 41 -238 115 -241 81 144 -67 -10 27 164 88 116 -171 -102 -155 -162 -103 -131 80 50 -211 0 138 -249 11 -122 248 -19 -142 -2 186 -244 -127 -202 185 234 -17 196 -228 178 -36 -119 -134 39 -57 -9 -65 202 -44 -173 -234 -39 60 151 190 183 69 58 10 -74 -113 -133 141 71 241 238 -121 86 -128 -94 167 137 -243 -198 -13 -152 -6 -59 87 -114 -4 97 -49 210 -51 48 33 160 179 -189 170 204 53 -23 95 213 163 218 158 240 -38 -87 47 -41 -79 -176 -71 -219 205 14 239 212 78 102 -229 -92 -157 193 
TEST 187 ARG:144 -8 -86 58 142 -84 -198 -19 2 69 -9 212 94 -5 135 16 -160 183 -140 -246 77 187 153 -170 -69 47 -75 -197 8 -234 227 -128 61 -61 -50 5 -236 57 -232 75 214 195 97 -15 -59 169 117 -108 -167 -225 223 -230 -196 155 211 -189 -122 -82 35 229 -44 -175 -104 237 25 131 159 -237 -150 52 236 26 -31 243 -102 244 39 -73 -228 -81 119 -119 83 180 -115 -27 -181 -168 -12 99 -93 224 -106 -10 232 -63 92 -60 221 -24 55 228 114 -219 -135 15 -233 -57 173 -243 125 54 109 -186 -240 -4 154 -151 -142 -17 36 27 -53 -192 108 188 -36 -94 22 38 103 -208 -231 206 204 216 -18 177 -202 242 161 147 -117 53 -227 -1 -20 40 90 118 234 139 -99 98 -41 -205 182 121 -87 162 -62 -83 59 46 -213 -141 -13 -201 -65 -107 -32 106 176 -40 78 -6 197 -182 126 -121 48 193 167 -76 88 132 9 128 43 -224 -204 -90 -38 -101 186 127 -137 -133 -7 205 -153 110 30 -220 111 168 -100 -144 -92 -249 -229 14 -214 -129 -195 -72 -14 -247 -35 -174 -70 199 -169 -66 -200 41 -158 13 105 124 210 -29 62 -130 141 152 202 235 28 0 50 -37 -172 225 -161 170 172 -127 217 -124 73 -154 63 165 233 71 151 -48 -71 -138 -98 -51 239 112 100 220 -180 -178 68 157 -187 -105 21 208 -143 17 -34 -110 11 140 -55 238 -146 -166 158 248 181 19 -148 101 240 245 -223 120 215 -173 230 -164 -162 70 32 -241 96 -45 -22 -131 171 -79 -191 89 -97 -139 -203 190 -109 -49 175 79 -91 -165 -74 24 -114 -145 146 91 -46 123 -248 134 138 107 80 -193 178 -185 74 196 129 -190 174 -11 -152 -183 76 -80 226 194 -21 218 -3 185 -103 -25 -16 -177 115 -159 49 -156 -199 86 -155 166 192 -58 85 64 247 -64 -210 156 67 34 145 51 18 -207 95 -78 -245 37 -85 -113 150 191 -194 -43 66 -184 -52 -188 148 -126 23 -171 10 -26 -238 -77 65 222 -222 198 -112 -56 249 87 116 219 -242 -96 -212 72 104 -120 130 -111 -89 -39 81 -23 -134 203 164 122 -216 -218 -132 -88 207 -33 45 82 20 -123 -221 44 -235 102 189 -147 60 -118 -226 93 -30 143 -54 246 -211 -206 84 42 12 200 136 -217 160 -116 201 3 241 -67 -244 56 4 137 -28 -209 113 -95 149 33 231 -250 -42 31 -215 -157 6 -68 7 -163 -136 -239 184 -179 179 -47 -176 209 1 -149 -2 213 29 -125 133 163 
TEST 188 ARG:-81 23 -240 27 -24 82 -119 6 155 65 206 -23 -209 167 -89 238 239 -88 156 130 18 -148 -51 131 39 55 -167 201 -202 -195 -73 -102 -48 -142 -203 -13 32 -234 -216 113 -26 101 -197 5 84 70 228 47 -114 12 193 69 105 112 91 145 162 211 -198 -131 -168 -206 -218 218 139 20 134 158 -225 120 176 -99 -160 215 -100 233 -16 25 43 168 117 2 182 85 -65 64 -40 -212 150 60 31 -166 -204 -116 86 -44 75 -185 -59 -232 63 87 -87 37 186 54 -158 38 169 -106 10 188 140 -191 135 13 225 -140 187 -224 191 -134 -248 159 -237 -46 -18 -54 17 -205 103 41 -247 77 -249 133 99 -5 -55 198 95 22 -227 227 -220 59 -96 102 53 30 -245 -127 -34 -173 151 -9 92 -76 -49 -41 -162 -74 217 -236 -217 -83 -145 229 -211 -68 144 -238 36 -223 -222 236 66 73 -50 -103 -231 58 -126 -29 -241 118 164 79 -170 161 -189 -1 48 0 190 24 199 -244 -22 -138 -30 -82 207 83 -199 -208 -52 126 -246 125 26 -156 -61 49 147 14 -226 -155 -105 -144 -181 -27 240 56 142 171 123 -109 15 181 183 35 146 93 28 -174 33 -230 -125 88 9 -151 -4 148 -141 -213 124 -188 -63 121 -132 242 232 -31 230 45 -164 100 -196 104 44 74 -117 163 -101 97 122 245 -113 244 -58 223 219 -242 107 -120 173 -94 -43 222 106 34 -122 -35 -97 -136 -215 16 203 -33 -179 -178 -207 137 -14 -149 61 -157 204 248 78 241 -250 235 115 194 50 -8 -95 -147 -176 68 -187 -75 231 -21 51 -186 247 19 109 3 177 -115 -98 -193 -60 114 76 129 -153 246 -104 143 -108 116 111 -72 -235 153 -47 80 94 224 -172 -135 -175 220 -57 29 -190 -243 -118 132 -7 196 110 214 -192 165 -165 -6 -177 7 -146 128 -133 -71 -85 -221 237 -25 -169 -111 -2 154 141 -19 212 -17 234 149 11 -32 -67 -123 -143 226 208 -112 -92 1 -200 72 119 192 -210 -15 67 -194 -163 89 -159 -201 -45 157 -69 209 -79 -3 200 -39 -93 195 -130 40 213 -70 -38 -53 8 -91 210 46 21 -80 249 -90 108 -12 -184 57 178 -233 -171 -214 -182 152 -66 197 -228 -36 -62 -78 -11 90 98 -152 -150 -107 96 -219 42 -154 -124 166 -28 -129 -37 160 -137 243 170 -42 138 -86 -128 175 -239 -77 189 136 52 184 -180 -64 -139 4 -229 -110 221 -56 62 -84 202 71 216 -20 -10 180 127 81 179 -121 -183 205 174 172 185 -161 
TEST 189 ARG:-184 74 127 -139 -21 -37 24 4 71 -207 60 174 -246 221 199 -230 -235 101 103 -89 -23 -11 120 106 -189 109 -152 -216 1 -211 -172 6 83 -61 -33 -83 65 94 107 -60 240 26 -107 235 158 -15 98 -81 -74 44 193 -214 -9 50 163 -101 -149 28 186 117 81 -148 236 -173 -127 181 131 -46 30 248 -59 -159 -103 239 53 -165 -187 -57 165 206 -80 -209 9 -191 -71 -97 -111 -75 -68 11 -12 143 59 -118 232 -52 -1 -182 -237 -104 -91 -181 -213 -163 37 -48 34 -198 211 237 -170 -24 230 213 88 -98 -29 -53 -138 -190 -65 220 187 57 80 113 -221 147 58 167 -197 -108 75 210 41 170 189 171 -169 121 159 89 178 -151 78 -25 16 -120 99 -245 -36 22 -31 -219 -226 -185 12 -249 247 -124 -35 102 -180 -19 -244 -176 -224 -102 -131 198 -155 227 -195 29 42 -215 93 52 238 -199 -150 -58 -22 243 -232 -158 -140 -134 122 92 201 -238 229 43 105 -122 -43 156 -8 157 195 112 -38 -87 -6 134 -70 54 -162 151 136 116 -63 -242 32 -201 114 47 -56 40 0 225 154 -18 146 129 -88 241 90 -188 67 -206 177 228 234 115 184 -164 77 -54 7 233 -236 -49 -41 -146 -153 -227 -30 73 85 126 -77 -114 27 97 -228 -16 -95 -78 -100 18 200 -130 -183 166 -132 -94 -62 135 56 -51 172 -113 51 -84 -171 175 -231 -200 -67 -121 84 192 -44 141 -168 -247 191 -205 -203 -42 76 25 21 68 185 124 226 150 38 -40 216 -202 -179 100 -20 138 244 -45 183 -2 133 -92 -96 -225 144 -143 79 209 -241 -217 218 23 -93 224 -13 -156 -28 46 168 69 72 125 35 -66 70 -119 -212 -110 20 -177 222 -126 -7 -99 -14 142 202 19 -39 -17 140 208 -240 31 205 86 212 -175 118 10 -5 119 152 -50 87 -106 -27 82 -85 -222 149 -234 -117 215 39 -82 55 188 176 -4 214 -137 8 153 -90 223 -192 15 -210 13 63 155 -129 197 -86 -220 162 36 -208 -178 164 -34 -128 -229 179 -239 45 207 3 -186 104 161 14 33 217 -147 66 132 -64 -26 -167 -79 -3 -135 -116 249 139 49 203 180 246 -157 190 245 61 145 -109 -193 -218 -47 -161 2 -194 -123 62 48 231 -144 -32 -112 137 -55 -166 -204 -72 -145 196 -69 5 17 148 219 -142 242 173 -160 108 -115 110 169 -133 -125 -73 -248 130 96 -76 111 -141 160 -174 -154 182 194 95 -233 64 -10 -196 91 -136 -105 -250 204 128 -223 -243 123 
TEST 190 ARG:229 180 96 236 215 -1 54 241 212 -159 -248 188 228 32 -83 50 -119 -57 124 -152 -126 15 -163 -30 -108 31 67 -165 -201 27 204 -225 232 -206 239 -24 36 -58 117 -154 -222 37 -20 -146 35 -48 174 30 -74 -9 -214 -95 205 -62 -181 -98 219 -84 135 8 -81 -89 137 6 -169 5 -43 92 23 -29 -129 169 235 -37 -77 25 -23 -241 147 -211 220 206 167 -216 -103 216 -127 -132 -250 69 -208 -25 -12 165 -220 84 85 112 -161 -55 -233 56 -128 -177 133 218 -99 -195 -179 245 149 38 -224 128 -87 13 -80 -203 -160 -145 -97 42 102 -213 -46 -196 185 -237 -123 1 -150 172 97 -176 224 82 -191 39 -53 -223 -205 -79 62 91 199 -186 -187 -13 136 29 -105 158 140 -50 217 61 75 -68 -92 -249 83 -238 -90 237 208 -236 -115 248 -8 146 -107 -138 -2 -106 72 191 -174 -69 222 200 90 -40 41 12 168 -93 20 210 -36 223 -221 -114 -202 44 143 170 -82 80 190 3 126 -71 230 60 55 -111 -78 74 171 -41 -210 -247 213 138 -85 57 194 18 9 -35 89 73 129 193 141 79 -73 153 202 68 -209 -171 -104 -170 -72 164 -188 63 -156 -120 -63 110 189 98 187 -67 -147 150 -124 -149 134 -49 93 -11 -109 -101 201 71 111 -189 125 88 157 -137 -197 -143 -204 43 160 16 -153 -215 106 14 -125 87 163 -164 179 -116 -139 247 66 -122 26 177 24 178 -242 -227 196 203 4 244 -133 -136 -199 -178 -185 -182 -27 249 78 -19 231 139 -173 -17 -100 -131 119 -18 116 -200 53 -144 118 159 -141 -33 -22 209 -44 -198 -190 94 -51 -64 17 -245 -219 -235 148 -212 -75 161 -184 65 -66 58 -45 131 155 197 -88 101 132 -192 52 108 -91 -47 142 -113 81 33 -102 122 -117 -157 -15 100 -118 -207 -175 -234 240 182 225 -59 214 162 19 -194 -4 -183 242 48 -130 -226 -70 186 -155 -28 123 -76 0 99 -240 -232 -168 207 70 233 49 51 152 107 156 -14 -34 105 64 -61 21 -158 -142 -246 76 -16 28 95 121 22 176 166 -148 -56 40 -228 -21 -151 7 -217 -31 -134 181 -193 113 -86 -112 114 -140 -243 86 -135 120 175 -229 -39 151 154 45 -3 11 46 -7 -32 -42 -172 144 109 104 198 238 192 59 -218 -96 77 -180 -38 -230 211 -5 -167 227 221 184 127 -162 -166 173 2 34 246 103 -94 -52 47 -54 -231 226 234 -65 -60 -6 195 -110 -26 145 -239 115 -244 -121 243 10 130 -10 183 
TEST 191 ARG:-241 -176 -184 124 186 -95 179 -69 77 -230 89 200 192 226 -107 159 -141 96 120 -12 -211 219 -48 12 211 -201 -81 119 -99 240 222 -220 103 -177 -191 241 185 68 -26 204 163 -228 7 67 -5 223 -106 -54 83 210 202 31 -125 74 42 -119 -22 -151 183 -148 -195 65 -196 64 26 173 -39 -199 -186 215 197 73 -47 -147 -206 107 177 -41 239 -238 169 10 -49 194 -156 221 -34 -248 168 -61 -229 -24 48 -214 122 79 -16 153 140 -155 24 -33 -63 23 -150 156 53 147 118 2 149 -159 51 -127 248 47 152 -237 -11 -118 -52 -134 -232 -45 56 -172 13 -7 -142 -109 108 -169 141 -180 102 198 -161 -67 116 180 -50 -120 196 -249 -189 -246 225 -224 199 167 69 -207 -144 -234 154 -205 0 41 27 -15 -235 -27 -89 -209 -105 218 112 -62 11 217 181 88 -130 224 93 -28 -9 -131 212 91 -59 -188 201 -74 85 -226 61 246 227 144 40 -93 233 -37 129 -108 178 175 -171 171 -227 90 -84 6 62 -200 38 -53 22 -19 59 -129 92 -23 -204 205 94 127 -78 -56 190 -123 109 -25 172 -82 -143 -86 17 207 20 -43 8 148 220 247 111 188 -152 -104 -236 -247 128 -225 232 -115 76 49 -219 -136 15 -212 -121 37 -223 -164 35 -94 143 -92 151 -173 -71 203 -73 -85 231 -124 -8 -158 -174 121 -90 -157 -10 230 -80 -36 157 170 -182 150 87 9 71 245 -183 54 235 -79 -58 39 86 -83 36 -154 72 -101 166 84 -203 -32 75 -244 164 -138 -70 101 -242 123 142 -91 130 -14 -250 -46 -35 -163 206 -103 -179 106 14 -198 -113 -30 -146 115 -87 -38 110 189 -213 -139 234 -117 -55 43 -98 -17 237 174 -96 -21 55 21 -145 193 32 -4 -57 28 126 -240 50 -215 -66 -51 -64 -6 137 -13 -190 160 -31 -128 18 45 209 -137 66 -245 -165 80 60 184 161 5 -175 146 125 58 -68 -2 213 -20 155 -243 -72 214 -178 19 -167 -42 -166 -60 82 -162 244 -1 52 -216 113 -116 249 -114 16 -135 -122 138 191 216 117 -221 -231 238 182 -202 -222 -194 -193 114 100 -29 70 136 105 -65 -76 95 -197 -185 -102 -100 78 158 176 -208 -239 -140 -40 236 46 30 3 -192 -170 4 -110 187 208 134 99 29 131 132 44 145 -160 165 33 195 133 229 228 -3 97 -233 -149 -75 98 135 34 -18 -88 162 81 -210 139 -218 -126 242 -187 25 -133 63 -168 -77 -44 104 -153 -217 -181 243 -132 57 -111 -112 1 -97 
TEST 192 ARG:-110 -208 -128 -26 -124 249 -70 -144 231 -52 -157 -1 -91 75 36 83 -74 -194 -104 167 -59 -138 -137 -210 16 -201 28 53 202 78 -85 -27 -146 158 -105 -241 -82 26 193 56 126 -225 -31 203 -153 33 -34 -17 166 244 -199 94 -232 -8 -5 -37 80 -121 217 189 121 -29 214 92 159 -191 47 -118 218 -167 201 82 -244 -166 -220 -238 122 70 -101 -249 -107 -58 227 61 -46 -7 -135 248 63 -42 -233 143 50 -62 146 242 225 213 -23 170 69 152 -140 157 -78 -158 -182 -119 173 -141 183 -228 -175 -204 15 216 101 144 223 187 197 -71 116 -72 212 -81 169 12 228 181 71 -47 1 -173 245 230 -16 -171 198 32 88 44 -223 20 -103 -148 109 -198 17 -216 -102 -188 104 -114 138 -65 -235 -169 190 147 -234 208 -178 0 -109 195 37 165 -84 -203 129 -154 164 -193 -10 229 232 38 -51 -111 -99 105 35 134 -209 233 -95 -163 46 -143 139 84 -237 -185 -87 -12 182 -219 -88 -205 -213 -32 21 -83 108 192 -30 -187 -132 246 -226 4 194 -14 -123 -69 111 66 -15 -186 -125 141 175 81 57 -44 153 -61 68 -97 -231 -113 -224 -248 -127 191 211 124 163 142 -159 -98 -89 215 -177 241 174 136 221 137 89 114 135 234 41 -18 200 85 128 -192 87 -21 -4 59 -50 -36 5 -197 18 54 25 -164 -246 -120 -229 -100 -112 -145 -20 162 93 52 -11 39 125 199 98 -48 55 176 3 -6 -28 107 180 -126 62 186 -94 -200 40 -93 95 -106 45 106 49 -115 131 -155 -33 -174 -131 -190 236 112 19 243 -73 -77 -43 -236 -189 -66 77 184 73 -243 185 14 204 161 -13 155 209 178 -247 -49 -211 -227 -117 -212 97 210 -24 219 86 67 -80 224 -40 -207 -240 -116 179 -215 -239 -250 205 -133 -217 10 110 2 171 240 -168 -96 -165 160 60 177 91 -242 -54 13 -221 -60 74 -56 29 6 48 -222 -79 -41 -184 79 -147 43 72 -75 196 -92 -156 226 9 51 -180 -161 -214 102 -160 -196 -64 -129 237 42 172 -76 247 -179 64 76 -230 11 133 96 -22 149 113 -90 -245 120 132 -122 154 145 127 168 -181 115 123 8 156 -39 -170 -152 -38 31 -57 -136 -3 103 -162 238 -67 90 -149 -218 99 -172 206 100 -45 235 -176 222 150 -139 148 -19 -150 207 220 -202 140 -2 118 -35 -134 22 117 -142 -63 -25 -151 -53 24 -68 -86 119 -195 -183 -130 65 239 151 58 7 34 188 130 27 -206 -55 30 -9 23 -108 
TEST 193 ARG:9 18 7 -244 -142 127 -5 173 167 65 -182 -223 25 -107 145 -174 60 -108 125 80 -131 -247 237 224 -175 244 -75 90 -52 109 94 -53 27 138 49 1 -73 -76 -154 -41 -82 232 128 -152 226 -229 238 87 -201 -122 -213 -18 -70 160 88 123 243 96 -100 -72 172 97 -27 -42 62 -183 220 -208 22 143 159 33 218 -98 38 -150 153 -119 -92 -194 -221 -68 233 199 -189 -239 -204 112 20 92 180 -4 -160 211 -115 -250 239 -190 217 53 31 -148 104 174 -7 -34 51 168 229 -196 225 -233 140 -179 -219 -210 30 216 -127 -8 -58 -109 -62 -99 -163 110 102 165 154 -206 194 -96 240 205 -60 21 111 195 -147 -106 45 151 -138 50 -214 37 178 141 -114 -32 83 -16 -211 -134 -24 228 -43 -227 -235 52 169 185 137 116 -95 148 -249 -216 -36 5 -2 -38 -44 171 -55 -63 8 133 157 -104 -87 115 -12 219 54 188 192 -103 -143 -187 -45 -151 -28 -193 132 -110 -128 -209 -121 124 57 -25 183 158 155 177 -111 214 234 209 -178 32 -126 156 -33 100 -67 74 -77 -153 207 -124 -232 -137 176 95 -164 249 236 184 -168 108 131 -105 -185 -116 198 -50 -74 -88 170 129 -101 241 89 -197 -20 -15 -69 -140 147 -234 -3 -39 -35 200 -1 -198 43 85 117 -167 -207 -176 191 -241 -91 36 10 3 186 -169 -202 81 182 -64 193 72 -37 26 86 -192 -173 -78 187 -205 12 235 175 -158 -248 48 204 -120 59 -161 42 246 -17 -79 -226 -71 -166 113 -222 -81 150 135 -236 -86 -156 66 -159 -83 -57 181 34 55 -220 16 -112 -242 -162 99 -155 11 134 -195 121 4 -141 -21 196 -19 -139 -118 -144 71 163 -130 -172 41 98 221 -125 -30 161 2 -218 -84 -93 -199 -22 35 76 39 91 -184 -10 63 -90 120 -80 64 -203 190 46 118 242 -181 212 189 146 144 -9 -123 -97 -180 130 -165 58 -215 162 -6 -231 179 197 201 164 -65 -136 73 -51 166 -89 40 -113 -188 -31 -238 -245 -243 -47 -149 79 213 206 248 -132 -26 139 149 56 227 82 -56 -14 136 -117 47 215 -217 14 -224 -49 -191 -29 -145 29 -102 103 247 13 210 152 -13 75 -186 106 105 -94 67 68 107 -23 -225 -135 -171 77 0 245 -48 231 93 69 61 202 24 84 44 126 230 -54 -133 -177 -46 70 -157 -200 -237 122 222 17 208 -85 -11 -230 -246 23 -40 -129 15 -66 119 -212 -61 -59 -240 -170 101 203 78 19 -146 223 -228 142 28 114 6 
TEST 194 ARG:194 72 -205 81 167 -65 -161 -37 -141 247 -226 -233 -13 -105 -182 -132 233 -103 139 -104 -237 66 212 128 96 -136 -38 -52 -30 -200 112 -87 171 125 -186 -29 179 -165 33 83 231 -128 216 232 154 -55 -127 217 191 -217 134 -17 -2 57 -196 -91 -176 5 39 248 -57 -140 -214 -178 114 239 181 241 124 -129 156 86 -8 -82 80 180 15 107 -114 -89 222 8 -234 162 30 197 13 50 40 -212 -242 193 183 -159 110 -76 -41 -223 68 121 206 -46 -48 132 74 37 126 6 -50 -113 -192 123 -26 -45 -172 -139 -207 -111 29 -240 199 -92 -202 23 26 84 -39 52 160 -68 -216 -249 135 -173 116 -14 -208 175 -153 236 136 118 195 214 61 213 129 173 -93 -238 -236 -131 159 -143 198 45 111 38 -49 -221 150 -90 186 -148 140 -201 -220 242 169 157 149 -109 20 -58 -179 229 -188 -121 -106 92 -64 -79 -164 203 -115 174 -40 -78 69 208 -211 -197 105 76 122 -11 -99 25 164 -149 -209 -73 -126 -189 -158 -227 -250 -195 -194 226 145 161 44 148 -119 147 201 103 -166 2 -54 170 166 237 -225 91 172 75 4 17 60 -107 71 -218 -6 -247 -25 -98 42 -230 -56 -70 200 109 -181 -206 192 24 102 -185 -18 -28 -100 204 -239 -155 -147 120 -241 -246 -168 -71 165 -191 -16 94 -117 21 79 -229 155 -9 -32 97 55 -110 -3 -144 -102 221 22 141 -4 -118 -124 -248 209 -19 -162 65 190 10 -101 -198 119 -108 70 14 -84 240 -88 -151 -10 88 90 -34 -120 19 54 27 -157 -85 -184 -23 -228 -5 143 63 -33 12 -169 -61 104 225 51 32 -231 -27 -243 137 163 131 196 62 49 -203 -69 235 142 -94 -187 0 -224 41 89 -15 -35 215 -42 168 99 188 48 -31 -86 184 211 -190 -170 -134 -232 -167 -74 56 -125 64 243 -199 -183 -222 -12 224 43 67 -80 249 -210 -95 223 177 244 -150 -213 -145 -123 -235 -81 158 -43 -51 220 93 34 133 -47 -53 -160 -1 245 -83 227 100 207 -146 -62 151 185 7 -177 11 218 77 146 98 -133 3 47 53 205 95 -244 202 -36 87 9 -137 -163 -245 -116 -72 -204 -193 -138 82 36 210 144 230 -175 113 -77 -20 58 73 -112 -63 176 -154 -66 35 59 182 246 -22 187 189 117 228 -21 78 1 -60 106 -97 -7 178 152 -75 153 -156 138 -174 127 31 28 108 -44 -171 -122 16 46 -67 -180 -135 -96 18 101 -130 -215 -142 234 85 -59 115 -24 219 -219 238 130 -152 
TEST 195 ARG:29 -64 -211 -17 -181 21 -233 -247 198 199 18 -105 38 -102 233 219 -52 184 -142 185 90 85 234 -10 -178 188 -24 -139 120 200 54 -84 -72 -123 196 46 26 -5 6 218 -23 97 132 53 -138 238 157 -41 171 12 -187 135 210 61 48 -162 -239 69 65 -115 -202 -81 73 -126 -37 -149 83 20 -206 40 87 -11 -19 -79 -3 138 206 104 -132 147 139 160 9 75 203 67 -174 -21 241 66 -92 -245 -97 -223 229 131 173 -51 -213 15 -67 182 205 119 -225 -60 98 141 -4 88 217 -241 -194 -147 128 249 -237 107 -103 99 112 5 -217 237 -210 180 -95 -116 82 129 -155 33 220 -179 207 181 -76 108 148 -16 193 -114 176 -8 -118 118 -160 -244 226 221 149 60 209 64 202 117 -55 -101 55 -66 51 -117 96 14 235 215 162 195 41 -198 168 92 -57 -131 59 -78 17 28 242 -56 -100 -226 -71 -30 142 -74 187 -170 -133 -27 -40 25 22 56 91 -189 -63 194 -234 -214 227 -240 145 -7 223 50 158 247 -171 144 116 39 35 77 -134 154 80 -49 -220 -20 172 -207 74 79 192 -144 153 -191 37 -61 -146 213 216 -182 121 -59 -231 164 136 -108 146 -136 -82 93 -43 -201 123 -246 140 34 43 -88 -35 -248 127 204 -227 -158 27 89 197 -180 68 109 -238 -216 -221 230 -58 -184 -196 -163 -127 -25 -29 32 134 -168 -124 16 175 -205 11 45 -73 -157 -31 47 115 -137 -119 -143 133 169 150 49 124 102 -83 -156 -65 -192 -129 225 208 122 -235 201 -87 -232 57 190 -62 -45 -26 -193 130 -91 -33 -110 100 1 -22 -77 177 -177 -98 -128 -208 191 31 186 174 23 -104 -229 -113 110 63 189 -228 -199 -250 244 111 -209 179 -183 248 113 10 -195 19 -32 -94 -6 -218 -93 155 -15 -154 143 2 156 71 -80 95 -243 30 167 -200 -141 -190 137 -153 -68 -236 106 -140 -159 -242 -112 -186 -2 -50 246 70 -90 -121 13 -28 245 -69 -222 -86 -219 -107 -150 105 240 62 -125 -38 103 -176 -44 214 44 125 -212 -70 -224 -249 -96 -172 222 -42 -122 163 -109 -46 81 161 -165 -36 183 228 78 58 3 243 239 -135 -145 -197 8 -13 -151 -106 -204 -14 231 -48 -111 -130 126 94 -175 76 178 -1 -169 42 -53 84 152 -34 -148 -164 7 151 -188 24 211 -85 114 -203 -89 -185 -39 4 -99 86 165 -18 -215 -152 36 -173 236 166 232 -161 -47 -75 101 0 212 72 -230 52 170 -12 -166 -9 224 -54 -120 159 -167 
TEST 196 ARG:-66 -76 220 74 -156 -13 69 -123 23 -157 208 -217 150 -146 147 207 -195 103 -249 187 241 149 -17 215 131 -128 -49 -4 76 -196 -110 -46 35 -172 228 229 234 -40 143 -103 -138 51 -24 -62 73 188 2 -7 -37 -201 123 231 237 -184 -158 -232 -168 47 -61 -205 154 -121 3 116 142 -127 126 40 248 86 -68 170 88 99 -10 112 -143 168 -125 -77 -19 -238 -152 28 -43 151 -208 -136 230 -213 94 70 78 163 92 115 65 166 -167 -149 -244 -206 95 -78 -90 -227 -23 -194 -120 84 -181 167 -118 68 21 -114 191 171 24 197 158 174 57 155 -144 118 -171 -235 -105 -180 225 -55 18 137 -141 -41 -178 -11 246 -153 176 32 -101 -56 22 20 82 101 -209 -214 87 5 -12 195 -203 222 89 -45 -74 -20 -28 -29 -148 108 29 134 14 156 200 75 211 41 1 19 27 114 141 -98 183 43 -183 -8 135 -109 80 -1 -18 16 85 11 204 185 -223 -189 -108 0 31 -221 -174 49 -241 -26 -71 38 -163 37 -69 145 -190 -202 -31 39 -173 -139 -111 119 240 184 6 -15 58 -2 238 -192 178 -165 -48 117 9 -233 -218 -36 221 -155 -131 8 15 -122 67 -248 -151 218 77 -116 206 138 -188 160 -102 172 -207 -212 214 -228 205 239 202 81 93 91 243 121 -124 144 -104 -113 226 -88 -22 122 199 -32 -16 -225 177 97 -50 236 -134 165 128 210 -191 164 130 34 -39 -21 133 60 -14 17 -166 42 180 -64 -222 -106 25 -199 173 -3 -92 61 55 45 -231 26 -38 124 -135 -210 162 63 -83 136 161 193 -164 -220 245 159 13 -198 -33 -169 48 100 -186 59 219 129 -162 111 -234 179 127 192 46 175 244 189 -142 223 -70 232 -96 -219 -99 148 -204 -65 66 -161 -58 -236 198 -170 -87 90 106 224 -197 -226 10 157 190 -100 146 110 33 -129 -27 201 -5 -6 194 -237 98 7 -75 -35 -97 -126 227 -246 -54 -72 -132 -154 140 -250 -57 -119 -59 113 -107 12 -211 83 216 -182 -224 -130 139 -86 152 -53 -239 -52 -95 -81 -140 -247 -44 -42 62 -79 36 -91 72 -160 -137 -80 -133 -67 186 -112 30 -63 -9 -245 247 -51 104 213 107 50 64 4 -215 96 -230 212 -177 52 217 -242 -193 -240 -115 -159 -179 79 132 -84 -30 -229 -94 -73 -93 102 53 -150 242 105 125 56 -25 54 -243 203 182 -34 196 120 44 -145 -147 -85 233 -176 -60 249 169 -117 -82 209 -216 109 -185 -200 -187 235 -89 71 153 -47 181 -175 
TEST 197 ARG:180 149 170 -24 -209 192 69 -173 -8 10 -227 217 32 -3 -137 77 186 235 -120 136 243 -226 -73 -2 79 147 201 -58 200 -47 -61 -152 -206 116 126 -70 -127 35 107 239 15 176 20 53 184 108 91 214 -22 -55 -244 -43 197 17 175 189 242 198 -48 -223 65 221 -15 78 -25 76 104 -222 -192 -103 -150 -187 123 161 224 -126 -140 -186 18 74 59 -154 169 -172 164 -238 41 12 154 -190 115 -203 -29 80 -138 134 14 -153 140 36 248 238 -19 156 5 68 182 70 84 -79 121 207 -135 -63 2 -26 210 -54 130 81 67 3 -182 -174 114 132 -23 -98 42 -181 -51 87 -60 46 208 -232 -46 -183 -93 82 -201 -220 -213 -175 230 -243 -169 229 -97 223 142 -241 109 199 181 -228 -112 212 167 128 -14 -52 8 16 216 -80 -194 151 54 -92 72 -115 -130 -94 100 57 -21 166 195 -81 26 157 -72 133 102 -128 -87 -66 -4 112 205 -233 44 171 -125 -248 233 -39 -106 -117 -224 194 -202 -67 -20 190 -42 -142 153 -198 160 185 -234 237 118 211 -44 -18 -76 -5 39 168 145 45 -205 -214 -180 97 110 -50 -35 56 106 -225 -91 -249 244 -123 98 202 -168 24 -204 11 117 179 -45 -101 -129 22 225 101 226 -215 -158 119 -197 137 174 -124 138 -246 93 246 -74 245 0 -161 135 -65 139 141 -68 94 -210 -113 -146 -207 188 -156 204 -121 -145 -200 191 23 -159 -240 -189 -111 222 173 219 158 85 218 -167 -1 27 -71 241 -134 -41 -88 -185 88 163 -105 -38 37 -171 -108 49 -157 40 -217 38 -221 -160 -49 6 83 -163 -136 -27 43 203 155 -184 -212 -104 -100 -122 -247 -139 234 86 34 -33 231 215 50 -179 60 -155 -144 52 -230 172 19 -64 -199 -219 62 206 -216 162 124 -57 -83 -143 -84 -229 -11 89 -195 55 103 -149 -36 -188 -86 -110 183 113 -166 120 -89 -7 -69 -59 227 -99 193 -132 48 71 -78 228 63 -16 125 31 -32 -17 -237 -10 144 -164 -53 29 196 -114 -236 64 21 92 61 -85 105 129 -151 -245 152 73 33 -235 247 -9 51 240 -75 131 165 -90 -62 -6 -178 -118 -208 -12 25 30 -119 4 -107 150 -148 143 249 -133 95 -34 220 -116 47 -131 -141 -165 -196 -147 -176 99 75 -37 -162 -28 213 -191 -242 -211 -102 122 -31 -96 -40 -30 -82 -239 159 127 28 -218 111 -13 66 7 58 1 177 -170 -231 232 146 236 -250 -77 9 178 13 90 -109 -95 -56 148 -193 -177 209 187 96 
TEST 198 ARG:39 -124 161 191 102 121 -127 118 159 200 218 -60 91 -26 76 212 25 -136 -225 169 249 115 92 38 208 -155 -95 165 235 202 65 -109 184 -181 -6 157 -89 21 181 -117 219 -180 -140 -206 -29 13 151 -235 -191 136 -85 -244 -216 -188 93 160 196 -118 -80 147 -19 -93 82 -38 86 176 -24 -234 -179 79 -164 41 -170 -28 -233 201 -66 -196 88 -49 -86 -218 -115 248 -197 166 -163 180 -160 83 183 -151 -177 203 36 -204 245 -56 60 144 243 -99 -129 63 -185 96 28 232 130 -52 134 -209 74 50 214 -227 -199 -78 241 -172 -122 8 -36 195 193 -74 132 -247 71 99 -158 -31 -113 27 -25 -32 -91 -126 -92 -215 246 -110 40 55 -88 215 -169 155 59 -162 178 -37 -242 -42 -69 35 -131 70 -65 -201 -141 -175 47 168 -40 -248 -2 -96 -178 -51 -44 -243 198 -68 -214 -154 -232 137 189 119 -144 -210 220 -97 -34 69 164 247 -229 -116 -63 -239 236 77 -7 103 -222 -119 163 -224 -186 -112 -54 170 211 -5 140 -157 -226 73 133 -228 158 -145 -9 -47 138 -79 16 61 85 -138 171 -70 68 -62 100 -167 244 114 -183 204 17 106 84 29 230 197 7 -156 -98 10 62 97 -12 -120 -139 -137 66 89 187 105 -81 -21 238 -195 225 -87 -143 -142 78 94 -146 -147 80 126 -165 20 -184 1 -108 127 -45 48 -27 81 4 -133 9 -189 -111 -193 -223 -30 49 152 162 -152 123 205 182 -102 -4 98 154 -176 -249 -76 6 22 64 -125 242 -100 -106 19 -23 67 -208 -121 142 45 146 -148 109 229 57 131 213 12 107 233 122 -250 -55 37 33 -153 207 125 -13 58 -58 51 53 31 -82 190 -57 54 234 -84 156 153 -182 -114 -135 -41 -194 -16 -61 -46 -231 5 -159 -213 -72 -198 185 149 104 -67 192 -53 209 186 46 231 -237 222 -83 -217 -101 221 227 14 110 -73 24 143 -134 -8 -1 3 -35 -11 -212 226 113 -241 72 101 139 145 177 179 150 -15 18 -20 95 -17 -94 -246 -33 224 216 -132 -187 -192 56 129 -64 239 30 -230 90 -104 -149 32 194 -130 124 174 42 -75 -59 -10 -123 2 -238 -190 141 117 -90 87 -207 26 -14 -166 206 240 -71 167 188 -22 -128 -161 -50 -105 223 -103 -203 0 128 75 -200 15 -107 -173 -174 -205 23 -168 135 -18 -236 -48 -221 44 175 217 -202 -150 -3 -211 228 116 52 108 -171 -219 148 11 199 120 -77 210 237 43 34 173 172 112 -240 111 -220 -245 -43 -39 
TEST 199 ARG:227 40 107 58 -211 26 -39 65 234 20 -179 245 47 -82 66 135 -219 -109 -22 -40 122 -95 16 93 -96 212 -222 123 -21 -87 249 -187 82 -20 164 -80 224 106 233 -81 -239 205 114 -225 -229 78 -94 8 125 -209 56 139 -207 -221 81 -100 127 19 -138 226 77 167 -108 -77 -112 -204 -36 -73 -79 136 190 -248 -6 110 -162 -140 -115 138 124 165 -217 148 229 88 -131 160 -235 79 90 242 -180 -197 -54 171 189 22 -58 83 76 222 137 -41 203 113 14 -200 -101 162 -12 -190 -4 84 -89 173 109 -234 60 -191 -244 -26 -220 -188 87 -16 104 -150 101 92 166 86 -145 59 0 -113 63 -64 -237 -9 -236 10 94 147 121 -105 -114 -72 -104 200 126 -227 -212 115 -147 -61 185 -198 67 35 -206 72 21 239 188 195 2 186 38 230 209 -196 -121 -122 -165 244 102 -91 177 216 64 247 182 -245 15 -83 235 -124 -241 197 -194 -25 -153 -65 29 96 -231 220 -126 -44 -133 176 -218 141 163 143 7 131 -203 28 192 -110 -163 -118 228 -29 -70 117 236 -164 133 211 116 -168 128 -119 132 -34 48 -130 217 120 -17 32 -37 -78 184 -111 -60 17 13 52 179 -181 -8 -128 31 1 -154 -137 -24 -214 119 -134 -116 -160 144 134 -57 74 71 154 -19 -53 30 -192 -52 248 -14 146 18 206 -233 -230 100 180 -106 91 50 161 -67 -202 150 95 -47 -143 -170 219 69 -30 158 210 183 140 -3 97 75 218 -74 -186 -84 42 -177 -2 181 -201 -62 -129 45 34 159 6 -159 -117 36 -27 170 213 198 -32 -51 103 108 11 -184 25 194 -45 53 46 -242 68 57 -46 238 172 -103 -146 112 54 99 -69 73 12 4 -49 175 80 -216 178 -178 -15 -136 -28 61 -155 232 -5 237 62 -213 -185 5 223 -132 -48 -226 -228 43 -63 -238 -18 -93 -85 -10 -125 157 -13 -7 -142 -86 -210 169 153 -208 -183 55 -166 193 -161 191 -59 -139 -249 168 -75 -215 -199 -173 41 39 -97 149 -205 -33 -223 -135 -148 89 -68 -102 221 -232 -224 -1 27 -158 -66 208 -156 85 -71 -23 152 44 24 118 214 145 -171 111 129 207 -31 105 -152 -35 23 -151 130 196 187 -247 -38 -120 33 -76 98 70 204 -43 9 -189 156 225 -11 -182 49 231 243 241 -240 -243 -175 -127 202 -56 -246 -157 -123 -167 -169 -92 -141 -144 -90 -50 -176 199 -250 155 -172 -42 51 3 -98 215 -55 -99 -174 -107 240 142 174 201 37 151 -195 246 -149 -88 -193 
TEST 200 ARG:-155 23 225 -216 -102 189 -192 216 -170 59 -89 242 -161 -58 43 -28 -25 11 -132 -219 54 195 246 219 50 215 167 241 227 63 -222 7 -81 -13 -88 202 12 145 -6 -64 221 93 -14 -156 38 -7 143 88 89 -48 65 -173 190 -83 177 112 230 -93 114 226 -201 -52 84 30 -30 223 5 -130 -138 200 139 96 148 -18 239 116 222 -96 -19 -237 -103 123 -191 140 -112 155 16 -247 -243 100 -183 -182 174 109 3 -43 86 237 -135 210 -238 21 -149 22 -250 49 -12 -214 178 74 97 -178 -68 -124 232 -187 -232 128 47 29 -47 -105 46 228 -180 66 -15 111 83 -154 -200 -35 17 -143 1 -116 -49 147 207 -74 -50 229 -146 41 193 -34 141 -224 240 56 -195 133 -148 26 158 144 37 164 -230 -87 -158 -165 122 -131 -164 171 -153 117 78 -94 -4 -61 -134 -1 55 79 152 -59 -73 -175 -126 103 -242 -37 -9 -151 146 -29 -108 24 51 -121 101 75 -75 185 125 -202 28 40 20 61 -245 196 127 -144 -137 -118 -111 150 -65 33 62 238 87 -67 -90 -17 57 102 9 119 -185 163 -160 -3 248 -79 170 159 -122 -22 243 -246 -127 -63 -198 -114 67 -84 211 161 34 81 -32 -190 -128 245 6 -220 -60 131 126 176 -227 107 92 -117 203 98 104 173 224 154 134 -179 -174 220 -159 -113 -142 -211 85 39 -97 115 -212 -248 -157 137 -228 180 -215 249 231 -21 -210 -24 -207 -55 212 209 -56 19 235 -125 206 181 -80 166 204 58 168 -152 76 -172 -44 153 8 25 214 -16 136 45 95 -166 -33 -169 68 -38 -241 -162 53 18 82 184 105 -92 218 -104 -133 -244 110 -99 -23 -193 44 121 179 -53 199 -109 69 -72 -234 -106 -85 -206 120 32 -27 -233 -204 14 73 -31 -78 -221 -51 36 71 -101 -2 -95 -91 -8 -184 -66 236 213 70 -196 2 -226 191 99 187 -26 183 156 244 -46 106 -136 72 13 -69 -115 135 -40 151 205 197 -98 48 -62 -141 -76 -70 -36 0 -181 -231 132 118 52 234 -100 27 -77 -86 64 -188 -145 -71 -140 10 91 -168 -197 -209 -20 -150 217 162 -229 130 -147 -139 80 198 124 -236 186 -205 129 -163 31 -39 -235 -57 -199 -176 4 -239 -10 108 60 15 -177 208 188 -54 -82 -189 -110 -167 -45 169 -208 -203 -218 -11 138 160 -186 -213 -194 90 -223 -217 -42 149 -120 -5 194 175 -240 182 -123 -41 77 -171 94 165 233 172 -129 42 -225 -249 192 113 201 -119 -107 157 247 142 35 
TEST 201 ARG:-3 77 -127 -67 202 -212 52 -56 173 -110 -70 -155 -61 171 -55 177 28 191 145 -12 12 -191 75 -111 209 -128 205 162 220 214 -89 157 219 -101 -107 -233 -91 234 223 -163 100 -135 -174 -78 213 -178 17 -11 -98 -179 -222 -63 103 15 -228 182 163 -243 -144 149 -197 -214 72 -134 179 -118 -207 -194 154 81 47 218 83 4 -151 228 -21 -192 119 35 184 0 -129 -81 -7 185 84 -150 128 82 -206 144 -64 -103 25 -172 172 -153 -199 80 240 27 -241 -220 92 -25 175 -204 161 -117 160 118 208 -42 242 224 78 -65 -189 138 -195 -216 -30 -2 68 115 93 57 -62 135 6 193 63 -166 206 -59 -41 -75 -221 51 16 86 117 1 -32 -147 9 -160 169 43 -167 -113 -242 183 -162 85 -235 -124 146 247 67 102 55 -245 -218 -39 97 -230 -120 112 211 -106 22 110 -9 31 13 46 -34 130 -18 142 248 -5 155 -123 236 61 -200 136 -87 225 -226 126 165 -53 29 132 227 216 106 71 2 -173 140 -47 -237 158 -60 3 18 -50 239 198 33 -217 122 195 168 -176 34 230 8 -170 125 167 215 -37 246 -213 69 99 -1 -238 192 5 -187 66 -130 -148 -122 32 -105 79 -208 200 241 111 -246 -158 -140 190 70 -13 65 -49 194 40 -202 124 -24 -14 -28 -119 -168 -157 -72 -227 -22 -95 -203 -231 -73 -26 -181 148 -182 -82 178 -10 73 -146 -79 74 -141 -250 147 -154 39 -19 19 -27 -165 113 197 -232 -186 -240 -29 91 156 -109 56 88 222 -76 151 -223 -92 50 -239 -85 -69 -35 -164 -88 98 -38 159 -66 170 -248 11 -196 -8 249 7 235 -80 -20 -114 45 108 -215 181 244 -23 107 -138 231 -198 -159 -183 -188 -249 -115 127 -16 -71 188 14 62 123 -94 238 109 -205 23 -161 -225 120 -190 189 -175 49 -40 210 176 -83 187 -93 -116 233 76 153 48 21 141 -44 -169 53 -84 -48 -112 -36 -102 -247 243 -100 -234 60 133 -219 -33 -229 196 121 -51 -137 87 -90 -209 -149 -68 -97 217 -54 152 89 10 64 -156 -131 -58 237 -74 38 -132 101 42 -45 -77 -236 44 -86 36 -125 -46 94 -177 -145 207 96 -6 129 137 174 26 139 -139 -193 90 -152 186 -104 24 -224 232 -142 95 -185 201 58 30 -210 -244 -43 114 104 -133 105 -4 -96 -136 -126 -201 20 -57 54 -121 212 229 199 180 59 131 116 164 134 166 -99 -143 203 -108 -31 -211 150 204 -17 -184 41 -15 221 -52 245 226 -171 143 -180 37 
All size test
OK
